Graph,Machine,Algorithm,TimeToCompute(ms),BspCost,CommCost,Supersteps,WorkCost,avg_wavefront_size,num_edges,num_vertices
instance_kNN_N55_K14_nzP0d15,p16_g4_l20,GreedyRecomputerMask0,2037,3931,2728,25,1203,247.892857,17244,6941
instance_kNN_N55_K14_nzP0d15,p16_g4_l20,GreedyRecomputerMask1,2139,3564,2288,25,1276,247.892857,17244,6941
instance_kNN_N55_K14_nzP0d15,p16_g4_l20,GreedyRecomputerMask3,2468,3451,2124,21,1327,247.892857,17244,6941
instance_kNN_N55_K14_nzP0d15,p16_g4_l20,GreedyRecomputerMask7,3851,3451,2124,21,1327,247.892857,17244,6941
instance_kNN_N55_K14_nzP0d15,p16_g4_l20,GreedyRecomputerMask2,2369,3838,2588,21,1250,247.892857,17244,6941
instance_kNN_N55_K14_nzP0d15,p16_g4_l20,GreedyRecomputerMask4,2861,3931,2728,25,1203,247.892857,17244,6941
instance_kNN_N55_K14_nzP0d15,p16_g4_l20,GreedyBspHC,1827,4435,3232,25,1203,247.892857,17244,6941
instance_exp_N30_K8_nzP0d15,p16_g4_l20,GreedyRecomputerMask0,317,999,768,15,231,87.187500,3024,1395
instance_exp_N30_K8_nzP0d15,p16_g4_l20,GreedyRecomputerMask1,334,921,676,15,245,87.187500,3024,1395
instance_exp_N30_K8_nzP0d15,p16_g4_l20,GreedyRecomputerMask3,391,868,572,12,296,87.187500,3024,1395
instance_exp_N30_K8_nzP0d15,p16_g4_l20,GreedyRecomputerMask7,644,868,572,12,296,87.187500,3024,1395
instance_exp_N30_K8_nzP0d15,p16_g4_l20,GreedyRecomputerMask2,386,939,652,12,287,87.187500,3024,1395
instance_exp_N30_K8_nzP0d15,p16_g4_l20,GreedyRecomputerMask4,394,999,768,15,231,87.187500,3024,1395
instance_exp_N30_K8_nzP0d15,p16_g4_l20,GreedyBspHC,296,1091,860,15,231,87.187500,3024,1395
instance_kNN_N100_K50_nzP0d1,p16_g4_l20,GreedyRecomputerMask0,9366,26757,16868,84,9889,565.210000,151731,56521
instance_kNN_N100_K50_nzP0d1,p16_g4_l20,GreedyRecomputerMask1,11165,25275,15028,84,10247,565.210000,151731,56521
instance_kNN_N100_K50_nzP0d1,p16_g4_l20,GreedyRecomputerMask3,14507,25215,14948,83,10267,565.210000,151731,56521
instance_kNN_N100_K50_nzP0d1,p16_g4_l20,GreedyRecomputerMask7,25656,25215,14948,83,10267,565.210000,151731,56521
instance_kNN_N100_K50_nzP0d1,p16_g4_l20,GreedyRecomputerMask2,13195,26681,16688,82,9993,565.210000,151731,56521
instance_kNN_N100_K50_nzP0d1,p16_g4_l20,GreedyRecomputerMask4,17212,26757,16868,84,9889,565.210000,151731,56521
instance_kNN_N100_K50_nzP0d1,p16_g4_l20,GreedyBspHC,8191,29779,19892,84,9887,565.210000,151731,56521
msc10848,p16_g4_l20,GreedyRecomputerMask0,11418,89130,11068,70,78062,18.386441,609465,10848
msc10848,p16_g4_l20,GreedyRecomputerMask1,15042,88114,9864,70,78250,18.386441,609465,10848
msc10848,p16_g4_l20,GreedyRecomputerMask3,18084,87827,9716,64,78111,18.386441,609465,10848
msc10848,p16_g4_l20,GreedyRecomputerMask7,54890,87827,9716,64,78111,18.386441,609465,10848
msc10848,p16_g4_l20,GreedyRecomputerMask2,14007,88729,10884,63,77845,18.386441,609465,10848
msc10848,p16_g4_l20,GreedyRecomputerMask4,33760,89106,11044,70,78062,18.386441,609465,10848
msc10848,p16_g4_l20,GreedyBspHC,9094,97661,19504,79,78157,18.386441,609465,10848
plants.psdd,p16_g4_l20,GreedyRecomputerMask0,7708,13014,8992,14,4022,3341.473684,167486,63488
plants.psdd,p16_g4_l20,GreedyRecomputerMask1,9841,12568,8412,14,4156,3341.473684,167486,63488
plants.psdd,p16_g4_l20,GreedyRecomputerMask3,14332,11917,7012,12,4905,3341.473684,167486,63488
plants.psdd,p16_g4_l20,GreedyRecomputerMask7,27483,11917,7012,12,4905,3341.473684,167486,63488
plants.psdd,p16_g4_l20,GreedyRecomputerMask2,10799,12401,7532,12,4869,3341.473684,167486,63488
plants.psdd,p16_g4_l20,GreedyRecomputerMask4,16769,13014,8992,14,4022,3341.473684,167486,63488
plants.psdd,p16_g4_l20,GreedyBspHC,6671,14285,10268,14,4017,3341.473684,167486,63488
cvxbqp1,p16_g4_l20,GreedyRecomputerMask0,5612,19168,9692,16,9476,2083.333333,149984,50000
cvxbqp1,p16_g4_l20,GreedyRecomputerMask1,19627,17083,7368,16,9715,2083.333333,149984,50000
cvxbqp1,p16_g4_l20,GreedyRecomputerMask3,21702,17030,7308,13,9722,2083.333333,149984,50000
cvxbqp1,p16_g4_l20,GreedyRecomputerMask7,35176,17030,7308,13,9722,2083.333333,149984,50000
cvxbqp1,p16_g4_l20,GreedyRecomputerMask2,8435,17836,6224,12,11612,2083.333333,149984,50000
cvxbqp1,p16_g4_l20,GreedyRecomputerMask4,14878,19168,9692,16,9476,2083.333333,149984,50000
cvxbqp1,p16_g4_l20,GreedyBspHC,4724,19485,10016,16,9469,2083.333333,149984,50000
asia.uai.psdd,p16_g4_l20,GreedyRecomputerMask0,6,122,112,5,10,8.600000,62,43
asia.uai.psdd,p16_g4_l20,GreedyRecomputerMask1,7,92,80,4,12,8.600000,62,43
asia.uai.psdd,p16_g4_l20,GreedyRecomputerMask3,7,42,0,1,42,8.600000,62,43
asia.uai.psdd,p16_g4_l20,GreedyRecomputerMask7,14,42,0,1,42,8.600000,62,43
asia.uai.psdd,p16_g4_l20,GreedyRecomputerMask2,7,42,0,1,42,8.600000,62,43
asia.uai.psdd,p16_g4_l20,GreedyRecomputerMask4,15,108,96,4,12,8.600000,62,43
asia.uai.psdd,p16_g4_l20,GreedyBspHC,5,130,120,5,10,8.600000,62,43
2cubes_sphere,p16_g4_l20,GreedyRecomputerMask0,909580,466686,289016,8240,177670,7.083473,772886,101492
2cubes_sphere,p16_g4_l20,GreedyRecomputerMask1,927380,464511,286504,8240,178007,7.083473,772886,101492
2cubes_sphere,p16_g4_l20,GreedyRecomputerMask3,950535,433256,252652,6003,180604,7.083473,772886,101492
2cubes_sphere,p16_g4_l20,GreedyRecomputerMask7,1027919,432303,251564,6000,180739,7.083473,772886,101492
2cubes_sphere,p16_g4_l20,GreedyRecomputerMask2,930943,436488,256204,5972,180284,7.083473,772886,101492
2cubes_sphere,p16_g4_l20,GreedyRecomputerMask4,949882,466538,288848,8234,177690,7.083473,772886,101492
2cubes_sphere,p16_g4_l20,GreedyBspHC,906355,558836,381224,8505,177612,7.083473,772886,101492
instance_CG_N21_K5_nzP0d3,p16_g4_l20,GreedyRecomputerMask0,269,2822,2284,35,538,32.000000,3996,1888
instance_CG_N21_K5_nzP0d3,p16_g4_l20,GreedyRecomputerMask1,285,2783,2236,35,547,32.000000,3996,1888
instance_CG_N21_K5_nzP0d3,p16_g4_l20,GreedyRecomputerMask3,418,2649,2064,28,585,32.000000,3996,1888
instance_CG_N21_K5_nzP0d3,p16_g4_l20,GreedyRecomputerMask7,828,2649,2064,28,585,32.000000,3996,1888
instance_CG_N21_K5_nzP0d3,p16_g4_l20,GreedyRecomputerMask2,365,2693,2112,30,581,32.000000,3996,1888
instance_CG_N21_K5_nzP0d3,p16_g4_l20,GreedyRecomputerMask4,475,2788,2236,33,552,32.000000,3996,1888
instance_CG_N21_K5_nzP0d3,p16_g4_l20,GreedyBspHC,241,2974,2436,36,538,32.000000,3996,1888
msnbc-yitao-d.psdd,p16_g4_l20,GreedyRecomputerMask0,702,1660,1388,6,272,848.000000,6908,4240
msnbc-yitao-d.psdd,p16_g4_l20,GreedyRecomputerMask1,870,1332,952,6,380,848.000000,6908,4240
msnbc-yitao-d.psdd,p16_g4_l20,GreedyRecomputerMask3,957,1238,620,4,618,848.000000,6908,4240
msnbc-yitao-d.psdd,p16_g4_l20,GreedyRecomputerMask7,1573,1238,620,4,618,848.000000,6908,4240
msnbc-yitao-d.psdd,p16_g4_l20,GreedyRecomputerMask2,813,1238,620,4,618,848.000000,6908,4240
msnbc-yitao-d.psdd,p16_g4_l20,GreedyRecomputerMask4,959,1660,1388,6,272,848.000000,6908,4240
msnbc-yitao-d.psdd,p16_g4_l20,GreedyBspHC,646,1664,1392,6,272,848.000000,6908,4240
smt,p16_g4_l20,GreedyRecomputerMask0,198818,482298,62812,952,419486,5.519536,1863737,25710
smt,p16_g4_l20,GreedyRecomputerMask1,203588,481677,62112,952,419565,5.519536,1863737,25710
smt,p16_g4_l20,GreedyRecomputerMask3,213741,477357,59436,810,417921,5.519536,1863737,25710
smt,p16_g4_l20,GreedyRecomputerMask7,294770,477396,59424,813,417972,5.519536,1863737,25710
smt,p16_g4_l20,GreedyRecomputerMask2,210052,478086,60264,808,417822,5.519536,1863737,25710
smt,p16_g4_l20,GreedyRecomputerMask4,259659,482103,62616,949,419487,5.519536,1863737,25710
smt,p16_g4_l20,GreedyBspHC,191083,533428,112964,1093,420464,5.519536,1863737,25710
c20ng.psdd,p16_g4_l20,GreedyRecomputerMask0,4321,6393,4740,15,1653,626.731707,56622,25696
c20ng.psdd,p16_g4_l20,GreedyRecomputerMask1,6258,5288,3304,15,1984,626.731707,56622,25696
c20ng.psdd,p16_g4_l20,GreedyRecomputerMask3,7269,5237,3248,13,1989,626.731707,56622,25696
c20ng.psdd,p16_g4_l20,GreedyRecomputerMask7,12655,5238,3248,13,1990,626.731707,56622,25696
c20ng.psdd,p16_g4_l20,GreedyRecomputerMask2,5492,5331,2704,12,2627,626.731707,56622,25696
c20ng.psdd,p16_g4_l20,GreedyRecomputerMask4,8141,6393,4740,15,1653,626.731707,56622,25696
c20ng.psdd,p16_g4_l20,GreedyBspHC,3920,6965,5312,15,1653,626.731707,56622,25696
instance_hpcg,p16_g4_l20,GreedyRecomputerMask0,31388,267194,207468,6236,59726,8.626276,193610,72685
instance_hpcg,p16_g4_l20,GreedyRecomputerMask1,226609,265293,223884,6236,41409,8.626276,193610,72685
instance_hpcg,p16_g4_l20,GreedyRecomputerMask3,348125,156673,10172,229,146501,8.626276,193610,72685
instance_hpcg,p16_g4_l20,GreedyRecomputerMask7,463113,156591,10000,228,146591,8.626276,193610,72685
instance_hpcg,p16_g4_l20,GreedyRecomputerMask2,148266,157102,10136,166,146966,8.626276,193610,72685
instance_hpcg,p16_g4_l20,GreedyRecomputerMask4,43964,267189,207460,6236,59729,8.626276,193610,72685
instance_hpcg,p16_g4_l20,GreedyBspHC,29620,267515,226980,6238,40535,8.626276,193610,72685
instance_CG_N17_K8_nzP0d25,p16_g4_l20,GreedyRecomputerMask0,286,3802,3152,51,650,20.800000,4134,1976
instance_CG_N17_K8_nzP0d25,p16_g4_l20,GreedyRecomputerMask1,301,3756,3100,50,656,20.800000,4134,1976
instance_CG_N17_K8_nzP0d25,p16_g4_l20,GreedyRecomputerMask3,440,3598,2872,41,726,20.800000,4134,1976
instance_CG_N17_K8_nzP0d25,p16_g4_l20,GreedyRecomputerMask7,876,3586,2860,41,726,20.800000,4134,1976
instance_CG_N17_K8_nzP0d25,p16_g4_l20,GreedyRecomputerMask2,454,3599,2836,38,763,20.800000,4134,1976
instance_CG_N17_K8_nzP0d25,p16_g4_l20,GreedyRecomputerMask4,608,3775,3112,49,663,20.800000,4134,1976
instance_CG_N17_K8_nzP0d25,p16_g4_l20,GreedyBspHC,257,3925,3276,54,649,20.800000,4134,1976
kdd-6k.psdd,p16_g4_l20,GreedyRecomputerMask0,435,1137,956,11,181,134.300000,6527,2686
kdd-6k.psdd,p16_g4_l20,GreedyRecomputerMask1,489,1010,788,11,222,134.300000,6527,2686
kdd-6k.psdd,p16_g4_l20,GreedyRecomputerMask3,594,987,760,10,227,134.300000,6527,2686
kdd-6k.psdd,p16_g4_l20,GreedyRecomputerMask7,1263,983,752,10,231,134.300000,6527,2686
kdd-6k.psdd,p16_g4_l20,GreedyRecomputerMask2,513,1057,836,10,221,134.300000,6527,2686
kdd-6k.psdd,p16_g4_l20,GreedyRecomputerMask4,765,1134,952,11,182,134.300000,6527,2686
kdd-6k.psdd,p16_g4_l20,GreedyBspHC,401,1329,1148,11,181,134.300000,6527,2686
instance_spmv_N300_nzP0d3,p16_g4_l20,GreedyRecomputerMask0,8024,14288,7528,3,6760,27150.000000,80550,54300
instance_spmv_N300_nzP0d3,p16_g4_l20,GreedyRecomputerMask1,10276,13565,6564,3,7001,27150.000000,80550,54300
instance_spmv_N300_nzP0d3,p16_g4_l20,GreedyRecomputerMask3,11322,11790,0,1,11790,27150.000000,80550,54300
instance_spmv_N300_nzP0d3,p16_g4_l20,GreedyRecomputerMask7,19792,11790,0,1,11790,27150.000000,80550,54300
instance_spmv_N300_nzP0d3,p16_g4_l20,GreedyRecomputerMask2,9429,11790,0,1,11790,27150.000000,80550,54300
instance_spmv_N300_nzP0d3,p16_g4_l20,GreedyRecomputerMask4,15690,14288,7528,3,6760,27150.000000,80550,54300
instance_spmv_N300_nzP0d3,p16_g4_l20,GreedyBspHC,7211,14364,7604,3,6760,27150.000000,80550,54300
instance_exp_N70_K5_nzP0d18,p16_g4_l20,GreedyRecomputerMask0,1104,2965,2068,10,897,555.000000,12825,5550
instance_exp_N70_K5_nzP0d18,p16_g4_l20,GreedyRecomputerMask1,1363,2521,1492,10,1029,555.000000,12825,5550
instance_exp_N70_K5_nzP0d18,p16_g4_l20,GreedyRecomputerMask3,1786,2422,1192,8,1230,555.000000,12825,5550
instance_exp_N70_K5_nzP0d18,p16_g4_l20,GreedyRecomputerMask7,3384,2422,1192,8,1230,555.000000,12825,5550
instance_exp_N70_K5_nzP0d18,p16_g4_l20,GreedyRecomputerMask2,1453,2712,1544,8,1168,555.000000,12825,5550
instance_exp_N70_K5_nzP0d18,p16_g4_l20,GreedyRecomputerMask4,1461,2965,2068,10,897,555.000000,12825,5550
instance_exp_N70_K5_nzP0d18,p16_g4_l20,GreedyBspHC,1002,3137,2240,10,897,555.000000,12825,5550
asia-bdd.psdd,p16_g4_l20,GreedyRecomputerMask0,13,170,152,6,18,7.142857,104,50
asia-bdd.psdd,p16_g4_l20,GreedyRecomputerMask1,13,135,112,5,23,7.142857,104,50
asia-bdd.psdd,p16_g4_l20,GreedyRecomputerMask3,14,49,0,1,49,7.142857,104,50
asia-bdd.psdd,p16_g4_l20,GreedyRecomputerMask7,23,49,0,1,49,7.142857,104,50
asia-bdd.psdd,p16_g4_l20,GreedyRecomputerMask2,14,49,0,1,49,7.142857,104,50
asia-bdd.psdd,p16_g4_l20,GreedyRecomputerMask4,20,170,152,6,18,7.142857,104,50
asia-bdd.psdd,p16_g4_l20,GreedyBspHC,12,180,164,6,16,7.142857,104,50
instance_CG_N12_K10_nzP0d2,p16_g4_l20,GreedyRecomputerMask0,167,3882,3316,62,566,12.831933,3089,1527
instance_CG_N12_K10_nzP0d2,p16_g4_l20,GreedyRecomputerMask1,181,3845,3276,61,569,12.831933,3089,1527
instance_CG_N12_K10_nzP0d2,p16_g4_l20,GreedyRecomputerMask3,321,2842,2208,33,634,12.831933,3089,1527
instance_CG_N12_K10_nzP0d2,p16_g4_l20,GreedyRecomputerMask7,606,2791,2156,33,635,12.831933,3089,1527
instance_CG_N12_K10_nzP0d2,p16_g4_l20,GreedyRecomputerMask2,312,2890,2272,34,618,12.831933,3089,1527
instance_CG_N12_K10_nzP0d2,p16_g4_l20,GreedyRecomputerMask4,422,3865,3292,61,573,12.831933,3089,1527
instance_CG_N12_K10_nzP0d2,p16_g4_l20,GreedyBspHC,147,4014,3448,63,566,12.831933,3089,1527
instance_bicgstab_gyro_m,p16_g4_l20,GreedyRecomputerMask0,908170,148596,110000,3709,38596,4.970294,80373,50195
instance_bicgstab_gyro_m,p16_g4_l20,GreedyRecomputerMask1,909450,148569,109972,3708,38597,4.970294,80373,50195
instance_bicgstab_gyro_m,p16_g4_l20,GreedyRecomputerMask3,918105,91548,44648,892,46900,4.970294,80373,50195
instance_bicgstab_gyro_m,p16_g4_l20,GreedyRecomputerMask7,960853,89118,39188,801,49930,4.970294,80373,50195
instance_bicgstab_gyro_m,p16_g4_l20,GreedyRecomputerMask2,913254,101836,54808,858,47028,4.970294,80373,50195
instance_bicgstab_gyro_m,p16_g4_l20,GreedyRecomputerMask4,921233,137958,99020,3280,38938,4.970294,80373,50195
instance_bicgstab_gyro_m,p16_g4_l20,GreedyBspHC,906973,160096,121500,4867,38596,4.970294,80373,50195
instance_CG_N24_K22_nzP0d2,p16_g4_l20,GreedyRecomputerMask0,1163,12889,10560,153,2329,28.072243,16145,7383
instance_CG_N24_K22_nzP0d2,p16_g4_l20,GreedyRecomputerMask1,1213,12845,10508,153,2337,28.072243,16145,7383
instance_CG_N24_K22_nzP0d2,p16_g4_l20,GreedyRecomputerMask3,1544,12704,10312,144,2392,28.072243,16145,7383
instance_CG_N24_K22_nzP0d2,p16_g4_l20,GreedyRecomputerMask7,2710,12704,10312,144,2392,28.072243,16145,7383
instance_CG_N24_K22_nzP0d2,p16_g4_l20,GreedyRecomputerMask2,1532,12735,10344,144,2391,28.072243,16145,7383
instance_CG_N24_K22_nzP0d2,p16_g4_l20,GreedyRecomputerMask4,1964,12871,10536,152,2335,28.072243,16145,7383
instance_CG_N24_K22_nzP0d2,p16_g4_l20,GreedyBspHC,1062,13137,10808,156,2329,28.072243,16145,7383
instance_exp_N30_K10_nzP0d18,p16_g4_l20,GreedyRecomputerMask0,280,1309,984,18,325,97.500000,4443,1950
instance_exp_N30_K10_nzP0d18,p16_g4_l20,GreedyRecomputerMask1,321,1201,848,18,353,97.500000,4443,1950
instance_exp_N30_K10_nzP0d18,p16_g4_l20,GreedyRecomputerMask3,397,1150,760,16,390,97.500000,4443,1950
instance_exp_N30_K10_nzP0d18,p16_g4_l20,GreedyRecomputerMask7,745,1150,760,16,390,97.500000,4443,1950
instance_exp_N30_K10_nzP0d18,p16_g4_l20,GreedyRecomputerMask2,345,1250,872,16,378,97.500000,4443,1950
instance_exp_N30_K10_nzP0d18,p16_g4_l20,GreedyRecomputerMask4,387,1309,984,18,325,97.500000,4443,1950
instance_exp_N30_K10_nzP0d18,p16_g4_l20,GreedyBspHC,249,1453,1128,18,325,97.500000,4443,1950
msnbc-yitao-b.psdd,p16_g4_l20,GreedyRecomputerMask0,1048,2147,1724,6,423,1318.000000,8870,6590
msnbc-yitao-b.psdd,p16_g4_l20,GreedyRecomputerMask1,1449,1645,1056,6,589,1318.000000,8870,6590
msnbc-yitao-b.psdd,p16_g4_l20,GreedyRecomputerMask3,1576,1525,620,4,905,1318.000000,8870,6590
msnbc-yitao-b.psdd,p16_g4_l20,GreedyRecomputerMask7,2525,1525,620,4,905,1318.000000,8870,6590
msnbc-yitao-b.psdd,p16_g4_l20,GreedyRecomputerMask2,1208,1525,620,4,905,1318.000000,8870,6590
msnbc-yitao-b.psdd,p16_g4_l20,GreedyRecomputerMask4,1439,2147,1724,6,423,1318.000000,8870,6590
msnbc-yitao-b.psdd,p16_g4_l20,GreedyBspHC,959,2163,1740,6,423,1318.000000,8870,6590
nltcs.psdd,p16_g4_l20,GreedyRecomputerMask0,437,1965,1664,7,301,584.500000,10592,4676
nltcs.psdd,p16_g4_l20,GreedyRecomputerMask1,530,1812,1468,6,344,584.500000,10592,4676
nltcs.psdd,p16_g4_l20,GreedyRecomputerMask3,693,1665,1228,5,437,584.500000,10592,4676
nltcs.psdd,p16_g4_l20,GreedyRecomputerMask7,1520,1665,1228,5,437,584.500000,10592,4676
nltcs.psdd,p16_g4_l20,GreedyRecomputerMask2,560,1685,1252,5,433,584.500000,10592,4676
nltcs.psdd,p16_g4_l20,GreedyRecomputerMask4,999,1965,1664,7,301,584.500000,10592,4676
nltcs.psdd,p16_g4_l20,GreedyBspHC,374,2005,1704,7,301,584.500000,10592,4676
bodyy4,p16_g4_l20,GreedyRecomputerMask0,638,12683,7816,120,4867,25.209770,52196,17546
bodyy4,p16_g4_l20,GreedyRecomputerMask1,760,12648,7776,120,4872,25.209770,52196,17546
bodyy4,p16_g4_l20,GreedyRecomputerMask3,1803,12363,7320,98,5043,25.209770,52196,17546
bodyy4,p16_g4_l20,GreedyRecomputerMask7,7466,12276,7188,97,5088,25.209770,52196,17546
bodyy4,p16_g4_l20,GreedyRecomputerMask2,1795,12386,7356,98,5030,25.209770,52196,17546
bodyy4,p16_g4_l20,GreedyRecomputerMask4,2846,12666,7768,120,4898,25.209770,52196,17546
bodyy4,p16_g4_l20,GreedyBspHC,417,14124,9260,120,4864,25.209770,52196,17546
msnbc-yitao-a.psdd,p16_g4_l20,GreedyRecomputerMask0,1043,2187,1760,6,427,1336.400000,8926,6682
msnbc-yitao-a.psdd,p16_g4_l20,GreedyRecomputerMask1,1433,1701,1112,6,589,1336.400000,8926,6682
msnbc-yitao-a.psdd,p16_g4_l20,GreedyRecomputerMask3,1561,1583,648,4,935,1336.400000,8926,6682
msnbc-yitao-a.psdd,p16_g4_l20,GreedyRecomputerMask7,2530,1583,648,4,935,1336.400000,8926,6682
msnbc-yitao-a.psdd,p16_g4_l20,GreedyRecomputerMask2,1208,1583,648,4,935,1336.400000,8926,6682
msnbc-yitao-a.psdd,p16_g4_l20,GreedyRecomputerMask4,1436,2187,1760,6,427,1336.400000,8926,6682
msnbc-yitao-a.psdd,p16_g4_l20,GreedyBspHC,954,2187,1760,6,427,1336.400000,8926,6682
simple2.2.psdd,p16_g4_l20,GreedyRecomputerMask0,0,4,0,1,4,7.000000,3,7
simple2.2.psdd,p16_g4_l20,GreedyRecomputerMask1,0,4,0,1,4,7.000000,3,7
simple2.2.psdd,p16_g4_l20,GreedyRecomputerMask3,0,4,0,1,4,7.000000,3,7
simple2.2.psdd,p16_g4_l20,GreedyRecomputerMask7,1,4,0,1,4,7.000000,3,7
simple2.2.psdd,p16_g4_l20,GreedyRecomputerMask2,0,4,0,1,4,7.000000,3,7
simple2.2.psdd,p16_g4_l20,GreedyRecomputerMask4,0,4,0,1,4,7.000000,3,7
simple2.2.psdd,p16_g4_l20,GreedyBspHC,0,4,0,1,4,7.000000,3,7
simple2.3.psdd,p16_g4_l20,GreedyRecomputerMask0,0,4,0,1,4,7.000000,3,7
simple2.3.psdd,p16_g4_l20,GreedyRecomputerMask1,0,4,0,1,4,7.000000,3,7
simple2.3.psdd,p16_g4_l20,GreedyRecomputerMask3,0,4,0,1,4,7.000000,3,7
simple2.3.psdd,p16_g4_l20,GreedyRecomputerMask7,1,4,0,1,4,7.000000,3,7
simple2.3.psdd,p16_g4_l20,GreedyRecomputerMask2,0,4,0,1,4,7.000000,3,7
simple2.3.psdd,p16_g4_l20,GreedyRecomputerMask4,0,4,0,1,4,7.000000,3,7
simple2.3.psdd,p16_g4_l20,GreedyBspHC,0,4,0,1,4,7.000000,3,7
bcsstk38,p16_g4_l20,GreedyRecomputerMask0,16295,82968,19260,337,63708,3.681027,173714,8032
bcsstk38,p16_g4_l20,GreedyRecomputerMask1,16583,82817,19080,337,63737,3.681027,173714,8032
bcsstk38,p16_g4_l20,GreedyRecomputerMask3,17649,81563,17836,277,63727,3.681027,173714,8032
bcsstk38,p16_g4_l20,GreedyRecomputerMask7,26020,81532,17812,277,63720,3.681027,173714,8032
bcsstk38,p16_g4_l20,GreedyRecomputerMask2,17630,81741,18048,277,63693,3.681027,173714,8032
bcsstk38,p16_g4_l20,GreedyRecomputerMask4,22722,82895,19188,336,63707,3.681027,173714,8032
bcsstk38,p16_g4_l20,GreedyBspHC,15792,90242,26456,421,63786,3.681027,173714,8032
bnetflix.psdd,p16_g4_l20,GreedyRecomputerMask0,2161,4116,3132,13,984,730.476190,40736,15340
bnetflix.psdd,p16_g4_l20,GreedyRecomputerMask1,2650,3719,2616,13,1103,730.476190,40736,15340
bnetflix.psdd,p16_g4_l20,GreedyRecomputerMask3,3319,3446,1724,9,1722,730.476190,40736,15340
bnetflix.psdd,p16_g4_l20,GreedyRecomputerMask7,6710,3446,1724,9,1722,730.476190,40736,15340
bnetflix.psdd,p16_g4_l20,GreedyRecomputerMask2,2919,3680,1976,9,1704,730.476190,40736,15340
bnetflix.psdd,p16_g4_l20,GreedyRecomputerMask4,4286,4116,3132,13,984,730.476190,40736,15340
bnetflix.psdd,p16_g4_l20,GreedyBspHC,1894,4492,3508,13,984,730.476190,40736,15340
cr52.psdd,p16_g4_l20,GreedyRecomputerMask0,3281,5482,4044,14,1438,543.780488,46968,22295
cr52.psdd,p16_g4_l20,GreedyRecomputerMask1,4967,4476,2716,14,1760,543.780488,46968,22295
cr52.psdd,p16_g4_l20,GreedyRecomputerMask3,5830,4440,2672,13,1768,543.780488,46968,22295
cr52.psdd,p16_g4_l20,GreedyRecomputerMask7,10379,4440,2672,13,1768,543.780488,46968,22295
cr52.psdd,p16_g4_l20,GreedyRecomputerMask2,4283,4605,2140,12,2465,543.780488,46968,22295
cr52.psdd,p16_g4_l20,GreedyRecomputerMask4,6518,5482,4044,14,1438,543.780488,46968,22295
cr52.psdd,p16_g4_l20,GreedyBspHC,2946,5862,4424,14,1438,543.780488,46968,22295
bcsstk23,p16_g4_l20,GreedyRecomputerMask0,712,5738,3704,76,2034,25.274194,21022,3134
bcsstk23,p16_g4_l20,GreedyRecomputerMask1,752,5730,3696,76,2034,25.274194,21022,3134
bcsstk23,p16_g4_l20,GreedyRecomputerMask3,965,5648,3540,71,2108,25.274194,21022,3134
bcsstk23,p16_g4_l20,GreedyRecomputerMask7,1927,5648,3540,71,2108,25.274194,21022,3134
bcsstk23,p16_g4_l20,GreedyRecomputerMask2,947,5672,3620,73,2052,25.274194,21022,3134
bcsstk23,p16_g4_l20,GreedyRecomputerMask4,1019,5738,3704,76,2034,25.274194,21022,3134
bcsstk23,p16_g4_l20,GreedyBspHC,611,6694,4660,76,2034,25.274194,21022,3134
instance_kNN_N70_K7_nzP0d16,p16_g4_l20,GreedyRecomputerMask0,1159,2826,1980,13,846,373.428571,11991,5228
instance_kNN_N70_K7_nzP0d16,p16_g4_l20,GreedyRecomputerMask1,1306,2473,1540,12,933,373.428571,11991,5228
instance_kNN_N70_K7_nzP0d16,p16_g4_l20,GreedyRecomputerMask3,1448,2473,1540,12,933,373.428571,11991,5228
instance_kNN_N70_K7_nzP0d16,p16_g4_l20,GreedyRecomputerMask7,2163,2473,1540,12,933,373.428571,11991,5228
instance_kNN_N70_K7_nzP0d16,p16_g4_l20,GreedyRecomputerMask2,1463,2736,1776,10,960,373.428571,11991,5228
instance_kNN_N70_K7_nzP0d16,p16_g4_l20,GreedyRecomputerMask4,1854,2826,1980,13,846,373.428571,11991,5228
instance_kNN_N70_K7_nzP0d16,p16_g4_l20,GreedyBspHC,1063,3102,2256,13,846,373.428571,11991,5228
exp-D15-N1000-C4.psdd,p16_g4_l20,GreedyRecomputerMask0,3,88,80,4,8,7.500000,28,30
exp-D15-N1000-C4.psdd,p16_g4_l20,GreedyRecomputerMask1,4,65,56,3,9,7.500000,28,30
exp-D15-N1000-C4.psdd,p16_g4_l20,GreedyRecomputerMask3,4,29,0,1,29,7.500000,28,30
exp-D15-N1000-C4.psdd,p16_g4_l20,GreedyRecomputerMask7,8,29,0,1,29,7.500000,28,30
exp-D15-N1000-C4.psdd,p16_g4_l20,GreedyRecomputerMask2,4,29,0,1,29,7.500000,28,30
exp-D15-N1000-C4.psdd,p16_g4_l20,GreedyRecomputerMask4,5,88,80,4,8,7.500000,28,30
exp-D15-N1000-C4.psdd,p16_g4_l20,GreedyBspHC,3,88,80,4,8,7.500000,28,30
cwebkb.psdd,p16_g4_l20,GreedyRecomputerMask0,3584,5865,4392,16,1473,633.916667,50251,22821
cwebkb.psdd,p16_g4_l20,GreedyRecomputerMask1,5260,4872,3068,16,1804,633.916667,50251,22821
cwebkb.psdd,p16_g4_l20,GreedyRecomputerMask3,6193,4800,2984,13,1816,633.916667,50251,22821
cwebkb.psdd,p16_g4_l20,GreedyRecomputerMask7,11027,4800,2984,13,1816,633.916667,50251,22821
cwebkb.psdd,p16_g4_l20,GreedyRecomputerMask2,4645,5010,2592,12,2418,633.916667,50251,22821
cwebkb.psdd,p16_g4_l20,GreedyRecomputerMask4,6998,5865,4392,16,1473,633.916667,50251,22821
cwebkb.psdd,p16_g4_l20,GreedyBspHC,3220,6146,4692,16,1454,633.916667,50251,22821
instance_exp_N50_K12_nzP0d15,p16_g4_l20,GreedyRecomputerMask0,1112,3152,2224,23,928,226.416667,13248,5434
instance_exp_N50_K12_nzP0d15,p16_g4_l20,GreedyRecomputerMask1,1217,2907,1928,23,979,226.416667,13248,5434
instance_exp_N50_K12_nzP0d15,p16_g4_l20,GreedyRecomputerMask3,1489,2763,1680,20,1083,226.416667,13248,5434
instance_exp_N50_K12_nzP0d15,p16_g4_l20,GreedyRecomputerMask7,2559,2763,1680,20,1083,226.416667,13248,5434
instance_exp_N50_K12_nzP0d15,p16_g4_l20,GreedyRecomputerMask2,1431,3003,1956,20,1047,226.416667,13248,5434
instance_exp_N50_K12_nzP0d15,p16_g4_l20,GreedyRecomputerMask4,1440,3152,2224,23,928,226.416667,13248,5434
instance_exp_N50_K12_nzP0d15,p16_g4_l20,GreedyBspHC,1025,3508,2580,23,928,226.416667,13248,5434
msc23052,p16_g4_l20,GreedyRecomputerMask0,4677,44064,7648,11,36416,120.691099,565881,23052
msc23052,p16_g4_l20,GreedyRecomputerMask1,10973,42991,6136,11,36855,120.691099,565881,23052
msc23052,p16_g4_l20,GreedyRecomputerMask3,14205,42863,6100,8,36763,120.691099,565881,23052
msc23052,p16_g4_l20,GreedyRecomputerMask7,47562,42863,6100,8,36763,120.691099,565881,23052
msc23052,p16_g4_l20,GreedyRecomputerMask2,8063,43913,7612,8,36301,120.691099,565881,23052
msc23052,p16_g4_l20,GreedyRecomputerMask4,21506,44064,7648,11,36416,120.691099,565881,23052
msc23052,p16_g4_l20,GreedyBspHC,2618,44997,8576,15,36421,120.691099,565881,23052
instance_CG_N12_K6_nzP0d3,p16_g4_l20,GreedyRecomputerMask0,134,2417,2060,39,357,15.028169,2179,1067
instance_CG_N12_K6_nzP0d3,p16_g4_l20,GreedyRecomputerMask1,143,2401,2040,39,361,15.028169,2179,1067
instance_CG_N12_K6_nzP0d3,p16_g4_l20,GreedyRecomputerMask3,205,2068,1628,25,440,15.028169,2179,1067
instance_CG_N12_K6_nzP0d3,p16_g4_l20,GreedyRecomputerMask7,392,2067,1624,25,443,15.028169,2179,1067
instance_CG_N12_K6_nzP0d3,p16_g4_l20,GreedyRecomputerMask2,200,2076,1636,25,440,15.028169,2179,1067
instance_CG_N12_K6_nzP0d3,p16_g4_l20,GreedyRecomputerMask4,250,2416,2056,39,360,15.028169,2179,1067
instance_CG_N12_K6_nzP0d3,p16_g4_l20,GreedyBspHC,119,2489,2132,39,357,15.028169,2179,1067
ship_001,p16_g4_l20,GreedyRecomputerMask0,105230,462328,63016,633,399312,7.117815,2304655,34920
ship_001,p16_g4_l20,GreedyRecomputerMask1,109062,462071,62752,633,399319,7.117815,2304655,34920
ship_001,p16_g4_l20,GreedyRecomputerMask3,119272,460536,62128,578,398408,7.117815,2304655,34920
ship_001,p16_g4_l20,GreedyRecomputerMask7,219104,460468,62060,578,398408,7.117815,2304655,34920
ship_001,p16_g4_l20,GreedyRecomputerMask2,117895,460749,62364,575,398385,7.117815,2304655,34920
ship_001,p16_g4_l20,GreedyRecomputerMask4,182075,462280,62968,633,399312,7.117815,2304655,34920
ship_001,p16_g4_l20,GreedyBspHC,96170,511997,111636,731,400361,7.117815,2304655,34920
instance_kNN_N50_K4_nzP0d18,p16_g4_l20,GreedyRecomputerMask0,264,796,568,8,228,192.625000,2763,1541
instance_kNN_N50_K4_nzP0d18,p16_g4_l20,GreedyRecomputerMask1,280,694,444,7,250,192.625000,2763,1541
instance_kNN_N50_K4_nzP0d18,p16_g4_l20,GreedyRecomputerMask3,340,633,360,5,273,192.625000,2763,1541
instance_kNN_N50_K4_nzP0d18,p16_g4_l20,GreedyRecomputerMask7,618,633,360,5,273,192.625000,2763,1541
instance_kNN_N50_K4_nzP0d18,p16_g4_l20,GreedyRecomputerMask2,333,707,400,4,307,192.625000,2763,1541
instance_kNN_N50_K4_nzP0d18,p16_g4_l20,GreedyRecomputerMask4,344,796,568,8,228,192.625000,2763,1541
instance_kNN_N50_K4_nzP0d18,p16_g4_l20,GreedyBspHC,241,912,684,8,228,192.625000,2763,1541
instance_spmv_N60_nzP0d15,p16_g4_l20,GreedyRecomputerMask0,172,467,324,3,143,585.000000,1575,1170
instance_spmv_N60_nzP0d15,p16_g4_l20,GreedyRecomputerMask1,194,343,176,3,167,585.000000,1575,1170
instance_spmv_N60_nzP0d15,p16_g4_l20,GreedyRecomputerMask3,213,276,0,1,276,585.000000,1575,1170
instance_spmv_N60_nzP0d15,p16_g4_l20,GreedyRecomputerMask7,356,276,0,1,276,585.000000,1575,1170
instance_spmv_N60_nzP0d15,p16_g4_l20,GreedyRecomputerMask2,197,276,0,1,276,585.000000,1575,1170
instance_spmv_N60_nzP0d15,p16_g4_l20,GreedyRecomputerMask4,296,467,324,3,143,585.000000,1575,1170
instance_spmv_N60_nzP0d15,p16_g4_l20,GreedyBspHC,157,475,332,3,143,585.000000,1575,1170
msnbc-yitao-e.psdd,p16_g4_l20,GreedyRecomputerMask0,853,1986,1652,6,334,1043.200000,8074,5216
msnbc-yitao-e.psdd,p16_g4_l20,GreedyRecomputerMask1,1113,1579,1116,6,463,1043.200000,8074,5216
msnbc-yitao-e.psdd,p16_g4_l20,GreedyRecomputerMask3,1289,1467,724,4,743,1043.200000,8074,5216
msnbc-yitao-e.psdd,p16_g4_l20,GreedyRecomputerMask7,2423,1467,724,4,743,1043.200000,8074,5216
msnbc-yitao-e.psdd,p16_g4_l20,GreedyRecomputerMask2,1059,1467,724,4,743,1043.200000,8074,5216
msnbc-yitao-e.psdd,p16_g4_l20,GreedyRecomputerMask4,1172,1986,1652,6,334,1043.200000,8074,5216
msnbc-yitao-e.psdd,p16_g4_l20,GreedyBspHC,784,1998,1664,6,334,1043.200000,8074,5216
instance_CG_N9_K9_nzP0d35,p16_g4_l20,GreedyRecomputerMask0,168,3154,2656,55,498,10.271028,2242,1099
instance_CG_N9_K9_nzP0d35,p16_g4_l20,GreedyRecomputerMask1,176,3140,2640,55,500,10.271028,2242,1099
instance_CG_N9_K9_nzP0d35,p16_g4_l20,GreedyRecomputerMask3,269,2893,2052,34,841,10.271028,2242,1099
instance_CG_N9_K9_nzP0d35,p16_g4_l20,GreedyRecomputerMask7,537,2880,2036,34,844,10.271028,2242,1099
instance_CG_N9_K9_nzP0d35,p16_g4_l20,GreedyRecomputerMask2,263,2907,2068,34,839,10.271028,2242,1099
instance_CG_N9_K9_nzP0d35,p16_g4_l20,GreedyRecomputerMask4,294,3153,2652,55,501,10.271028,2242,1099
instance_CG_N9_K9_nzP0d35,p16_g4_l20,GreedyBspHC,154,3249,2752,56,497,10.271028,2242,1099
instance_exp_N55_K14_nzP0d15,p16_g4_l20,GreedyRecomputerMask0,1491,4102,2872,26,1230,258.214286,17934,7230
instance_exp_N55_K14_nzP0d15,p16_g4_l20,GreedyRecomputerMask1,1709,3657,2332,26,1325,258.214286,17934,7230
instance_exp_N55_K14_nzP0d15,p16_g4_l20,GreedyRecomputerMask3,2004,3567,2148,23,1419,258.214286,17934,7230
instance_exp_N55_K14_nzP0d15,p16_g4_l20,GreedyRecomputerMask7,3469,3567,2148,23,1419,258.214286,17934,7230
instance_exp_N55_K14_nzP0d15,p16_g4_l20,GreedyRecomputerMask2,1893,3930,2568,23,1362,258.214286,17934,7230
instance_exp_N55_K14_nzP0d15,p16_g4_l20,GreedyRecomputerMask4,2412,4102,2872,26,1230,258.214286,17934,7230
instance_exp_N55_K14_nzP0d15,p16_g4_l20,GreedyBspHC,1329,4550,3324,26,1226,258.214286,17934,7230
tretail.psdd,p16_g4_l20,GreedyRecomputerMask0,523,1223,1024,12,199,141.100000,6382,2822
tretail.psdd,p16_g4_l20,GreedyRecomputerMask1,602,1002,740,11,262,141.100000,6382,2822
tretail.psdd,p16_g4_l20,GreedyRecomputerMask3,705,927,548,9,379,141.100000,6382,2822
tretail.psdd,p16_g4_l20,GreedyRecomputerMask7,1259,927,548,9,379,141.100000,6382,2822
tretail.psdd,p16_g4_l20,GreedyRecomputerMask2,646,1001,632,9,369,141.100000,6382,2822
tretail.psdd,p16_g4_l20,GreedyRecomputerMask4,686,1223,1024,12,199,141.100000,6382,2822
tretail.psdd,p16_g4_l20,GreedyBspHC,479,1307,1108,12,199,141.100000,6382,2822
msc01440,p16_g4_l20,GreedyRecomputerMask0,1602,4463,1772,28,2691,24.000000,22415,1440
msc01440,p16_g4_l20,GreedyRecomputerMask1,1729,4192,1488,28,2704,24.000000,22415,1440
msc01440,p16_g4_l20,GreedyRecomputerMask3,1818,4189,1468,27,2721,24.000000,22415,1440
msc01440,p16_g4_l20,GreedyRecomputerMask7,2698,4189,1468,27,2721,24.000000,22415,1440
msc01440,p16_g4_l20,GreedyRecomputerMask2,1753,4423,1656,25,2767,24.000000,22415,1440
msc01440,p16_g4_l20,GreedyRecomputerMask4,2166,4463,1772,28,2691,24.000000,22415,1440
msc01440,p16_g4_l20,GreedyBspHC,1512,5017,2324,37,2693,24.000000,22415,1440
instance_exp_N44_K5_nzP0d15,p16_g4_l20,GreedyRecomputerMask0,277,1112,808,10,304,193.200000,4170,1932
instance_exp_N44_K5_nzP0d15,p16_g4_l20,GreedyRecomputerMask1,309,987,648,10,339,193.200000,4170,1932
instance_exp_N44_K5_nzP0d15,p16_g4_l20,GreedyRecomputerMask3,396,927,508,8,419,193.200000,4170,1932
instance_exp_N44_K5_nzP0d15,p16_g4_l20,GreedyRecomputerMask7,770,927,508,8,419,193.200000,4170,1932
instance_exp_N44_K5_nzP0d15,p16_g4_l20,GreedyRecomputerMask2,380,1018,612,8,406,193.200000,4170,1932
instance_exp_N44_K5_nzP0d15,p16_g4_l20,GreedyRecomputerMask4,385,1112,808,10,304,193.200000,4170,1932
instance_exp_N44_K5_nzP0d15,p16_g4_l20,GreedyBspHC,245,1212,908,10,304,193.200000,4170,1932
bmw7st_1,p16_g4_l20,GreedyRecomputerMask0,18259,255407,25684,35,229723,200.208215,3599160,141347
bmw7st_1,p16_g4_l20,GreedyRecomputerMask1,41962,254157,23992,35,230165,200.208215,3599160,141347
bmw7st_1,p16_g4_l20,GreedyRecomputerMask3,57520,254046,23908,30,230138,200.208215,3599160,141347
bmw7st_1,p16_g4_l20,GreedyRecomputerMask7,212853,254046,23908,30,230138,200.208215,3599160,141347
bmw7st_1,p16_g4_l20,GreedyRecomputerMask2,46090,255281,25576,30,229705,200.208215,3599160,141347
bmw7st_1,p16_g4_l20,GreedyRecomputerMask4,124124,255407,25684,35,229723,200.208215,3599160,141347
bmw7st_1,p16_g4_l20,GreedyBspHC,9237,258450,28724,37,229726,200.208215,3599160,141347
ex3,p16_g4_l20,GreedyRecomputerMask0,500,16335,4148,61,12187,3.234458,25432,1821
ex3,p16_g4_l20,GreedyRecomputerMask1,553,16271,4084,61,12187,3.234458,25432,1821
ex3,p16_g4_l20,GreedyRecomputerMask3,718,16042,3844,53,12198,3.234458,25432,1821
ex3,p16_g4_l20,GreedyRecomputerMask7,2037,15990,3792,53,12198,3.234458,25432,1821
ex3,p16_g4_l20,GreedyRecomputerMask2,639,16078,3868,53,12210,3.234458,25432,1821
ex3,p16_g4_l20,GreedyRecomputerMask4,1487,16233,4040,60,12193,3.234458,25432,1821
ex3,p16_g4_l20,GreedyBspHC,443,17224,5108,72,12116,3.234458,25432,1821
ct20stif,p16_g4_l20,GreedyRecomputerMask0,20873,113649,20748,160,92901,39.345113,1323067,52329
ct20stif,p16_g4_l20,GreedyRecomputerMask1,24497,113169,20168,160,93001,39.345113,1323067,52329
ct20stif,p16_g4_l20,GreedyRecomputerMask3,32308,112753,19848,143,92905,39.345113,1323067,52329
ct20stif,p16_g4_l20,GreedyRecomputerMask7,96736,112754,19848,143,92906,39.345113,1323067,52329
ct20stif,p16_g4_l20,GreedyRecomputerMask2,30268,113285,20480,144,92805,39.345113,1323067,52329
ct20stif,p16_g4_l20,GreedyRecomputerMask4,53755,113649,20748,160,92901,39.345113,1323067,52329
ct20stif,p16_g4_l20,GreedyBspHC,17071,123685,30712,171,92973,39.345113,1323067,52329
thread,p16_g4_l20,GreedyRecomputerMask0,27921,203819,38480,181,165339,20.578547,2220156,29736
thread,p16_g4_l20,GreedyRecomputerMask1,35028,202686,37280,181,165406,20.578547,2220156,29736
thread,p16_g4_l20,GreedyRecomputerMask3,44443,202237,36952,172,165285,20.578547,2220156,29736
thread,p16_g4_l20,GreedyRecomputerMask7,143828,202237,36952,172,165285,20.578547,2220156,29736
thread,p16_g4_l20,GreedyRecomputerMask2,37515,203462,38272,171,165190,20.578547,2220156,29736
thread,p16_g4_l20,GreedyRecomputerMask4,103619,203710,38408,180,165302,20.578547,2220156,29736
thread,p16_g4_l20,GreedyBspHC,17879,224526,59144,184,165382,20.578547,2220156,29736
Pres_Poisson,p16_g4_l20,GreedyRecomputerMask0,15880,78598,19416,293,59182,7.998921,350491,14822
Pres_Poisson,p16_g4_l20,GreedyRecomputerMask1,17074,78263,19036,293,59227,7.998921,350491,14822
Pres_Poisson,p16_g4_l20,GreedyRecomputerMask3,19693,76203,17676,233,58527,7.998921,350491,14822
Pres_Poisson,p16_g4_l20,GreedyRecomputerMask7,40935,76083,17544,233,58539,7.998921,350491,14822
Pres_Poisson,p16_g4_l20,GreedyRecomputerMask2,18491,76601,18136,236,58465,7.998921,350491,14822
Pres_Poisson,p16_g4_l20,GreedyRecomputerMask4,28632,78477,19292,293,59185,7.998921,350491,14822
Pres_Poisson,p16_g4_l20,GreedyBspHC,14615,87753,28516,318,59237,7.998921,350491,14822
insurance.psdd,p16_g4_l20,GreedyRecomputerMask0,3631,4202,3296,7,906,2390.333333,30060,14342
insurance.psdd,p16_g4_l20,GreedyRecomputerMask1,4040,3784,2740,7,1044,2390.333333,30060,14342
insurance.psdd,p16_g4_l20,GreedyRecomputerMask3,4636,3434,1176,4,2258,2390.333333,30060,14342
insurance.psdd,p16_g4_l20,GreedyRecomputerMask7,8435,3434,1176,4,2258,2390.333333,30060,14342
insurance.psdd,p16_g4_l20,GreedyRecomputerMask2,4320,3435,1176,4,2259,2390.333333,30060,14342
insurance.psdd,p16_g4_l20,GreedyRecomputerMask4,4648,4202,3296,7,906,2390.333333,30060,14342
insurance.psdd,p16_g4_l20,GreedyBspHC,3422,4314,3408,7,906,2390.333333,30060,14342
simple2.6.psdd,p16_g4_l20,GreedyRecomputerMask0,0,4,0,1,4,7.000000,3,7
simple2.6.psdd,p16_g4_l20,GreedyRecomputerMask1,0,4,0,1,4,7.000000,3,7
simple2.6.psdd,p16_g4_l20,GreedyRecomputerMask3,0,4,0,1,4,7.000000,3,7
simple2.6.psdd,p16_g4_l20,GreedyRecomputerMask7,1,4,0,1,4,7.000000,3,7
simple2.6.psdd,p16_g4_l20,GreedyRecomputerMask2,0,4,0,1,4,7.000000,3,7
simple2.6.psdd,p16_g4_l20,GreedyRecomputerMask4,0,4,0,1,4,7.000000,3,7
simple2.6.psdd,p16_g4_l20,GreedyBspHC,0,4,0,1,4,7.000000,3,7
bcsstk08,p16_g4_l20,GreedyRecomputerMask0,760,4218,2724,62,1494,13.948052,5943,1074
bcsstk08,p16_g4_l20,GreedyRecomputerMask1,789,4207,2732,62,1475,13.948052,5943,1074
bcsstk08,p16_g4_l20,GreedyRecomputerMask3,886,3879,2212,45,1667,13.948052,5943,1074
bcsstk08,p16_g4_l20,GreedyRecomputerMask7,1153,3884,2296,46,1588,13.948052,5943,1074
bcsstk08,p16_g4_l20,GreedyRecomputerMask2,915,3860,2160,43,1700,13.948052,5943,1074
bcsstk08,p16_g4_l20,GreedyRecomputerMask4,953,4214,2720,62,1494,13.948052,5943,1074
bcsstk08,p16_g4_l20,GreedyBspHC,725,4785,3316,62,1469,13.948052,5943,1074
instance_kNN_N50_K5_nzP0d16,p16_g4_l20,GreedyRecomputerMask0,312,1027,736,9,291,189.600000,3801,1896
instance_kNN_N50_K5_nzP0d16,p16_g4_l20,GreedyRecomputerMask1,351,924,608,9,316,189.600000,3801,1896
instance_kNN_N50_K5_nzP0d16,p16_g4_l20,GreedyRecomputerMask3,429,856,472,6,384,189.600000,3801,1896
instance_kNN_N50_K5_nzP0d16,p16_g4_l20,GreedyRecomputerMask7,783,856,472,6,384,189.600000,3801,1896
instance_kNN_N50_K5_nzP0d16,p16_g4_l20,GreedyRecomputerMask2,411,954,588,6,366,189.600000,3801,1896
instance_kNN_N50_K5_nzP0d16,p16_g4_l20,GreedyRecomputerMask4,543,1027,736,9,291,189.600000,3801,1896
instance_kNN_N50_K5_nzP0d16,p16_g4_l20,GreedyBspHC,284,1171,880,9,291,189.600000,3801,1896
tmovie.psdd,p16_g4_l20,GreedyRecomputerMask0,12104,22489,16760,21,5729,2292.025641,274214,89389
tmovie.psdd,p16_g4_l20,GreedyRecomputerMask1,16349,21489,15412,21,6077,2292.025641,274214,89389
tmovie.psdd,p16_g4_l20,GreedyRecomputerMask3,20751,21347,15272,15,6075,2292.025641,274214,89389
tmovie.psdd,p16_g4_l20,GreedyRecomputerMask7,42457,21347,15272,15,6075,2292.025641,274214,89389
tmovie.psdd,p16_g4_l20,GreedyRecomputerMask2,17091,21829,15000,14,6829,2292.025641,274214,89389
tmovie.psdd,p16_g4_l20,GreedyRecomputerMask4,27460,22489,16760,21,5729,2292.025641,274214,89389
tmovie.psdd,p16_g4_l20,GreedyBspHC,10314,24048,18340,21,5708,2292.025641,274214,89389
instance_spmv_N150_nzP0d2,p16_g4_l20,GreedyRecomputerMask0,1373,2778,1656,3,1122,4544.000000,13182,9088
instance_spmv_N150_nzP0d2,p16_g4_l20,GreedyRecomputerMask1,1460,2754,1632,3,1122,4544.000000,13182,9088
instance_spmv_N150_nzP0d2,p16_g4_l20,GreedyRecomputerMask3,1613,2054,0,1,2054,4544.000000,13182,9088
instance_spmv_N150_nzP0d2,p16_g4_l20,GreedyRecomputerMask7,2867,2054,0,1,2054,4544.000000,13182,9088
instance_spmv_N150_nzP0d2,p16_g4_l20,GreedyRecomputerMask2,1582,2054,0,1,2054,4544.000000,13182,9088
instance_spmv_N150_nzP0d2,p16_g4_l20,GreedyRecomputerMask4,1907,2778,1656,3,1122,4544.000000,13182,9088
instance_spmv_N150_nzP0d2,p16_g4_l20,GreedyBspHC,1254,2798,1676,3,1122,4544.000000,13182,9088
elevators.psdd,p16_g4_l20,GreedyRecomputerMask0,454,1250,1032,8,218,416.375000,6892,3331
elevators.psdd,p16_g4_l20,GreedyRecomputerMask1,496,1115,852,8,263,416.375000,6892,3331
elevators.psdd,p16_g4_l20,GreedyRecomputerMask3,572,1064,668,6,396,416.375000,6892,3331
elevators.psdd,p16_g4_l20,GreedyRecomputerMask7,1035,1064,668,6,396,416.375000,6892,3331
elevators.psdd,p16_g4_l20,GreedyRecomputerMask2,544,1072,680,6,392,416.375000,6892,3331
elevators.psdd,p16_g4_l20,GreedyRecomputerMask4,881,1250,1032,8,218,416.375000,6892,3331
elevators.psdd,p16_g4_l20,GreedyBspHC,407,1294,1076,8,218,416.375000,6892,3331
instance_CG_N35_K8_nzP0d25,p16_g4_l20,GreedyRecomputerMask0,742,6316,4860,54,1456,56.800000,12153,5396
instance_CG_N35_K8_nzP0d25,p16_g4_l20,GreedyRecomputerMask1,804,6209,4724,54,1485,56.800000,12153,5396
instance_CG_N35_K8_nzP0d25,p16_g4_l20,GreedyRecomputerMask3,1165,6111,4556,49,1555,56.800000,12153,5396
instance_CG_N35_K8_nzP0d25,p16_g4_l20,GreedyRecomputerMask7,2409,6111,4556,49,1555,56.800000,12153,5396
instance_CG_N35_K8_nzP0d25,p16_g4_l20,GreedyRecomputerMask2,1154,6180,4628,49,1552,56.800000,12153,5396
instance_CG_N35_K8_nzP0d25,p16_g4_l20,GreedyRecomputerMask4,1387,6312,4852,53,1460,56.800000,12153,5396
instance_CG_N35_K8_nzP0d25,p16_g4_l20,GreedyBspHC,663,6600,5144,57,1456,56.800000,12153,5396
shallow_water1,p16_g4_l20,GreedyRecomputerMask0,5704,19514,11568,64,7946,80.709360,122880,81920
shallow_water1,p16_g4_l20,GreedyRecomputerMask1,12630,16615,8320,64,8295,80.709360,122880,81920
shallow_water1,p16_g4_l20,GreedyRecomputerMask3,14529,16298,8012,57,8286,80.709360,122880,81920
shallow_water1,p16_g4_l20,GreedyRecomputerMask7,29103,16294,8012,57,8282,80.709360,122880,81920
shallow_water1,p16_g4_l20,GreedyRecomputerMask2,9242,18140,8552,55,9588,80.709360,122880,81920
shallow_water1,p16_g4_l20,GreedyRecomputerMask4,15320,19514,11568,64,7946,80.709360,122880,81920
shallow_water1,p16_g4_l20,GreedyBspHC,4742,21955,14008,65,7947,80.709360,122880,81920
bcsstk15,p16_g4_l20,GreedyRecomputerMask0,4954,16917,8892,236,8025,10.846154,56934,3948
bcsstk15,p16_g4_l20,GreedyRecomputerMask1,5044,16894,8864,236,8030,10.846154,56934,3948
bcsstk15,p16_g4_l20,GreedyRecomputerMask3,5523,16250,8104,189,8146,10.846154,56934,3948
bcsstk15,p16_g4_l20,GreedyRecomputerMask7,8443,16195,8036,187,8159,10.846154,56934,3948
bcsstk15,p16_g4_l20,GreedyRecomputerMask2,5484,16319,8184,189,8135,10.846154,56934,3948
bcsstk15,p16_g4_l20,GreedyRecomputerMask4,6422,16917,8892,236,8025,10.846154,56934,3948
bcsstk15,p16_g4_l20,GreedyBspHC,4746,20266,12228,241,8038,10.846154,56934,3948
accidents.psdd,p16_g4_l20,GreedyRecomputerMask0,5354,9017,6624,13,2393,1561.916667,102111,37486
accidents.psdd,p16_g4_l20,GreedyRecomputerMask1,6390,8598,6084,13,2514,1561.916667,102111,37486
accidents.psdd,p16_g4_l20,GreedyRecomputerMask3,8781,8123,5108,11,3015,1561.916667,102111,37486
accidents.psdd,p16_g4_l20,GreedyRecomputerMask7,16811,8123,5108,11,3015,1561.916667,102111,37486
accidents.psdd,p16_g4_l20,GreedyRecomputerMask2,7242,8435,5432,11,3003,1561.916667,102111,37486
accidents.psdd,p16_g4_l20,GreedyRecomputerMask4,11014,9017,6624,13,2393,1561.916667,102111,37486
accidents.psdd,p16_g4_l20,GreedyBspHC,4713,10076,7684,13,2392,1561.916667,102111,37486
msweb.psdd,p16_g4_l20,GreedyRecomputerMask0,2271,4315,3288,17,1027,493.031250,38289,15777
msweb.psdd,p16_g4_l20,GreedyRecomputerMask1,2787,3843,2672,17,1171,493.031250,38289,15777
msweb.psdd,p16_g4_l20,GreedyRecomputerMask3,3583,3616,2068,13,1548,493.031250,38289,15777
msweb.psdd,p16_g4_l20,GreedyRecomputerMask7,6966,3615,2064,13,1551,493.031250,38289,15777
msweb.psdd,p16_g4_l20,GreedyRecomputerMask2,3001,3788,2260,13,1528,493.031250,38289,15777
msweb.psdd,p16_g4_l20,GreedyRecomputerMask4,3345,4315,3288,17,1027,493.031250,38289,15777
msweb.psdd,p16_g4_l20,GreedyBspHC,2003,4919,3892,17,1027,493.031250,38289,15777
instance_exp_N30_K6_nzP0d15,p16_g4_l20,GreedyRecomputerMask0,315,757,584,12,173,90.416667,2268,1085
instance_exp_N30_K6_nzP0d15,p16_g4_l20,GreedyRecomputerMask1,326,689,500,12,189,90.416667,2268,1085
instance_exp_N30_K6_nzP0d15,p16_g4_l20,GreedyRecomputerMask3,370,638,412,9,226,90.416667,2268,1085
instance_exp_N30_K6_nzP0d15,p16_g4_l20,GreedyRecomputerMask7,566,638,412,9,226,90.416667,2268,1085
instance_exp_N30_K6_nzP0d15,p16_g4_l20,GreedyRecomputerMask2,365,693,472,9,221,90.416667,2268,1085
instance_exp_N30_K6_nzP0d15,p16_g4_l20,GreedyRecomputerMask4,369,757,584,12,173,90.416667,2268,1085
instance_exp_N30_K6_nzP0d15,p16_g4_l20,GreedyBspHC,301,813,640,12,173,90.416667,2268,1085
nltcs.clt.psdd,p16_g4_l20,GreedyRecomputerMask0,11,162,148,6,14,9.500000,92,76
nltcs.clt.psdd,p16_g4_l20,GreedyRecomputerMask1,12,130,112,5,18,9.500000,92,76
nltcs.clt.psdd,p16_g4_l20,GreedyRecomputerMask3,13,62,0,1,62,9.500000,92,76
nltcs.clt.psdd,p16_g4_l20,GreedyRecomputerMask7,23,62,0,1,62,9.500000,92,76
nltcs.clt.psdd,p16_g4_l20,GreedyRecomputerMask2,13,62,0,1,62,9.500000,92,76
nltcs.clt.psdd,p16_g4_l20,GreedyRecomputerMask4,20,162,148,6,14,9.500000,92,76
nltcs.clt.psdd,p16_g4_l20,GreedyBspHC,10,178,164,6,14,9.500000,92,76
instance_kNN_N60_K15_nzP0d15,p16_g4_l20,GreedyRecomputerMask0,2643,4997,3460,27,1537,299.933333,22722,8998
instance_kNN_N60_K15_nzP0d15,p16_g4_l20,GreedyRecomputerMask1,2941,4574,2908,27,1666,299.933333,22722,8998
instance_kNN_N60_K15_nzP0d15,p16_g4_l20,GreedyRecomputerMask3,3322,4521,2804,25,1717,299.933333,22722,8998
instance_kNN_N60_K15_nzP0d15,p16_g4_l20,GreedyRecomputerMask7,5136,4521,2804,25,1717,299.933333,22722,8998
instance_kNN_N60_K15_nzP0d15,p16_g4_l20,GreedyRecomputerMask2,3187,4934,3320,25,1614,299.933333,22722,8998
instance_kNN_N60_K15_nzP0d15,p16_g4_l20,GreedyRecomputerMask4,3864,4997,3460,27,1537,299.933333,22722,8998
instance_kNN_N60_K15_nzP0d15,p16_g4_l20,GreedyBspHC,2468,5609,4076,27,1533,299.933333,22722,8998
mnist.psdd,p16_g4_l20,GreedyRecomputerMask0,757,1536,1220,10,316,490.400000,5916,4904
mnist.psdd,p16_g4_l20,GreedyRecomputerMask1,1015,1121,668,10,453,490.400000,5916,4904
mnist.psdd,p16_g4_l20,GreedyRecomputerMask3,1104,1039,348,6,691,490.400000,5916,4904
mnist.psdd,p16_g4_l20,GreedyRecomputerMask7,1794,1038,344,6,694,490.400000,5916,4904
mnist.psdd,p16_g4_l20,GreedyRecomputerMask2,873,1039,348,6,691,490.400000,5916,4904
mnist.psdd,p16_g4_l20,GreedyRecomputerMask4,1031,1536,1220,10,316,490.400000,5916,4904
mnist.psdd,p16_g4_l20,GreedyBspHC,700,1536,1220,10,316,490.400000,5916,4904
nd3k,p16_g4_l20,GreedyRecomputerMask0,15421,703668,29724,113,673944,2.368421,1635345,9000
nd3k,p16_g4_l20,GreedyRecomputerMask1,18361,703115,29172,113,673943,2.368421,1635345,9000
nd3k,p16_g4_l20,GreedyRecomputerMask3,33613,701853,28220,99,673633,2.368421,1635345,9000
nd3k,p16_g4_l20,GreedyRecomputerMask7,219863,698523,24912,97,673611,2.368421,1635345,9000
nd3k,p16_g4_l20,GreedyRecomputerMask2,31689,702139,28496,98,673643,2.368421,1635345,9000
nd3k,p16_g4_l20,GreedyRecomputerMask4,79781,703460,29516,113,673944,2.368421,1635345,9000
nd3k,p16_g4_l20,GreedyBspHC,9564,717089,43088,124,674001,2.368421,1635345,9000
bcsstk28,p16_g4_l20,GreedyRecomputerMask0,1251,34038,7288,116,26750,4.809160,107307,4410
bcsstk28,p16_g4_l20,GreedyRecomputerMask1,1335,34025,7272,116,26753,4.809160,107307,4410
bcsstk28,p16_g4_l20,GreedyRecomputerMask3,1756,33751,7032,107,26719,4.809160,107307,4410
bcsstk28,p16_g4_l20,GreedyRecomputerMask7,5531,33751,7032,107,26719,4.809160,107307,4410
bcsstk28,p16_g4_l20,GreedyRecomputerMask2,1738,33780,7060,107,26720,4.809160,107307,4410
bcsstk28,p16_g4_l20,GreedyRecomputerMask4,9029,33934,7184,114,26750,4.809160,107307,4410
bcsstk28,p16_g4_l20,GreedyBspHC,984,36581,9784,135,26797,4.809160,107307,4410
instance_CG_N25_K17_nzP0d15,p16_g4_l20,GreedyRecomputerMask0,945,9835,8024,112,1811,27.871921,12072,5658
instance_CG_N25_K17_nzP0d15,p16_g4_l20,GreedyRecomputerMask1,987,9800,7980,112,1820,27.871921,12072,5658
instance_CG_N25_K17_nzP0d15,p16_g4_l20,GreedyRecomputerMask3,1423,9434,7508,89,1926,27.871921,12072,5658
instance_CG_N25_K17_nzP0d15,p16_g4_l20,GreedyRecomputerMask7,3315,8877,6904,75,1973,27.871921,12072,5658
instance_CG_N25_K17_nzP0d15,p16_g4_l20,GreedyRecomputerMask2,1399,9485,7532,88,1953,27.871921,12072,5658
instance_CG_N25_K17_nzP0d15,p16_g4_l20,GreedyRecomputerMask4,1880,9713,7884,109,1829,27.871921,12072,5658
instance_CG_N25_K17_nzP0d15,p16_g4_l20,GreedyBspHC,863,10142,8332,115,1810,27.871921,12072,5658
instance_kNN_N75_K9_nzP0d15,p16_g4_l20,GreedyRecomputerMask0,1703,4011,2768,15,1243,419.444444,18231,7550
instance_kNN_N75_K9_nzP0d15,p16_g4_l20,GreedyRecomputerMask1,2025,3504,2112,14,1392,419.444444,18231,7550
instance_kNN_N75_K9_nzP0d15,p16_g4_l20,GreedyRecomputerMask3,2392,3448,2004,12,1444,419.444444,18231,7550
instance_kNN_N75_K9_nzP0d15,p16_g4_l20,GreedyRecomputerMask7,3976,3448,2004,12,1444,419.444444,18231,7550
instance_kNN_N75_K9_nzP0d15,p16_g4_l20,GreedyRecomputerMask2,2185,3899,2552,12,1347,419.444444,18231,7550
instance_kNN_N75_K9_nzP0d15,p16_g4_l20,GreedyRecomputerMask4,2741,4011,2768,15,1243,419.444444,18231,7550
instance_kNN_N75_K9_nzP0d15,p16_g4_l20,GreedyBspHC,1562,4319,3076,15,1243,419.444444,18231,7550
instance_CG_N30_K24_nzP0d15,p16_g4_l20,GreedyRecomputerMask0,1461,15363,12272,156,3091,34.637631,21754,9941
instance_CG_N30_K24_nzP0d15,p16_g4_l20,GreedyRecomputerMask1,1547,15316,12212,156,3104,34.637631,21754,9941
instance_CG_N30_K24_nzP0d15,p16_g4_l20,GreedyRecomputerMask3,2048,14996,11812,138,3184,34.637631,21754,9941
instance_CG_N30_K24_nzP0d15,p16_g4_l20,GreedyRecomputerMask7,3632,14988,11804,138,3184,34.637631,21754,9941
instance_CG_N30_K24_nzP0d15,p16_g4_l20,GreedyRecomputerMask2,2000,15039,11864,138,3175,34.637631,21754,9941
instance_CG_N30_K24_nzP0d15,p16_g4_l20,GreedyRecomputerMask4,3151,15275,12160,152,3115,34.637631,21754,9941
instance_CG_N30_K24_nzP0d15,p16_g4_l20,GreedyBspHC,1315,16161,13076,165,3085,34.637631,21754,9941
instance_kNN_N40_K5_nzP0d15,p16_g4_l20,GreedyRecomputerMask0,168,655,484,9,171,107.300000,2007,1073
instance_kNN_N40_K5_nzP0d15,p16_g4_l20,GreedyRecomputerMask1,190,585,400,8,185,107.300000,2007,1073
instance_kNN_N40_K5_nzP0d15,p16_g4_l20,GreedyRecomputerMask3,224,501,284,5,217,107.300000,2007,1073
instance_kNN_N40_K5_nzP0d15,p16_g4_l20,GreedyRecomputerMask7,411,501,284,5,217,107.300000,2007,1073
instance_kNN_N40_K5_nzP0d15,p16_g4_l20,GreedyRecomputerMask2,223,560,280,4,280,107.300000,2007,1073
instance_kNN_N40_K5_nzP0d15,p16_g4_l20,GreedyRecomputerMask4,224,655,484,9,171,107.300000,2007,1073
instance_kNN_N40_K5_nzP0d15,p16_g4_l20,GreedyBspHC,154,743,572,9,171,107.300000,2007,1073
instance_CG_N60_K55_nzP0d12,p16_g4_l20,GreedyRecomputerMask0,13704,60066,44868,373,15198,82.433991,127658,54324
instance_CG_N60_K55_nzP0d12,p16_g4_l20,GreedyRecomputerMask1,14309,59884,44624,373,15260,82.433991,127658,54324
instance_CG_N60_K55_nzP0d12,p16_g4_l20,GreedyRecomputerMask3,17194,59515,44184,349,15331,82.433991,127658,54324
instance_CG_N60_K55_nzP0d12,p16_g4_l20,GreedyRecomputerMask7,26427,59487,44156,349,15331,82.433991,127658,54324
instance_CG_N60_K55_nzP0d12,p16_g4_l20,GreedyRecomputerMask2,16914,59576,44160,346,15416,82.433991,127658,54324
instance_CG_N60_K55_nzP0d12,p16_g4_l20,GreedyRecomputerMask4,20233,60038,44840,373,15198,82.433991,127658,54324
instance_CG_N60_K55_nzP0d12,p16_g4_l20,GreedyBspHC,12783,62283,47096,380,15187,82.433991,127658,54324
s3rmt3m3,p16_g4_l20,GreedyRecomputerMask0,461,22469,4548,50,17921,4.654214,101169,5357
s3rmt3m3,p16_g4_l20,GreedyRecomputerMask1,551,22387,4464,50,17923,4.654214,101169,5357
s3rmt3m3,p16_g4_l20,GreedyRecomputerMask3,800,22279,4328,48,17951,4.654214,101169,5357
s3rmt3m3,p16_g4_l20,GreedyRecomputerMask7,3160,22279,4328,48,17951,4.654214,101169,5357
s3rmt3m3,p16_g4_l20,GreedyRecomputerMask2,769,22277,4328,48,17949,4.654214,101169,5357
s3rmt3m3,p16_g4_l20,GreedyRecomputerMask4,2891,22469,4548,50,17921,4.654214,101169,5357
s3rmt3m3,p16_g4_l20,GreedyBspHC,217,24069,6148,50,17921,4.654214,101169,5357
instance_kNN_N45_K15_nzP0d16,p16_g4_l20,GreedyRecomputerMask0,1176,3207,2280,27,927,179.733333,13275,5392
instance_kNN_N45_K15_nzP0d16,p16_g4_l20,GreedyRecomputerMask1,1281,2926,1944,26,982,179.733333,13275,5392
instance_kNN_N45_K15_nzP0d16,p16_g4_l20,GreedyRecomputerMask3,1536,2879,1884,24,995,179.733333,13275,5392
instance_kNN_N45_K15_nzP0d16,p16_g4_l20,GreedyRecomputerMask7,2562,2879,1884,24,995,179.733333,13275,5392
instance_kNN_N45_K15_nzP0d16,p16_g4_l20,GreedyRecomputerMask2,1373,3129,2140,23,989,179.733333,13275,5392
instance_kNN_N45_K15_nzP0d16,p16_g4_l20,GreedyRecomputerMask4,1501,3207,2280,27,927,179.733333,13275,5392
instance_kNN_N45_K15_nzP0d16,p16_g4_l20,GreedyBspHC,1081,3607,2680,27,927,179.733333,13275,5392
Dubcova3,p16_g4_l20,GreedyRecomputerMask0,91285,162439,41252,555,121187,44.927718,1744980,146689
Dubcova3,p16_g4_l20,GreedyRecomputerMask1,104701,159453,38084,552,121369,44.927718,1744980,146689
Dubcova3,p16_g4_l20,GreedyRecomputerMask3,120455,158288,36652,494,121636,44.927718,1744980,146689
Dubcova3,p16_g4_l20,GreedyRecomputerMask7,232298,158256,36620,494,121636,44.927718,1744980,146689
Dubcova3,p16_g4_l20,GreedyRecomputerMask2,107202,160206,37356,491,122850,44.927718,1744980,146689
Dubcova3,p16_g4_l20,GreedyRecomputerMask4,160859,162366,41164,553,121202,44.927718,1744980,146689
Dubcova3,p16_g4_l20,GreedyBspHC,84214,177580,56396,596,121184,44.927718,1744980,146689
mnist-antonio.psdd,p16_g4_l20,GreedyRecomputerMask0,759,1536,1220,10,316,490.400000,5916,4904
mnist-antonio.psdd,p16_g4_l20,GreedyRecomputerMask1,1020,1121,668,10,453,490.400000,5916,4904
mnist-antonio.psdd,p16_g4_l20,GreedyRecomputerMask3,1108,1039,348,6,691,490.400000,5916,4904
mnist-antonio.psdd,p16_g4_l20,GreedyRecomputerMask7,1792,1038,344,6,694,490.400000,5916,4904
mnist-antonio.psdd,p16_g4_l20,GreedyRecomputerMask2,874,1039,348,6,691,490.400000,5916,4904
mnist-antonio.psdd,p16_g4_l20,GreedyRecomputerMask4,1034,1536,1220,10,316,490.400000,5916,4904
mnist-antonio.psdd,p16_g4_l20,GreedyBspHC,700,1536,1220,10,316,490.400000,5916,4904
instance_exp_N35_K4_nzP0d15,p16_g4_l20,GreedyRecomputerMask0,173,629,464,8,165,127.500000,2028,1020
instance_exp_N35_K4_nzP0d15,p16_g4_l20,GreedyRecomputerMask1,185,587,416,8,171,127.500000,2028,1020
instance_exp_N35_K4_nzP0d15,p16_g4_l20,GreedyRecomputerMask3,228,511,288,6,223,127.500000,2028,1020
instance_exp_N35_K4_nzP0d15,p16_g4_l20,GreedyRecomputerMask7,413,511,288,6,223,127.500000,2028,1020
instance_exp_N35_K4_nzP0d15,p16_g4_l20,GreedyRecomputerMask2,222,552,332,6,220,127.500000,2028,1020
instance_exp_N35_K4_nzP0d15,p16_g4_l20,GreedyRecomputerMask4,290,629,464,8,165,127.500000,2028,1020
instance_exp_N35_K4_nzP0d15,p16_g4_l20,GreedyBspHC,158,673,508,8,165,127.500000,2028,1020
bcsstk36,p16_g4_l20,GreedyRecomputerMask0,18643,186997,36356,575,150641,5.173250,560044,23052
bcsstk36,p16_g4_l20,GreedyRecomputerMask1,19604,186854,36216,575,150638,5.173250,560044,23052
bcsstk36,p16_g4_l20,GreedyRecomputerMask3,21525,185978,35324,535,150654,5.173250,560044,23052
bcsstk36,p16_g4_l20,GreedyRecomputerMask7,41214,185979,35312,535,150667,5.173250,560044,23052
bcsstk36,p16_g4_l20,GreedyRecomputerMask2,21347,186148,35480,535,150668,5.173250,560044,23052
bcsstk36,p16_g4_l20,GreedyRecomputerMask4,38936,186877,36236,573,150641,5.173250,560044,23052
bcsstk36,p16_g4_l20,GreedyBspHC,17080,202097,51324,639,150773,5.173250,560044,23052
simple2.5.psdd,p16_g4_l20,GreedyRecomputerMask0,0,6,0,1,6,7.000000,5,7
simple2.5.psdd,p16_g4_l20,GreedyRecomputerMask1,0,6,0,1,6,7.000000,5,7
simple2.5.psdd,p16_g4_l20,GreedyRecomputerMask3,0,6,0,1,6,7.000000,5,7
simple2.5.psdd,p16_g4_l20,GreedyRecomputerMask7,1,6,0,1,6,7.000000,5,7
simple2.5.psdd,p16_g4_l20,GreedyRecomputerMask2,0,6,0,1,6,7.000000,5,7
simple2.5.psdd,p16_g4_l20,GreedyRecomputerMask4,1,6,0,1,6,7.000000,5,7
simple2.5.psdd,p16_g4_l20,GreedyBspHC,0,6,0,1,6,7.000000,5,7
instance_exp_N75_K60_nzP0d15,p16_g4_l20,GreedyRecomputerMask0,8250,26166,16624,100,9542,451.908333,146520,54229
instance_exp_N75_K60_nzP0d15,p16_g4_l20,GreedyRecomputerMask1,10817,24930,15096,100,9834,451.908333,146520,54229
instance_exp_N75_K60_nzP0d15,p16_g4_l20,GreedyRecomputerMask3,12982,24850,14840,98,10010,451.908333,146520,54229
instance_exp_N75_K60_nzP0d15,p16_g4_l20,GreedyRecomputerMask7,23447,24850,14840,98,10010,451.908333,146520,54229
instance_exp_N75_K60_nzP0d15,p16_g4_l20,GreedyRecomputerMask2,11801,25902,16104,98,9798,451.908333,146520,54229
instance_exp_N75_K60_nzP0d15,p16_g4_l20,GreedyRecomputerMask4,15554,26166,16624,100,9542,451.908333,146520,54229
instance_exp_N75_K60_nzP0d15,p16_g4_l20,GreedyBspHC,7143,29211,19672,100,9539,451.908333,146520,54229
little_4var.psdd,p16_g4_l20,GreedyRecomputerMask0,1,11,0,1,11,6.000000,10,12
little_4var.psdd,p16_g4_l20,GreedyRecomputerMask1,1,11,0,1,11,6.000000,10,12
little_4var.psdd,p16_g4_l20,GreedyRecomputerMask3,1,11,0,1,11,6.000000,10,12
little_4var.psdd,p16_g4_l20,GreedyRecomputerMask7,1,11,0,1,11,6.000000,10,12
little_4var.psdd,p16_g4_l20,GreedyRecomputerMask2,1,11,0,1,11,6.000000,10,12
little_4var.psdd,p16_g4_l20,GreedyRecomputerMask4,1,11,0,1,11,6.000000,10,12
little_4var.psdd,p16_g4_l20,GreedyBspHC,1,11,0,1,11,6.000000,10,12
pdb1HYS,p16_g4_l20,GreedyRecomputerMask0,19358,1249495,49684,304,1199811,1.892480,2154174,36417
pdb1HYS,p16_g4_l20,GreedyRecomputerMask1,22451,1249120,49244,303,1199876,1.892480,2154174,36417
pdb1HYS,p16_g4_l20,GreedyRecomputerMask3,35363,1244908,45124,248,1199784,1.892480,2154174,36417
pdb1HYS,p16_g4_l20,GreedyRecomputerMask7,209213,1243033,43244,245,1199789,1.892480,2154174,36417
pdb1HYS,p16_g4_l20,GreedyRecomputerMask2,34764,1244515,44476,239,1200039,1.892480,2154174,36417
pdb1HYS,p16_g4_l20,GreedyRecomputerMask4,210614,1246079,46100,294,1199979,1.892480,2154174,36417
pdb1HYS,p16_g4_l20,GreedyBspHC,15275,1277715,77796,368,1199919,1.892480,2154174,36417
instance_kNN_N250_K15_nzP0d1,p16_g4_l20,GreedyRecomputerMask0,29004,48671,32044,27,16627,3155.566667,253986,94667
instance_kNN_N250_K15_nzP0d1,p16_g4_l20,GreedyRecomputerMask1,58190,41992,23100,27,18892,3155.566667,253986,94667
instance_kNN_N250_K15_nzP0d1,p16_g4_l20,GreedyRecomputerMask3,63983,41899,22988,25,18911,3155.566667,253986,94667
instance_kNN_N250_K15_nzP0d1,p16_g4_l20,GreedyRecomputerMask7,88022,41899,22988,25,18911,3155.566667,253986,94667
instance_kNN_N250_K15_nzP0d1,p16_g4_l20,GreedyRecomputerMask2,36989,47739,30616,24,17123,3155.566667,253986,94667
instance_kNN_N250_K15_nzP0d1,p16_g4_l20,GreedyRecomputerMask4,45399,48671,32044,27,16627,3155.566667,253986,94667
instance_kNN_N250_K15_nzP0d1,p16_g4_l20,GreedyBspHC,26741,51801,35292,27,16509,3155.566667,253986,94667
book.psdd,p16_g4_l20,GreedyRecomputerMask0,2997,5576,4168,16,1408,567.128205,53647,22118
book.psdd,p16_g4_l20,GreedyRecomputerMask1,4171,4838,3188,16,1650,567.128205,53647,22118
book.psdd,p16_g4_l20,GreedyRecomputerMask3,4933,4804,3152,15,1652,567.128205,53647,22118
book.psdd,p16_g4_l20,GreedyRecomputerMask7,9487,4804,3152,15,1652,567.128205,53647,22118
book.psdd,p16_g4_l20,GreedyRecomputerMask2,4045,5048,2872,14,2176,567.128205,53647,22118
book.psdd,p16_g4_l20,GreedyRecomputerMask4,6225,5576,4168,16,1408,567.128205,53647,22118
book.psdd,p16_g4_l20,GreedyBspHC,2631,6136,4728,16,1408,567.128205,53647,22118
jester.psdd,p16_g4_l20,GreedyRecomputerMask0,2279,5253,4044,13,1209,758.280000,48220,18957
jester.psdd,p16_g4_l20,GreedyRecomputerMask1,2775,4904,3584,13,1320,758.280000,48220,18957
jester.psdd,p16_g4_l20,GreedyRecomputerMask3,3758,4423,2272,10,2151,758.280000,48220,18957
jester.psdd,p16_g4_l20,GreedyRecomputerMask7,8026,4423,2272,10,2151,758.280000,48220,18957
jester.psdd,p16_g4_l20,GreedyRecomputerMask2,3217,4660,2540,10,2120,758.280000,48220,18957
jester.psdd,p16_g4_l20,GreedyRecomputerMask4,4900,5253,4044,13,1209,758.280000,48220,18957
jester.psdd,p16_g4_l20,GreedyBspHC,1975,5753,4544,13,1209,758.280000,48220,18957
instance_exp_N80_K6_nzP0d15,p16_g4_l20,GreedyRecomputerMask0,1412,3794,2636,13,1158,588.000000,16704,7056
instance_exp_N80_K6_nzP0d15,p16_g4_l20,GreedyRecomputerMask1,1808,3225,1884,13,1341,588.000000,16704,7056
instance_exp_N80_K6_nzP0d15,p16_g4_l20,GreedyRecomputerMask3,2133,3105,1580,10,1525,588.000000,16704,7056
instance_exp_N80_K6_nzP0d15,p16_g4_l20,GreedyRecomputerMask7,3673,3105,1580,10,1525,588.000000,16704,7056
instance_exp_N80_K6_nzP0d15,p16_g4_l20,GreedyRecomputerMask2,1860,3467,2036,10,1431,588.000000,16704,7056
instance_exp_N80_K6_nzP0d15,p16_g4_l20,GreedyRecomputerMask4,2395,3794,2636,13,1158,588.000000,16704,7056
instance_exp_N80_K6_nzP0d15,p16_g4_l20,GreedyBspHC,1282,4014,2856,13,1158,588.000000,16704,7056
simple2.4.psdd,p16_g4_l20,GreedyRecomputerMask0,0,6,0,1,6,7.000000,5,7
simple2.4.psdd,p16_g4_l20,GreedyRecomputerMask1,0,6,0,1,6,7.000000,5,7
simple2.4.psdd,p16_g4_l20,GreedyRecomputerMask3,0,6,0,1,6,7.000000,5,7
simple2.4.psdd,p16_g4_l20,GreedyRecomputerMask7,1,6,0,1,6,7.000000,5,7
simple2.4.psdd,p16_g4_l20,GreedyRecomputerMask2,0,6,0,1,6,7.000000,5,7
simple2.4.psdd,p16_g4_l20,GreedyRecomputerMask4,0,6,0,1,6,7.000000,5,7
simple2.4.psdd,p16_g4_l20,GreedyBspHC,0,6,0,1,6,7.000000,5,7
instance_kNN_N90_K8_nzP0d15,p16_g4_l20,GreedyRecomputerMask0,1862,4815,3316,14,1499,569.250000,21717,9108
instance_kNN_N90_K8_nzP0d15,p16_g4_l20,GreedyRecomputerMask1,2452,4085,2348,14,1737,569.250000,21717,9108
instance_kNN_N90_K8_nzP0d15,p16_g4_l20,GreedyRecomputerMask3,2871,3955,2160,10,1795,569.250000,21717,9108
instance_kNN_N90_K8_nzP0d15,p16_g4_l20,GreedyRecomputerMask7,4860,3955,2160,10,1795,569.250000,21717,9108
instance_kNN_N90_K8_nzP0d15,p16_g4_l20,GreedyRecomputerMask2,2460,4689,3052,10,1637,569.250000,21717,9108
instance_kNN_N90_K8_nzP0d15,p16_g4_l20,GreedyRecomputerMask4,2469,4815,3316,14,1499,569.250000,21717,9108
instance_kNN_N90_K8_nzP0d15,p16_g4_l20,GreedyBspHC,1694,5151,3652,14,1499,569.250000,21717,9108
msnbc.psdd,p16_g4_l20,GreedyRecomputerMask0,2607,6687,5608,8,1079,2046.625000,39056,16373
msnbc.psdd,p16_g4_l20,GreedyRecomputerMask1,3267,6456,5324,8,1132,2046.625000,39056,16373
msnbc.psdd,p16_g4_l20,GreedyRecomputerMask3,3969,5766,3096,5,2670,2046.625000,39056,16373
msnbc.psdd,p16_g4_l20,GreedyRecomputerMask7,8130,5766,3096,5,2670,2046.625000,39056,16373
msnbc.psdd,p16_g4_l20,GreedyRecomputerMask2,3383,5775,3096,5,2679,2046.625000,39056,16373
msnbc.psdd,p16_g4_l20,GreedyRecomputerMask4,4877,6687,5608,8,1079,2046.625000,39056,16373
msnbc.psdd,p16_g4_l20,GreedyBspHC,2351,6832,5764,8,1068,2046.625000,39056,16373
instance_CG_N15_K7_nzP0d25,p16_g4_l20,GreedyRecomputerMask0,263,3104,2600,43,504,18.216867,3116,1512
instance_CG_N15_K7_nzP0d25,p16_g4_l20,GreedyRecomputerMask1,289,3085,2576,43,509,18.216867,3116,1512
instance_CG_N15_K7_nzP0d25,p16_g4_l20,GreedyRecomputerMask3,453,2763,2204,26,559,18.216867,3116,1512
instance_CG_N15_K7_nzP0d25,p16_g4_l20,GreedyRecomputerMask7,805,2751,2192,26,559,18.216867,3116,1512
instance_CG_N15_K7_nzP0d25,p16_g4_l20,GreedyRecomputerMask2,442,2782,2224,26,558,18.216867,3116,1512
instance_CG_N15_K7_nzP0d25,p16_g4_l20,GreedyRecomputerMask4,339,3104,2600,43,504,18.216867,3116,1512
instance_CG_N15_K7_nzP0d25,p16_g4_l20,GreedyBspHC,242,3181,2676,47,505,18.216867,3116,1512
simple2.1.psdd,p16_g4_l20,GreedyRecomputerMask0,0,6,0,1,6,7.000000,5,7
simple2.1.psdd,p16_g4_l20,GreedyRecomputerMask1,0,6,0,1,6,7.000000,5,7
simple2.1.psdd,p16_g4_l20,GreedyRecomputerMask3,0,6,0,1,6,7.000000,5,7
simple2.1.psdd,p16_g4_l20,GreedyRecomputerMask7,1,6,0,1,6,7.000000,5,7
simple2.1.psdd,p16_g4_l20,GreedyRecomputerMask2,0,6,0,1,6,7.000000,5,7
simple2.1.psdd,p16_g4_l20,GreedyRecomputerMask4,0,6,0,1,6,7.000000,5,7
simple2.1.psdd,p16_g4_l20,GreedyBspHC,0,6,0,1,6,7.000000,5,7
Dubcova2,p16_g4_l20,GreedyRecomputerMask0,85177,63982,28584,443,35398,39.819351,482600,65025
Dubcova2,p16_g4_l20,GreedyRecomputerMask1,95246,61091,25372,442,35719,39.819351,482600,65025
Dubcova2,p16_g4_l20,GreedyRecomputerMask3,100597,60126,24108,385,36018,39.819351,482600,65025
Dubcova2,p16_g4_l20,GreedyRecomputerMask7,138996,60105,24108,386,35997,39.819351,482600,65025
Dubcova2,p16_g4_l20,GreedyRecomputerMask2,91827,61984,24748,381,37236,39.819351,482600,65025
Dubcova2,p16_g4_l20,GreedyRecomputerMask4,108901,63721,28264,430,35457,39.819351,482600,65025
Dubcova2,p16_g4_l20,GreedyBspHC,82576,74999,39624,481,35375,39.819351,482600,65025
instance_kNN_N30_K10_nzP0d15,p16_g4_l20,GreedyRecomputerMask0,352,1168,892,18,276,79.250000,3519,1585
instance_kNN_N30_K10_nzP0d15,p16_g4_l20,GreedyRecomputerMask1,365,1095,816,17,279,79.250000,3519,1585
instance_kNN_N30_K10_nzP0d15,p16_g4_l20,GreedyRecomputerMask3,438,1056,768,16,288,79.250000,3519,1585
instance_kNN_N30_K10_nzP0d15,p16_g4_l20,GreedyRecomputerMask7,705,1056,768,16,288,79.250000,3519,1585
instance_kNN_N30_K10_nzP0d15,p16_g4_l20,GreedyRecomputerMask2,432,1107,800,15,307,79.250000,3519,1585
instance_kNN_N30_K10_nzP0d15,p16_g4_l20,GreedyRecomputerMask4,432,1168,892,18,276,79.250000,3519,1585
instance_kNN_N30_K10_nzP0d15,p16_g4_l20,GreedyBspHC,325,1280,1004,18,276,79.250000,3519,1585
sts4098,p16_g4_l20,GreedyRecomputerMask0,2547,8705,4772,104,3933,22.893855,34129,4098
sts4098,p16_g4_l20,GreedyRecomputerMask1,2627,8620,4676,104,3944,22.893855,34129,4098
sts4098,p16_g4_l20,GreedyRecomputerMask3,3028,8234,4220,80,4014,22.893855,34129,4098
sts4098,p16_g4_l20,GreedyRecomputerMask7,4914,8193,4180,80,4013,22.893855,34129,4098
sts4098,p16_g4_l20,GreedyRecomputerMask2,2973,8402,4432,82,3970,22.893855,34129,4098
sts4098,p16_g4_l20,GreedyRecomputerMask4,3508,8701,4768,104,3933,22.893855,34129,4098
sts4098,p16_g4_l20,GreedyBspHC,2412,10128,6192,109,3936,22.893855,34129,4098
instance_conjugate_gradient_gyro_m,p16_g4_l20,GreedyRecomputerMask0,905119,240255,188140,7122,52115,2.363321,70893,47023
instance_conjugate_gradient_gyro_m,p16_g4_l20,GreedyRecomputerMask1,908950,236803,183544,7121,53259,2.363321,70893,47023
instance_conjugate_gradient_gyro_m,p16_g4_l20,GreedyRecomputerMask3,946317,124629,57932,1632,66697,2.363321,70893,47023
instance_conjugate_gradient_gyro_m,p16_g4_l20,GreedyRecomputerMask7,939606,83779,0,1,83779,2.363321,70893,47023
instance_conjugate_gradient_gyro_m,p16_g4_l20,GreedyRecomputerMask2,915785,83779,0,1,83779,2.363321,70893,47023
instance_conjugate_gradient_gyro_m,p16_g4_l20,GreedyRecomputerMask4,916833,190149,132052,4785,58097,2.363321,70893,47023
instance_conjugate_gradient_gyro_m,p16_g4_l20,GreedyBspHC,903443,249479,197812,7958,51667,2.363321,70893,47023
instance_kNN_N30_K12_nzP0d15,p16_g4_l20,GreedyRecomputerMask0,429,1431,1092,22,339,81.291667,4437,1951
instance_kNN_N30_K12_nzP0d15,p16_g4_l20,GreedyRecomputerMask1,450,1349,1004,21,345,81.291667,4437,1951
instance_kNN_N30_K12_nzP0d15,p16_g4_l20,GreedyRecomputerMask3,539,1283,924,19,359,81.291667,4437,1951
instance_kNN_N30_K12_nzP0d15,p16_g4_l20,GreedyRecomputerMask7,874,1283,924,19,359,81.291667,4437,1951
instance_kNN_N30_K12_nzP0d15,p16_g4_l20,GreedyRecomputerMask2,530,1349,976,18,373,81.291667,4437,1951
instance_kNN_N30_K12_nzP0d15,p16_g4_l20,GreedyRecomputerMask4,534,1431,1092,22,339,81.291667,4437,1951
instance_kNN_N30_K12_nzP0d15,p16_g4_l20,GreedyBspHC,397,1599,1260,22,339,81.291667,4437,1951
bcsstk13,p16_g4_l20,GreedyRecomputerMask0,8033,26419,8332,202,18087,3.477431,40940,2003
bcsstk13,p16_g4_l20,GreedyRecomputerMask1,8129,26361,8276,202,18085,3.477431,40940,2003
bcsstk13,p16_g4_l20,GreedyRecomputerMask3,8637,25611,7528,156,18083,3.477431,40940,2003
bcsstk13,p16_g4_l20,GreedyRecomputerMask7,11867,25544,7428,155,18116,3.477431,40940,2003
bcsstk13,p16_g4_l20,GreedyRecomputerMask2,8556,25608,7420,150,18188,3.477431,40940,2003
bcsstk13,p16_g4_l20,GreedyRecomputerMask4,9069,26419,8332,202,18087,3.477431,40940,2003
bcsstk13,p16_g4_l20,GreedyBspHC,7897,29451,11352,241,18099,3.477431,40940,2003
pumsb_star.psdd,p16_g4_l20,GreedyRecomputerMask0,6099,10289,7732,16,2557,1429.785714,110115,40034
pumsb_star.psdd,p16_g4_l20,GreedyRecomputerMask1,7399,9670,6936,16,2734,1429.785714,110115,40034
pumsb_star.psdd,p16_g4_l20,GreedyRecomputerMask3,9256,9639,6912,15,2727,1429.785714,110115,40034
pumsb_star.psdd,p16_g4_l20,GreedyRecomputerMask7,17795,9639,6912,15,2727,1429.785714,110115,40034
pumsb_star.psdd,p16_g4_l20,GreedyRecomputerMask2,8261,9984,5884,13,4100,1429.785714,110115,40034
pumsb_star.psdd,p16_g4_l20,GreedyRecomputerMask4,8983,10289,7732,16,2557,1429.785714,110115,40034
pumsb_star.psdd,p16_g4_l20,GreedyBspHC,5392,11869,9312,16,2557,1429.785714,110115,40034
m_t1,p16_g4_l20,GreedyRecomputerMask0,51857,453023,68168,352,384855,22.878781,4827996,97578
m_t1,p16_g4_l20,GreedyRecomputerMask1,59738,452504,67624,352,384880,22.878781,4827996,97578
m_t1,p16_g4_l20,GreedyRecomputerMask3,74921,452348,67496,346,384852,22.878781,4827996,97578
m_t1,p16_g4_l20,GreedyRecomputerMask7,247001,452348,67496,346,384852,22.878781,4827996,97578
m_t1,p16_g4_l20,GreedyRecomputerMask2,73120,452871,68044,346,384827,22.878781,4827996,97578
m_t1,p16_g4_l20,GreedyRecomputerMask4,169226,453023,68168,352,384855,22.878781,4827996,97578
m_t1,p16_g4_l20,GreedyBspHC,36008,497533,112360,370,385173,22.878781,4827996,97578
dna-500.psdd,p16_g4_l20,GreedyRecomputerMask0,9067,16888,5924,25,10964,2098.012048,552352,174135
dna-500.psdd,p16_g4_l20,GreedyRecomputerMask1,11948,16176,5044,24,11132,2098.012048,552352,174135
dna-500.psdd,p16_g4_l20,GreedyRecomputerMask3,19038,16157,5024,23,11133,2098.012048,552352,174135
dna-500.psdd,p16_g4_l20,GreedyRecomputerMask7,50592,16157,5024,23,11133,2098.012048,552352,174135
dna-500.psdd,p16_g4_l20,GreedyRecomputerMask2,16795,16784,5696,22,11088,2098.012048,552352,174135
dna-500.psdd,p16_g4_l20,GreedyRecomputerMask4,19382,16888,5924,25,10964,2098.012048,552352,174135
dna-500.psdd,p16_g4_l20,GreedyBspHC,6255,18076,7112,25,10964,2098.012048,552352,174135
instance_exp_N40_K5_nzP0d15,p16_g4_l20,GreedyRecomputerMask0,291,986,720,10,266,163.200000,3480,1632
instance_exp_N40_K5_nzP0d15,p16_g4_l20,GreedyRecomputerMask1,326,890,596,10,294,163.200000,3480,1632
instance_exp_N40_K5_nzP0d15,p16_g4_l20,GreedyRecomputerMask3,385,843,484,8,359,163.200000,3480,1632
instance_exp_N40_K5_nzP0d15,p16_g4_l20,GreedyRecomputerMask7,696,843,484,8,359,163.200000,3480,1632
instance_exp_N40_K5_nzP0d15,p16_g4_l20,GreedyRecomputerMask2,345,897,548,8,349,163.200000,3480,1632
instance_exp_N40_K5_nzP0d15,p16_g4_l20,GreedyRecomputerMask4,383,986,720,10,266,163.200000,3480,1632
instance_exp_N40_K5_nzP0d15,p16_g4_l20,GreedyBspHC,263,1070,804,10,266,163.200000,3480,1632
nltcs.10split.psdd,p16_g4_l20,GreedyRecomputerMask0,16,220,204,7,16,14.875000,192,119
nltcs.10split.psdd,p16_g4_l20,GreedyRecomputerMask1,18,212,196,7,16,14.875000,192,119
nltcs.10split.psdd,p16_g4_l20,GreedyRecomputerMask3,21,110,0,1,110,14.875000,192,119
nltcs.10split.psdd,p16_g4_l20,GreedyRecomputerMask7,42,110,0,1,110,14.875000,192,119
nltcs.10split.psdd,p16_g4_l20,GreedyRecomputerMask2,20,110,0,1,110,14.875000,192,119
nltcs.10split.psdd,p16_g4_l20,GreedyRecomputerMask4,30,220,204,7,16,14.875000,192,119
nltcs.10split.psdd,p16_g4_l20,GreedyBspHC,15,240,224,7,16,14.875000,192,119
nasa4704,p16_g4_l20,GreedyRecomputerMask0,1340,13181,6716,158,6465,14.254545,50026,4704
nasa4704,p16_g4_l20,GreedyRecomputerMask1,1404,13159,6692,158,6467,14.254545,50026,4704
nasa4704,p16_g4_l20,GreedyRecomputerMask3,1875,13042,6548,150,6494,14.254545,50026,4704
nasa4704,p16_g4_l20,GreedyRecomputerMask7,4466,13031,6536,150,6495,14.254545,50026,4704
nasa4704,p16_g4_l20,GreedyRecomputerMask2,1839,13054,6564,150,6490,14.254545,50026,4704
nasa4704,p16_g4_l20,GreedyRecomputerMask4,2680,13181,6716,158,6465,14.254545,50026,4704
nasa4704,p16_g4_l20,GreedyBspHC,1181,15577,9112,163,6465,14.254545,50026,4704
thermal1,p16_g4_l20,GreedyRecomputerMask0,14210,29982,13604,146,16378,85.210309,245902,82654
thermal1,p16_g4_l20,GreedyRecomputerMask1,24748,25693,9156,146,16537,85.210309,245902,82654
thermal1,p16_g4_l20,GreedyRecomputerMask3,30574,25124,8384,105,16740,85.210309,245902,82654
thermal1,p16_g4_l20,GreedyRecomputerMask7,63203,25132,8396,106,16736,85.210309,245902,82654
thermal1,p16_g4_l20,GreedyRecomputerMask2,23013,29022,12392,106,16630,85.210309,245902,82654
thermal1,p16_g4_l20,GreedyRecomputerMask4,27175,29966,13588,145,16378,85.210309,245902,82654
thermal1,p16_g4_l20,GreedyBspHC,12900,32262,15884,148,16378,85.210309,245902,82654
cfd1,p16_g4_l20,GreedyRecomputerMask0,100691,211258,110264,2518,100994,16.283936,878854,70656
cfd1,p16_g4_l20,GreedyRecomputerMask1,102197,211047,110028,2518,101019,16.283936,878854,70656
cfd1,p16_g4_l20,GreedyRecomputerMask3,112540,209362,108028,2354,101334,16.283936,878854,70656
cfd1,p16_g4_l20,GreedyRecomputerMask7,175784,209327,107980,2353,101347,16.283936,878854,70656
cfd1,p16_g4_l20,GreedyRecomputerMask2,111779,209585,108236,2353,101349,16.283936,878854,70656
cfd1,p16_g4_l20,GreedyRecomputerMask4,125919,211258,110264,2518,100994,16.283936,878854,70656
cfd1,p16_g4_l20,GreedyBspHC,96458,257883,156892,2543,100991,16.283936,878854,70656
instance_CG_N45_K13_nzP0d15,p16_g4_l20,GreedyRecomputerMask0,1116,11413,8696,84,2717,63.135484,22088,9786
instance_CG_N45_K13_nzP0d15,p16_g4_l20,GreedyRecomputerMask1,1207,11305,8560,84,2745,63.135484,22088,9786
instance_CG_N45_K13_nzP0d15,p16_g4_l20,GreedyRecomputerMask3,1679,11189,8376,78,2813,63.135484,22088,9786
instance_CG_N45_K13_nzP0d15,p16_g4_l20,GreedyRecomputerMask7,3337,11185,8372,78,2813,63.135484,22088,9786
instance_CG_N45_K13_nzP0d15,p16_g4_l20,GreedyRecomputerMask2,1644,11195,8388,77,2807,63.135484,22088,9786
instance_CG_N45_K13_nzP0d15,p16_g4_l20,GreedyRecomputerMask4,2240,11409,8692,84,2717,63.135484,22088,9786
instance_CG_N45_K13_nzP0d15,p16_g4_l20,GreedyBspHC,953,11988,9272,85,2716,63.135484,22088,9786
instance_kNN_N30_K8_nzP0d15,p16_g4_l20,GreedyRecomputerMask0,387,877,672,14,205,76.187500,2601,1219
instance_kNN_N30_K8_nzP0d15,p16_g4_l20,GreedyRecomputerMask1,399,818,608,13,210,76.187500,2601,1219
instance_kNN_N30_K8_nzP0d15,p16_g4_l20,GreedyRecomputerMask3,454,747,500,10,247,76.187500,2601,1219
instance_kNN_N30_K8_nzP0d15,p16_g4_l20,GreedyRecomputerMask7,669,747,500,10,247,76.187500,2601,1219
instance_kNN_N30_K8_nzP0d15,p16_g4_l20,GreedyRecomputerMask2,425,810,568,10,242,76.187500,2601,1219
instance_kNN_N30_K8_nzP0d15,p16_g4_l20,GreedyRecomputerMask4,453,877,672,14,205,76.187500,2601,1219
instance_kNN_N30_K8_nzP0d15,p16_g4_l20,GreedyBspHC,370,973,768,14,205,76.187500,2601,1219
instance_spmv_N70_nzP0d19,p16_g4_l20,GreedyRecomputerMask0,292,712,472,3,240,960.000000,2670,1920
instance_spmv_N70_nzP0d19,p16_g4_l20,GreedyRecomputerMask1,341,559,284,3,275,960.000000,2670,1920
instance_spmv_N70_nzP0d19,p16_g4_l20,GreedyRecomputerMask3,371,465,0,1,465,960.000000,2670,1920
instance_spmv_N70_nzP0d19,p16_g4_l20,GreedyRecomputerMask7,607,465,0,1,465,960.000000,2670,1920
instance_spmv_N70_nzP0d19,p16_g4_l20,GreedyRecomputerMask2,337,465,0,1,465,960.000000,2670,1920
instance_spmv_N70_nzP0d19,p16_g4_l20,GreedyRecomputerMask4,393,712,472,3,240,960.000000,2670,1920
instance_spmv_N70_nzP0d19,p16_g4_l20,GreedyBspHC,269,716,476,3,240,960.000000,2670,1920
nasa1824,p16_g4_l20,GreedyRecomputerMask0,901,6928,3744,98,3184,9.859459,18692,1824
nasa1824,p16_g4_l20,GreedyRecomputerMask1,926,6927,3740,98,3187,9.859459,18692,1824
nasa1824,p16_g4_l20,GreedyRecomputerMask3,1048,6651,3404,82,3247,9.859459,18692,1824
nasa1824,p16_g4_l20,GreedyRecomputerMask7,1802,6651,3404,82,3247,9.859459,18692,1824
nasa1824,p16_g4_l20,GreedyRecomputerMask2,1043,6657,3408,82,3249,9.859459,18692,1824
nasa1824,p16_g4_l20,GreedyRecomputerMask4,1676,6900,3716,98,3184,9.859459,18692,1824
nasa1824,p16_g4_l20,GreedyBspHC,846,7937,4744,105,3193,9.859459,18692,1824
kdd.psdd,p16_g4_l20,GreedyRecomputerMask0,3614,8269,6228,12,2041,1601.050000,79972,32021
kdd.psdd,p16_g4_l20,GreedyRecomputerMask1,4694,7852,5680,12,2172,1601.050000,79972,32021
kdd.psdd,p16_g4_l20,GreedyRecomputerMask3,6058,7778,5624,11,2154,1601.050000,79972,32021
kdd.psdd,p16_g4_l20,GreedyRecomputerMask7,12329,7778,5624,11,2154,1601.050000,79972,32021
kdd.psdd,p16_g4_l20,GreedyRecomputerMask2,5167,7921,5328,10,2593,1601.050000,79972,32021
kdd.psdd,p16_g4_l20,GreedyRecomputerMask4,5752,8269,6228,12,2041,1601.050000,79972,32021
kdd.psdd,p16_g4_l20,GreedyBspHC,3124,8865,6824,12,2041,1601.050000,79972,32021
thermomech_TC,p16_g4_l20,GreedyRecomputerMask0,16686,39662,20476,15,19186,318.249221,304700,102158
thermomech_TC,p16_g4_l20,GreedyRecomputerMask1,183973,29176,8644,15,20532,318.249221,304700,102158
thermomech_TC,p16_g4_l20,GreedyRecomputerMask3,198811,28227,7116,6,21111,318.249221,304700,102158
thermomech_TC,p16_g4_l20,GreedyRecomputerMask7,252212,28242,7200,6,21042,318.249221,304700,102158
thermomech_TC,p16_g4_l20,GreedyRecomputerMask2,24495,30432,2008,5,28424,318.249221,304700,102158
thermomech_TC,p16_g4_l20,GreedyRecomputerMask4,37521,39662,20476,15,19186,318.249221,304700,102158
thermomech_TC,p16_g4_l20,GreedyBspHC,14530,40218,21036,15,19182,318.249221,304700,102158
instance_spmv_N120_nzP0d18,p16_g4_l20,GreedyRecomputerMask0,772,1686,1032,3,654,2663.000000,7629,5326
instance_spmv_N120_nzP0d18,p16_g4_l20,GreedyRecomputerMask1,959,1421,688,3,733,2663.000000,7629,5326
instance_spmv_N120_nzP0d18,p16_g4_l20,GreedyRecomputerMask3,1047,1208,0,1,1208,2663.000000,7629,5326
instance_spmv_N120_nzP0d18,p16_g4_l20,GreedyRecomputerMask7,1742,1208,0,1,1208,2663.000000,7629,5326
instance_spmv_N120_nzP0d18,p16_g4_l20,GreedyRecomputerMask2,887,1208,0,1,1208,2663.000000,7629,5326
instance_spmv_N120_nzP0d18,p16_g4_l20,GreedyRecomputerMask4,1074,1686,1032,3,654,2663.000000,7629,5326
instance_spmv_N120_nzP0d18,p16_g4_l20,GreedyBspHC,700,1706,1052,3,654,2663.000000,7629,5326
raefsky4,p16_g4_l20,GreedyRecomputerMask0,7517,64112,17476,151,46636,54.040984,654416,19779
raefsky4,p16_g4_l20,GreedyRecomputerMask1,8263,63943,17288,151,46655,54.040984,654416,19779
raefsky4,p16_g4_l20,GreedyRecomputerMask3,9998,63896,17260,148,46636,54.040984,654416,19779
raefsky4,p16_g4_l20,GreedyRecomputerMask7,25568,63896,17260,148,46636,54.040984,654416,19779
raefsky4,p16_g4_l20,GreedyRecomputerMask2,9600,64065,17448,148,46617,54.040984,654416,19779
raefsky4,p16_g4_l20,GreedyRecomputerMask4,15241,64112,17476,151,46636,54.040984,654416,19779
raefsky4,p16_g4_l20,GreedyBspHC,5143,73390,26732,159,46658,54.040984,654416,19779
instance_exp_N60_K17_nzP0d13,p16_g4_l20,GreedyRecomputerMask0,1755,5136,3572,30,1564,268.382353,22821,9125
instance_exp_N60_K17_nzP0d13,p16_g4_l20,GreedyRecomputerMask1,1988,4609,2924,30,1685,268.382353,22821,9125
instance_exp_N60_K17_nzP0d13,p16_g4_l20,GreedyRecomputerMask3,2458,4531,2744,27,1787,268.382353,22821,9125
instance_exp_N60_K17_nzP0d13,p16_g4_l20,GreedyRecomputerMask7,4266,4531,2744,27,1787,268.382353,22821,9125
instance_exp_N60_K17_nzP0d13,p16_g4_l20,GreedyRecomputerMask2,2312,4967,3252,27,1715,268.382353,22821,9125
instance_exp_N60_K17_nzP0d13,p16_g4_l20,GreedyRecomputerMask4,2940,5136,3572,30,1564,268.382353,22821,9125
instance_exp_N60_K17_nzP0d13,p16_g4_l20,GreedyBspHC,1586,5676,4112,30,1564,268.382353,22821,9125
instance_spmv_N65_nzP0d18,p16_g4_l20,GreedyRecomputerMask0,239,599,404,3,195,802.000000,2211,1604
instance_spmv_N65_nzP0d18,p16_g4_l20,GreedyRecomputerMask1,270,469,244,3,225,802.000000,2211,1604
instance_spmv_N65_nzP0d18,p16_g4_l20,GreedyRecomputerMask3,296,379,0,1,379,802.000000,2211,1604
instance_spmv_N65_nzP0d18,p16_g4_l20,GreedyRecomputerMask7,496,379,0,1,379,802.000000,2211,1604
instance_spmv_N65_nzP0d18,p16_g4_l20,GreedyRecomputerMask2,272,379,0,1,379,802.000000,2211,1604
instance_spmv_N65_nzP0d18,p16_g4_l20,GreedyRecomputerMask4,320,599,404,3,195,802.000000,2211,1604
instance_spmv_N65_nzP0d18,p16_g4_l20,GreedyBspHC,219,603,408,3,195,802.000000,2211,1604
instance_CG_N40_K10_nzP0d2,p16_g4_l20,GreedyRecomputerMask0,1133,8429,6468,68,1961,61.638655,16632,7335
instance_CG_N40_K10_nzP0d2,p16_g4_l20,GreedyRecomputerMask1,1263,8331,6340,68,1991,61.638655,16632,7335
instance_CG_N40_K10_nzP0d2,p16_g4_l20,GreedyRecomputerMask3,1563,8227,6152,62,2075,61.638655,16632,7335
instance_CG_N40_K10_nzP0d2,p16_g4_l20,GreedyRecomputerMask7,2816,8223,6148,62,2075,61.638655,16632,7335
instance_CG_N40_K10_nzP0d2,p16_g4_l20,GreedyRecomputerMask2,1529,8276,6204,62,2072,61.638655,16632,7335
instance_CG_N40_K10_nzP0d2,p16_g4_l20,GreedyRecomputerMask4,1988,8425,6464,68,1961,61.638655,16632,7335
instance_CG_N40_K10_nzP0d2,p16_g4_l20,GreedyBspHC,1021,8714,6756,70,1958,61.638655,16632,7335
baudio.psdd,p16_g4_l20,GreedyRecomputerMask0,3375,7752,5552,16,2200,1329.500000,94229,34567
baudio.psdd,p16_g4_l20,GreedyRecomputerMask1,4594,7249,4896,16,2353,1329.500000,94229,34567
baudio.psdd,p16_g4_l20,GreedyRecomputerMask3,6127,7200,4844,14,2356,1329.500000,94229,34567
baudio.psdd,p16_g4_l20,GreedyRecomputerMask7,13042,7200,4844,14,2356,1329.500000,94229,34567
baudio.psdd,p16_g4_l20,GreedyRecomputerMask2,5067,7354,4616,13,2738,1329.500000,94229,34567
baudio.psdd,p16_g4_l20,GreedyRecomputerMask4,8215,7752,5552,16,2200,1329.500000,94229,34567
baudio.psdd,p16_g4_l20,GreedyBspHC,2797,8764,6564,16,2200,1329.500000,94229,34567
instance_exp_N100_K40_nzP0d2,p16_g4_l20,GreedyRecomputerMask0,15038,41066,26044,74,15022,1042.425000,232080,83394
instance_exp_N100_K40_nzP0d2,p16_g4_l20,GreedyRecomputerMask1,22265,37890,22036,74,15854,1042.425000,232080,83394
instance_exp_N100_K40_nzP0d2,p16_g4_l20,GreedyRecomputerMask3,26307,37684,21452,71,16232,1042.425000,232080,83394
instance_exp_N100_K40_nzP0d2,p16_g4_l20,GreedyRecomputerMask7,44845,37684,21452,71,16232,1042.425000,232080,83394
instance_exp_N100_K40_nzP0d2,p16_g4_l20,GreedyRecomputerMask2,21593,40364,24748,71,15616,1042.425000,232080,83394
instance_exp_N100_K40_nzP0d2,p16_g4_l20,GreedyRecomputerMask4,27519,41066,26044,74,15022,1042.425000,232080,83394
instance_exp_N100_K40_nzP0d2,p16_g4_l20,GreedyBspHC,13162,45466,30444,74,15022,1042.425000,232080,83394
ad.psdd,p16_g4_l20,GreedyRecomputerMask0,4011,5750,4308,21,1442,464.104167,47345,22277
ad.psdd,p16_g4_l20,GreedyRecomputerMask1,5701,4789,3036,21,1753,464.104167,47345,22277
ad.psdd,p16_g4_l20,GreedyRecomputerMask3,6767,4217,1904,13,2313,464.104167,47345,22277
ad.psdd,p16_g4_l20,GreedyRecomputerMask7,11671,4215,1900,13,2315,464.104167,47345,22277
ad.psdd,p16_g4_l20,GreedyRecomputerMask2,4998,4500,2232,13,2268,464.104167,47345,22277
ad.psdd,p16_g4_l20,GreedyRecomputerMask4,7324,5742,4296,20,1446,464.104167,47345,22277
ad.psdd,p16_g4_l20,GreedyBspHC,3651,6490,5048,21,1442,464.104167,47345,22277
1138_bus,p16_g4_l20,GreedyRecomputerMask0,118,522,404,10,118,56.900000,1458,1138
1138_bus,p16_g4_l20,GreedyRecomputerMask1,122,475,356,10,119,56.900000,1458,1138
1138_bus,p16_g4_l20,GreedyRecomputerMask3,142,233,0,1,233,56.900000,1458,1138
1138_bus,p16_g4_l20,GreedyRecomputerMask7,274,233,0,1,233,56.900000,1458,1138
1138_bus,p16_g4_l20,GreedyRecomputerMask2,138,233,0,1,233,56.900000,1458,1138
1138_bus,p16_g4_l20,GreedyRecomputerMask4,218,522,404,10,118,56.900000,1458,1138
1138_bus,p16_g4_l20,GreedyBspHC,101,554,436,10,118,56.900000,1458,1138
instance_exp_N90_K7_nzP0d14,p16_g4_l20,GreedyRecomputerMask0,3200,5158,3568,13,1590,688.000000,23394,9632
instance_exp_N90_K7_nzP0d14,p16_g4_l20,GreedyRecomputerMask1,4005,4243,2368,13,1875,688.000000,23394,9632
instance_exp_N90_K7_nzP0d14,p16_g4_l20,GreedyRecomputerMask3,4374,4139,2064,11,2075,688.000000,23394,9632
instance_exp_N90_K7_nzP0d14,p16_g4_l20,GreedyRecomputerMask7,6517,4139,2064,11,2075,688.000000,23394,9632
instance_exp_N90_K7_nzP0d14,p16_g4_l20,GreedyRecomputerMask2,3857,4782,2868,11,1914,688.000000,23394,9632
instance_exp_N90_K7_nzP0d14,p16_g4_l20,GreedyRecomputerMask4,4599,5158,3568,13,1590,688.000000,23394,9632
instance_exp_N90_K7_nzP0d14,p16_g4_l20,GreedyBspHC,3021,5410,3820,13,1590,688.000000,23394,9632
bbc.psdd,p16_g4_l20,GreedyRecomputerMask0,5044,6714,5048,18,1666,591.431818,54018,26023
bbc.psdd,p16_g4_l20,GreedyRecomputerMask1,7339,5411,3312,18,2099,591.431818,54018,26023
bbc.psdd,p16_g4_l20,GreedyRecomputerMask3,8356,5366,3256,16,2110,591.431818,54018,26023
bbc.psdd,p16_g4_l20,GreedyRecomputerMask7,13666,5366,3256,16,2110,591.431818,54018,26023
bbc.psdd,p16_g4_l20,GreedyRecomputerMask2,6259,5720,3000,15,2720,591.431818,54018,26023
bbc.psdd,p16_g4_l20,GreedyRecomputerMask4,8737,6714,5048,18,1666,591.431818,54018,26023
bbc.psdd,p16_g4_l20,GreedyBspHC,4640,7330,5664,18,1666,591.431818,54018,26023
Dubcova1,p16_g4_l20,GreedyRecomputerMask0,11480,23181,11804,263,11377,22.878014,118440,16129
Dubcova1,p16_g4_l20,GreedyRecomputerMask1,12479,22410,10960,262,11450,22.878014,118440,16129
Dubcova1,p16_g4_l20,GreedyRecomputerMask3,13723,21750,10064,220,11686,22.878014,118440,16129
Dubcova1,p16_g4_l20,GreedyRecomputerMask7,20899,21734,10048,220,11686,22.878014,118440,16129
Dubcova1,p16_g4_l20,GreedyRecomputerMask2,13088,22282,10272,218,12010,22.878014,118440,16129
Dubcova1,p16_g4_l20,GreedyRecomputerMask4,17009,23139,11736,260,11403,22.878014,118440,16129
Dubcova1,p16_g4_l20,GreedyBspHC,10864,27415,16048,282,11367,22.878014,118440,16129
instance_spmv_N130_nzP0d22,p16_g4_l20,GreedyRecomputerMask0,1097,2339,1416,3,923,3741.000000,10833,7482
instance_spmv_N130_nzP0d22,p16_g4_l20,GreedyRecomputerMask1,1205,2265,1340,3,925,3741.000000,10833,7482
instance_spmv_N130_nzP0d22,p16_g4_l20,GreedyRecomputerMask3,1327,1687,0,1,1687,3741.000000,10833,7482
instance_spmv_N130_nzP0d22,p16_g4_l20,GreedyRecomputerMask7,2337,1687,0,1,1687,3741.000000,10833,7482
instance_spmv_N130_nzP0d22,p16_g4_l20,GreedyRecomputerMask2,1273,1687,0,1,1687,3741.000000,10833,7482
instance_spmv_N130_nzP0d22,p16_g4_l20,GreedyRecomputerMask4,1529,2339,1416,3,923,3741.000000,10833,7482
instance_spmv_N130_nzP0d22,p16_g4_l20,GreedyBspHC,991,2371,1448,3,923,3741.000000,10833,7482
Andrews,p16_g4_l20,GreedyRecomputerMask0,16951,52937,30828,18,22109,1304.347826,350077,60000
Andrews,p16_g4_l20,GreedyRecomputerMask1,82788,46407,23160,18,23247,1304.347826,350077,60000
Andrews,p16_g4_l20,GreedyRecomputerMask3,101937,45920,22308,17,23612,1304.347826,350077,60000
Andrews,p16_g4_l20,GreedyRecomputerMask7,217855,45870,22208,17,23662,1304.347826,350077,60000
Andrews,p16_g4_l20,GreedyRecomputerMask2,23757,49791,23840,16,25951,1304.347826,350077,60000
Andrews,p16_g4_l20,GreedyRecomputerMask4,34550,52937,30828,18,22109,1304.347826,350077,60000
Andrews,p16_g4_l20,GreedyBspHC,14357,54514,32408,18,22106,1304.347826,350077,60000
msnbc-yitao-c.psdd,p16_g4_l20,GreedyRecomputerMask0,834,1683,1364,6,319,997.800000,7164,4989
msnbc-yitao-c.psdd,p16_g4_l20,GreedyRecomputerMask1,1042,1332,896,6,436,997.800000,7164,4989
msnbc-yitao-c.psdd,p16_g4_l20,GreedyRecomputerMask3,1134,1211,524,4,687,997.800000,7164,4989
msnbc-yitao-c.psdd,p16_g4_l20,GreedyRecomputerMask7,1852,1211,524,4,687,997.800000,7164,4989
msnbc-yitao-c.psdd,p16_g4_l20,GreedyRecomputerMask2,951,1211,524,4,687,997.800000,7164,4989
msnbc-yitao-c.psdd,p16_g4_l20,GreedyRecomputerMask4,1133,1683,1364,6,319,997.800000,7164,4989
msnbc-yitao-c.psdd,p16_g4_l20,GreedyBspHC,766,1683,1364,6,319,997.800000,7164,4989
bcsstk26,p16_g4_l20,GreedyRecomputerMask0,472,4316,1904,42,2412,11.791411,14207,1922
bcsstk26,p16_g4_l20,GreedyRecomputerMask1,512,4221,1800,41,2421,11.791411,14207,1922
bcsstk26,p16_g4_l20,GreedyRecomputerMask3,687,4003,1516,26,2487,11.791411,14207,1922
bcsstk26,p16_g4_l20,GreedyRecomputerMask7,1444,4027,1564,28,2463,11.791411,14207,1922
bcsstk26,p16_g4_l20,GreedyRecomputerMask2,635,4059,1560,26,2499,11.791411,14207,1922
bcsstk26,p16_g4_l20,GreedyRecomputerMask4,1072,4292,1880,42,2412,11.791411,14207,1922
bcsstk26,p16_g4_l20,GreedyBspHC,432,4652,2252,48,2400,11.791411,14207,1922
instance_CG_N120_K35_nzP0d11,p16_g4_l20,GreedyRecomputerMask0,14580,78065,54272,245,23793,230.751790,241842,96685
instance_CG_N120_K35_nzP0d11,p16_g4_l20,GreedyRecomputerMask1,16522,77305,53328,245,23977,230.751790,241842,96685
instance_CG_N120_K35_nzP0d11,p16_g4_l20,GreedyRecomputerMask3,22149,77073,53072,231,24001,230.751790,241842,96685
instance_CG_N120_K35_nzP0d11,p16_g4_l20,GreedyRecomputerMask7,41358,77073,53072,231,24001,230.751790,241842,96685
instance_CG_N120_K35_nzP0d11,p16_g4_l20,GreedyRecomputerMask2,20593,77353,53044,230,24309,230.751790,241842,96685
instance_CG_N120_K35_nzP0d11,p16_g4_l20,GreedyRecomputerMask4,27749,78065,54272,245,23793,230.751790,241842,96685
instance_CG_N120_K35_nzP0d11,p16_g4_l20,GreedyBspHC,12783,83585,59804,246,23781,230.751790,241842,96685
nasa2910,p16_g4_l20,GreedyRecomputerMask0,12698,34118,8704,174,25414,6.100629,85693,2910
nasa2910,p16_g4_l20,GreedyRecomputerMask1,12896,33861,8436,172,25425,6.100629,85693,2910
nasa2910,p16_g4_l20,GreedyRecomputerMask3,13418,33058,7788,138,25270,6.100629,85693,2910
nasa2910,p16_g4_l20,GreedyRecomputerMask7,17683,32988,7724,138,25264,6.100629,85693,2910
nasa2910,p16_g4_l20,GreedyRecomputerMask2,13333,33182,8008,132,25174,6.100629,85693,2910
nasa2910,p16_g4_l20,GreedyRecomputerMask4,15794,34074,8660,174,25414,6.100629,85693,2910
nasa2910,p16_g4_l20,GreedyBspHC,12424,37836,12376,222,25460,6.100629,85693,2910
gyro_m,p16_g4_l20,GreedyRecomputerMask0,9316,30122,13364,292,16758,18.647691,161535,17361
gyro_m,p16_g4_l20,GreedyRecomputerMask1,9524,30079,13316,292,16763,18.647691,161535,17361
gyro_m,p16_g4_l20,GreedyRecomputerMask3,11551,29046,12012,220,17034,18.647691,161535,17361
gyro_m,p16_g4_l20,GreedyRecomputerMask7,19518,28934,11884,216,17050,18.647691,161535,17361
gyro_m,p16_g4_l20,GreedyRecomputerMask2,11457,29125,12100,219,17025,18.647691,161535,17361
gyro_m,p16_g4_l20,GreedyRecomputerMask4,15818,30108,13340,291,16768,18.647691,161535,17361
gyro_m,p16_g4_l20,GreedyBspHC,8774,33360,16588,307,16772,18.647691,161535,17361
instance_kNN_N55_K14_nzP0d15,p8_g4_l20,GreedyRecomputerMask0,843,6259,3980,23,2279,247.892857,17244,6941
instance_kNN_N55_K14_nzP0d15,p8_g4_l20,GreedyRecomputerMask1,1091,5613,3160,23,2453,247.892857,17244,6941
instance_kNN_N55_K14_nzP0d15,p8_g4_l20,GreedyRecomputerMask3,1264,5523,3004,20,2519,247.892857,17244,6941
instance_kNN_N55_K14_nzP0d15,p8_g4_l20,GreedyRecomputerMask7,1909,5523,3004,20,2519,247.892857,17244,6941
instance_kNN_N55_K14_nzP0d15,p8_g4_l20,GreedyRecomputerMask2,1142,6096,3712,20,2384,247.892857,17244,6941
instance_kNN_N55_K14_nzP0d15,p8_g4_l20,GreedyRecomputerMask4,1311,6259,3980,23,2279,247.892857,17244,6941
instance_kNN_N55_K14_nzP0d15,p8_g4_l20,GreedyBspHC,739,6679,4400,23,2279,247.892857,17244,6941
instance_exp_N30_K8_nzP0d15,p8_g4_l20,GreedyRecomputerMask0,115,1420,996,14,424,87.187500,3024,1395
instance_exp_N30_K8_nzP0d15,p8_g4_l20,GreedyRecomputerMask1,132,1248,776,14,472,87.187500,3024,1395
instance_exp_N30_K8_nzP0d15,p8_g4_l20,GreedyRecomputerMask3,173,1190,676,12,514,87.187500,3024,1395
instance_exp_N30_K8_nzP0d15,p8_g4_l20,GreedyRecomputerMask7,288,1190,676,12,514,87.187500,3024,1395
instance_exp_N30_K8_nzP0d15,p8_g4_l20,GreedyRecomputerMask2,146,1304,812,12,492,87.187500,3024,1395
instance_exp_N30_K8_nzP0d15,p8_g4_l20,GreedyRecomputerMask4,197,1420,996,14,424,87.187500,3024,1395
instance_exp_N30_K8_nzP0d15,p8_g4_l20,GreedyBspHC,97,1500,1076,14,424,87.187500,3024,1395
instance_kNN_N100_K50_nzP0d1,p8_g4_l20,GreedyRecomputerMask0,4786,44486,25136,72,19350,565.210000,151731,56521
instance_kNN_N100_K50_nzP0d1,p8_g4_l20,GreedyRecomputerMask1,6642,42505,22588,72,19917,565.210000,151731,56521
instance_kNN_N100_K50_nzP0d1,p8_g4_l20,GreedyRecomputerMask3,8791,42403,22412,69,19991,565.210000,151731,56521
instance_kNN_N100_K50_nzP0d1,p8_g4_l20,GreedyRecomputerMask7,14526,42403,22412,69,19991,565.210000,151731,56521
instance_kNN_N100_K50_nzP0d1,p8_g4_l20,GreedyRecomputerMask2,7635,44048,24040,68,20008,565.210000,151731,56521
instance_kNN_N100_K50_nzP0d1,p8_g4_l20,GreedyRecomputerMask4,8864,44486,25136,72,19350,565.210000,151731,56521
instance_kNN_N100_K50_nzP0d1,p8_g4_l20,GreedyBspHC,3872,46531,27196,72,19335,565.210000,151731,56521
msc10848,p8_g4_l20,GreedyRecomputerMask0,3529,109963,12568,42,97395,18.386441,609465,10848
msc10848,p8_g4_l20,GreedyRecomputerMask1,6023,108891,11328,42,97563,18.386441,609465,10848
msc10848,p8_g4_l20,GreedyRecomputerMask3,8345,108768,11292,38,97476,18.386441,609465,10848
msc10848,p8_g4_l20,GreedyRecomputerMask7,22147,108768,11292,38,97476,18.386441,609465,10848
msc10848,p8_g4_l20,GreedyRecomputerMask2,5936,109788,12516,38,97272,18.386441,609465,10848
msc10848,p8_g4_l20,GreedyRecomputerMask4,10667,109963,12568,42,97395,18.386441,609465,10848
msc10848,p8_g4_l20,GreedyBspHC,1503,114372,16928,45,97444,18.386441,609465,10848
plants.psdd,p8_g4_l20,GreedyRecomputerMask0,3380,22024,13976,13,8048,3341.473684,167486,63488
plants.psdd,p8_g4_l20,GreedyRecomputerMask1,8024,20289,11780,13,8509,3341.473684,167486,63488
plants.psdd,p8_g4_l20,GreedyRecomputerMask3,10053,20183,11756,12,8427,3341.473684,167486,63488
plants.psdd,p8_g4_l20,GreedyRecomputerMask7,16426,20183,11756,12,8427,3341.473684,167486,63488
plants.psdd,p8_g4_l20,GreedyRecomputerMask2,5614,21100,11648,11,9452,3341.473684,167486,63488
plants.psdd,p8_g4_l20,GreedyRecomputerMask4,7933,22024,13976,13,8048,3341.473684,167486,63488
plants.psdd,p8_g4_l20,GreedyBspHC,2554,22123,14076,13,8047,3341.473684,167486,63488
cvxbqp1,p8_g4_l20,GreedyRecomputerMask0,2813,35329,16492,12,18837,2083.333333,149984,50000
cvxbqp1,p8_g4_l20,GreedyRecomputerMask1,29430,31151,11560,12,19591,2083.333333,149984,50000
cvxbqp1,p8_g4_l20,GreedyRecomputerMask3,31863,31107,11508,10,19599,2083.333333,149984,50000
cvxbqp1,p8_g4_l20,GreedyRecomputerMask7,41178,31107,11508,10,19599,2083.333333,149984,50000
cvxbqp1,p8_g4_l20,GreedyRecomputerMask2,4854,32351,9860,9,22491,2083.333333,149984,50000
cvxbqp1,p8_g4_l20,GreedyRecomputerMask4,7484,35329,16492,12,18837,2083.333333,149984,50000
cvxbqp1,p8_g4_l20,GreedyBspHC,2074,35533,16696,12,18837,2083.333333,149984,50000
asia.uai.psdd,p8_g4_l20,GreedyRecomputerMask0,3,128,116,5,12,8.600000,62,43
asia.uai.psdd,p8_g4_l20,GreedyRecomputerMask1,3,99,84,4,15,8.600000,62,43
asia.uai.psdd,p8_g4_l20,GreedyRecomputerMask3,4,42,0,1,42,8.600000,62,43
asia.uai.psdd,p8_g4_l20,GreedyRecomputerMask7,6,42,0,1,42,8.600000,62,43
asia.uai.psdd,p8_g4_l20,GreedyRecomputerMask2,4,42,0,1,42,8.600000,62,43
asia.uai.psdd,p8_g4_l20,GreedyRecomputerMask4,7,112,96,4,16,8.600000,62,43
asia.uai.psdd,p8_g4_l20,GreedyBspHC,2,135,124,5,11,8.600000,62,43
2cubes_sphere,p8_g4_l20,GreedyRecomputerMask0,908886,473757,289000,7687,184757,7.083473,772886,101492
2cubes_sphere,p8_g4_l20,GreedyRecomputerMask1,925998,470269,284716,7686,185553,7.083473,772886,101492
2cubes_sphere,p8_g4_l20,GreedyRecomputerMask3,943996,445922,256712,5917,189210,7.083473,772886,101492
2cubes_sphere,p8_g4_l20,GreedyRecomputerMask7,978683,445603,256296,5927,189307,7.083473,772886,101492
2cubes_sphere,p8_g4_l20,GreedyRecomputerMask2,926823,450505,261828,5871,188677,7.083473,772886,101492
2cubes_sphere,p8_g4_l20,GreedyRecomputerMask4,929244,473693,288920,7684,184773,7.083473,772886,101492
2cubes_sphere,p8_g4_l20,GreedyBspHC,904234,545313,360540,7976,184773,7.083473,772886,101492
instance_CG_N21_K5_nzP0d3,p8_g4_l20,GreedyRecomputerMask0,206,2799,2048,32,751,32.000000,3996,1888
instance_CG_N21_K5_nzP0d3,p8_g4_l20,GreedyRecomputerMask1,219,2721,1944,32,777,32.000000,3996,1888
instance_CG_N21_K5_nzP0d3,p8_g4_l20,GreedyRecomputerMask3,294,2610,1744,24,866,32.000000,3996,1888
instance_CG_N21_K5_nzP0d3,p8_g4_l20,GreedyRecomputerMask7,454,2610,1744,24,866,32.000000,3996,1888
instance_CG_N21_K5_nzP0d3,p8_g4_l20,GreedyRecomputerMask2,285,2648,1772,23,876,32.000000,3996,1888
instance_CG_N21_K5_nzP0d3,p8_g4_l20,GreedyRecomputerMask4,253,2799,2048,32,751,32.000000,3996,1888
instance_CG_N21_K5_nzP0d3,p8_g4_l20,GreedyBspHC,185,2919,2168,35,751,32.000000,3996,1888
msnbc-yitao-d.psdd,p8_g4_l20,GreedyRecomputerMask0,350,2489,1952,6,537,848.000000,6908,4240
msnbc-yitao-d.psdd,p8_g4_l20,GreedyRecomputerMask1,595,1923,1204,6,719,848.000000,6908,4240
msnbc-yitao-d.psdd,p8_g4_l20,GreedyRecomputerMask3,698,1753,684,4,1069,848.000000,6908,4240
msnbc-yitao-d.psdd,p8_g4_l20,GreedyRecomputerMask7,1088,1753,684,4,1069,848.000000,6908,4240
msnbc-yitao-d.psdd,p8_g4_l20,GreedyRecomputerMask2,469,1764,692,4,1072,848.000000,6908,4240
msnbc-yitao-d.psdd,p8_g4_l20,GreedyRecomputerMask4,478,2489,1952,6,537,848.000000,6908,4240
msnbc-yitao-d.psdd,p8_g4_l20,GreedyBspHC,308,2489,1952,6,537,848.000000,6908,4240
smt,p8_g4_l20,GreedyRecomputerMask0,69597,499345,63584,746,435761,5.519536,1863737,25710
smt,p8_g4_l20,GreedyRecomputerMask1,75093,498640,62852,746,435788,5.519536,1863737,25710
smt,p8_g4_l20,GreedyRecomputerMask3,82816,496137,60960,666,435177,5.519536,1863737,25710
smt,p8_g4_l20,GreedyRecomputerMask7,115044,496121,60944,666,435177,5.519536,1863737,25710
smt,p8_g4_l20,GreedyRecomputerMask2,79639,496644,61688,661,434956,5.519536,1863737,25710
smt,p8_g4_l20,GreedyRecomputerMask4,95822,498936,63172,741,435764,5.519536,1863737,25710
smt,p8_g4_l20,GreedyBspHC,62020,544837,108488,854,436349,5.519536,1863737,25710
c20ng.psdd,p8_g4_l20,GreedyRecomputerMask0,2129,10652,7404,14,3248,626.731707,56622,25696
c20ng.psdd,p8_g4_l20,GreedyRecomputerMask1,5050,8663,4748,14,3915,626.731707,56622,25696
c20ng.psdd,p8_g4_l20,GreedyRecomputerMask3,5897,8391,3388,12,5003,626.731707,56622,25696
c20ng.psdd,p8_g4_l20,GreedyRecomputerMask7,8601,8391,3388,12,5003,626.731707,56622,25696
c20ng.psdd,p8_g4_l20,GreedyRecomputerMask2,2979,8758,3808,12,4950,626.731707,56622,25696
c20ng.psdd,p8_g4_l20,GreedyRecomputerMask4,4050,10652,7404,14,3248,626.731707,56622,25696
c20ng.psdd,p8_g4_l20,GreedyBspHC,1790,11090,7844,14,3246,626.731707,56622,25696
instance_hpcg,p8_g4_l20,GreedyRecomputerMask0,17977,272357,208692,6253,63665,8.626276,193610,72685
instance_hpcg,p8_g4_l20,GreedyRecomputerMask1,156002,268971,224072,6253,44899,8.626276,193610,72685
instance_hpcg,p8_g4_l20,GreedyRecomputerMask3,168211,165652,14780,380,150872,8.626276,193610,72685
instance_hpcg,p8_g4_l20,GreedyRecomputerMask7,229454,165448,14296,369,151152,8.626276,193610,72685
instance_hpcg,p8_g4_l20,GreedyRecomputerMask2,53338,168562,17168,344,151394,8.626276,193610,72685
instance_hpcg,p8_g4_l20,GreedyRecomputerMask4,23953,272349,208676,6253,63673,8.626276,193610,72685
instance_hpcg,p8_g4_l20,GreedyBspHC,16469,272745,229136,6254,43609,8.626276,193610,72685
instance_CG_N17_K8_nzP0d25,p8_g4_l20,GreedyRecomputerMask0,252,3569,2704,51,865,20.800000,4134,1976
instance_CG_N17_K8_nzP0d25,p8_g4_l20,GreedyRecomputerMask1,258,3497,2616,50,881,20.800000,4134,1976
instance_CG_N17_K8_nzP0d25,p8_g4_l20,GreedyRecomputerMask3,323,3343,2400,40,943,20.800000,4134,1976
instance_CG_N17_K8_nzP0d25,p8_g4_l20,GreedyRecomputerMask7,556,3342,2392,40,950,20.800000,4134,1976
instance_CG_N17_K8_nzP0d25,p8_g4_l20,GreedyRecomputerMask2,317,3375,2432,40,943,20.800000,4134,1976
instance_CG_N17_K8_nzP0d25,p8_g4_l20,GreedyRecomputerMask4,294,3569,2704,51,865,20.800000,4134,1976
instance_CG_N17_K8_nzP0d25,p8_g4_l20,GreedyBspHC,225,3717,2852,56,865,20.800000,4134,1976
kdd-6k.psdd,p8_g4_l20,GreedyRecomputerMask0,170,1576,1224,11,352,134.300000,6527,2686
kdd-6k.psdd,p8_g4_l20,GreedyRecomputerMask1,210,1391,980,11,411,134.300000,6527,2686
kdd-6k.psdd,p8_g4_l20,GreedyRecomputerMask3,253,1353,800,9,553,134.300000,6527,2686
kdd-6k.psdd,p8_g4_l20,GreedyRecomputerMask7,411,1353,800,9,553,134.300000,6527,2686
kdd-6k.psdd,p8_g4_l20,GreedyRecomputerMask2,252,1354,812,9,542,134.300000,6527,2686
kdd-6k.psdd,p8_g4_l20,GreedyRecomputerMask4,335,1576,1224,11,352,134.300000,6527,2686
kdd-6k.psdd,p8_g4_l20,GreedyBspHC,135,1728,1376,11,352,134.300000,6527,2686
instance_spmv_N300_nzP0d3,p8_g4_l20,GreedyRecomputerMask0,4185,26407,12908,3,13499,27150.000000,80550,54300
instance_spmv_N300_nzP0d3,p8_g4_l20,GreedyRecomputerMask1,5269,25693,11956,3,13737,27150.000000,80550,54300
instance_spmv_N300_nzP0d3,p8_g4_l20,GreedyRecomputerMask3,6008,22617,0,1,22617,27150.000000,80550,54300
instance_spmv_N300_nzP0d3,p8_g4_l20,GreedyRecomputerMask7,9846,22617,0,1,22617,27150.000000,80550,54300
instance_spmv_N300_nzP0d3,p8_g4_l20,GreedyRecomputerMask2,5211,22617,0,1,22617,27150.000000,80550,54300
instance_spmv_N300_nzP0d3,p8_g4_l20,GreedyRecomputerMask4,6051,26407,12908,3,13499,27150.000000,80550,54300
instance_spmv_N300_nzP0d3,p8_g4_l20,GreedyBspHC,3579,26491,12992,3,13499,27150.000000,80550,54300
instance_exp_N70_K5_nzP0d18,p8_g4_l20,GreedyRecomputerMask0,495,5113,3368,9,1745,555.000000,12825,5550
instance_exp_N70_K5_nzP0d18,p8_g4_l20,GreedyRecomputerMask1,965,4169,2112,9,2057,555.000000,12825,5550
instance_exp_N70_K5_nzP0d18,p8_g4_l20,GreedyRecomputerMask3,1132,4020,1752,7,2268,555.000000,12825,5550
instance_exp_N70_K5_nzP0d18,p8_g4_l20,GreedyRecomputerMask7,1672,4020,1752,7,2268,555.000000,12825,5550
instance_exp_N70_K5_nzP0d18,p8_g4_l20,GreedyRecomputerMask2,745,4540,2400,7,2140,555.000000,12825,5550
instance_exp_N70_K5_nzP0d18,p8_g4_l20,GreedyRecomputerMask4,891,5113,3368,9,1745,555.000000,12825,5550
instance_exp_N70_K5_nzP0d18,p8_g4_l20,GreedyBspHC,412,5193,3448,9,1745,555.000000,12825,5550
asia-bdd.psdd,p8_g4_l20,GreedyRecomputerMask0,4,167,148,6,19,7.142857,104,50
asia-bdd.psdd,p8_g4_l20,GreedyRecomputerMask1,5,130,108,5,22,7.142857,104,50
asia-bdd.psdd,p8_g4_l20,GreedyRecomputerMask3,5,49,0,1,49,7.142857,104,50
asia-bdd.psdd,p8_g4_l20,GreedyRecomputerMask7,8,49,0,1,49,7.142857,104,50
asia-bdd.psdd,p8_g4_l20,GreedyRecomputerMask2,5,49,0,1,49,7.142857,104,50
asia-bdd.psdd,p8_g4_l20,GreedyRecomputerMask4,5,167,148,6,19,7.142857,104,50
asia-bdd.psdd,p8_g4_l20,GreedyBspHC,3,171,152,6,19,7.142857,104,50
instance_CG_N12_K10_nzP0d2,p8_g4_l20,GreedyRecomputerMask0,79,3450,2732,61,718,12.831933,3089,1527
instance_CG_N12_K10_nzP0d2,p8_g4_l20,GreedyRecomputerMask1,88,3424,2700,61,724,12.831933,3089,1527
instance_CG_N12_K10_nzP0d2,p8_g4_l20,GreedyRecomputerMask3,134,3317,2396,48,921,12.831933,3089,1527
instance_CG_N12_K10_nzP0d2,p8_g4_l20,GreedyRecomputerMask7,254,3309,2388,48,921,12.831933,3089,1527
instance_CG_N12_K10_nzP0d2,p8_g4_l20,GreedyRecomputerMask2,133,3321,2400,48,921,12.831933,3089,1527
instance_CG_N12_K10_nzP0d2,p8_g4_l20,GreedyRecomputerMask4,116,3450,2732,61,718,12.831933,3089,1527
instance_CG_N12_K10_nzP0d2,p8_g4_l20,GreedyBspHC,64,3590,2872,62,718,12.831933,3089,1527
instance_bicgstab_gyro_m,p8_g4_l20,GreedyRecomputerMask0,777869,142356,101724,3167,40632,4.970294,80373,50195
instance_bicgstab_gyro_m,p8_g4_l20,GreedyRecomputerMask1,778904,142124,101492,3167,40632,4.970294,80373,50195
instance_bicgstab_gyro_m,p8_g4_l20,GreedyRecomputerMask3,801397,85164,31928,558,53236,4.970294,80373,50195
instance_bicgstab_gyro_m,p8_g4_l20,GreedyRecomputerMask7,808669,84971,31688,558,53283,4.970294,80373,50195
instance_bicgstab_gyro_m,p8_g4_l20,GreedyRecomputerMask2,780532,95280,43156,556,52124,4.970294,80373,50195
instance_bicgstab_gyro_m,p8_g4_l20,GreedyRecomputerMask4,782756,132072,91440,3167,40632,4.970294,80373,50195
instance_bicgstab_gyro_m,p8_g4_l20,GreedyBspHC,776847,157836,117204,4055,40632,4.970294,80373,50195
instance_CG_N24_K22_nzP0d2,p8_g4_l20,GreedyRecomputerMask0,489,12183,8948,140,3235,28.072243,16145,7383
instance_CG_N24_K22_nzP0d2,p8_g4_l20,GreedyRecomputerMask1,570,12098,8820,140,3278,28.072243,16145,7383
instance_CG_N24_K22_nzP0d2,p8_g4_l20,GreedyRecomputerMask3,793,11633,8232,110,3401,28.072243,16145,7383
instance_CG_N24_K22_nzP0d2,p8_g4_l20,GreedyRecomputerMask7,1374,11633,8232,110,3401,28.072243,16145,7383
instance_CG_N24_K22_nzP0d2,p8_g4_l20,GreedyRecomputerMask2,882,11644,8216,108,3428,28.072243,16145,7383
instance_CG_N24_K22_nzP0d2,p8_g4_l20,GreedyRecomputerMask4,894,12159,8924,140,3235,28.072243,16145,7383
instance_CG_N24_K22_nzP0d2,p8_g4_l20,GreedyBspHC,403,12919,9684,151,3235,28.072243,16145,7383
instance_exp_N30_K10_nzP0d18,p8_g4_l20,GreedyRecomputerMask0,185,1938,1332,16,606,97.500000,4443,1950
instance_exp_N30_K10_nzP0d18,p8_g4_l20,GreedyRecomputerMask1,221,1722,1056,16,666,97.500000,4443,1950
instance_exp_N30_K10_nzP0d18,p8_g4_l20,GreedyRecomputerMask3,276,1661,944,14,717,97.500000,4443,1950
instance_exp_N30_K10_nzP0d18,p8_g4_l20,GreedyRecomputerMask7,437,1661,944,14,717,97.500000,4443,1950
instance_exp_N30_K10_nzP0d18,p8_g4_l20,GreedyRecomputerMask2,257,1819,1132,14,687,97.500000,4443,1950
instance_exp_N30_K10_nzP0d18,p8_g4_l20,GreedyRecomputerMask4,240,1938,1332,16,606,97.500000,4443,1950
instance_exp_N30_K10_nzP0d18,p8_g4_l20,GreedyBspHC,159,2062,1456,16,606,97.500000,4443,1950
msnbc-yitao-b.psdd,p8_g4_l20,GreedyRecomputerMask0,735,3431,2596,6,835,1318.000000,8870,6590
msnbc-yitao-b.psdd,p8_g4_l20,GreedyRecomputerMask1,1409,2534,1400,6,1134,1318.000000,8870,6590
msnbc-yitao-b.psdd,p8_g4_l20,GreedyRecomputerMask3,1499,2297,644,4,1653,1318.000000,8870,6590
msnbc-yitao-b.psdd,p8_g4_l20,GreedyRecomputerMask7,1924,2297,644,4,1653,1318.000000,8870,6590
msnbc-yitao-b.psdd,p8_g4_l20,GreedyRecomputerMask2,851,2297,644,4,1653,1318.000000,8870,6590
msnbc-yitao-b.psdd,p8_g4_l20,GreedyRecomputerMask4,1161,3431,2596,6,835,1318.000000,8870,6590
msnbc-yitao-b.psdd,p8_g4_l20,GreedyBspHC,668,3447,2612,6,835,1318.000000,8870,6590
nltcs.psdd,p8_g4_l20,GreedyRecomputerMask0,242,2583,1984,7,599,584.500000,10592,4676
nltcs.psdd,p8_g4_l20,GreedyRecomputerMask1,363,2323,1652,7,671,584.500000,10592,4676
nltcs.psdd,p8_g4_l20,GreedyRecomputerMask3,477,2059,1264,4,795,584.500000,10592,4676
nltcs.psdd,p8_g4_l20,GreedyRecomputerMask7,880,2059,1264,4,795,584.500000,10592,4676
nltcs.psdd,p8_g4_l20,GreedyRecomputerMask2,378,2086,1272,4,814,584.500000,10592,4676
nltcs.psdd,p8_g4_l20,GreedyRecomputerMask4,378,2583,1984,7,599,584.500000,10592,4676
nltcs.psdd,p8_g4_l20,GreedyBspHC,195,2599,2000,7,599,584.500000,10592,4676
bodyy4,p8_g4_l20,GreedyRecomputerMask0,1286,15294,7768,105,7526,25.209770,52196,17546
bodyy4,p8_g4_l20,GreedyRecomputerMask1,1371,15287,7760,105,7527,25.209770,52196,17546
bodyy4,p8_g4_l20,GreedyRecomputerMask3,1862,14921,7252,83,7669,25.209770,52196,17546
bodyy4,p8_g4_l20,GreedyRecomputerMask7,3413,14916,7256,83,7660,25.209770,52196,17546
bodyy4,p8_g4_l20,GreedyRecomputerMask2,1834,14927,7264,83,7663,25.209770,52196,17546
bodyy4,p8_g4_l20,GreedyRecomputerMask4,4101,15184,7616,98,7568,25.209770,52196,17546
bodyy4,p8_g4_l20,GreedyBspHC,1135,16755,9232,107,7523,25.209770,52196,17546
msnbc-yitao-a.psdd,p8_g4_l20,GreedyRecomputerMask0,544,3513,2672,6,841,1336.400000,8926,6682
msnbc-yitao-a.psdd,p8_g4_l20,GreedyRecomputerMask1,1226,2612,1472,6,1140,1336.400000,8926,6682
msnbc-yitao-a.psdd,p8_g4_l20,GreedyRecomputerMask3,1319,2408,696,4,1712,1336.400000,8926,6682
msnbc-yitao-a.psdd,p8_g4_l20,GreedyRecomputerMask7,1730,2408,696,4,1712,1336.400000,8926,6682
msnbc-yitao-a.psdd,p8_g4_l20,GreedyRecomputerMask2,661,2408,696,4,1712,1336.400000,8926,6682
msnbc-yitao-a.psdd,p8_g4_l20,GreedyRecomputerMask4,743,3513,2672,6,841,1336.400000,8926,6682
msnbc-yitao-a.psdd,p8_g4_l20,GreedyBspHC,474,3517,2676,6,841,1336.400000,8926,6682
simple2.2.psdd,p8_g4_l20,GreedyRecomputerMask0,0,4,0,1,4,7.000000,3,7
simple2.2.psdd,p8_g4_l20,GreedyRecomputerMask1,0,4,0,1,4,7.000000,3,7
simple2.2.psdd,p8_g4_l20,GreedyRecomputerMask3,0,4,0,1,4,7.000000,3,7
simple2.2.psdd,p8_g4_l20,GreedyRecomputerMask7,0,4,0,1,4,7.000000,3,7
simple2.2.psdd,p8_g4_l20,GreedyRecomputerMask2,0,4,0,1,4,7.000000,3,7
simple2.2.psdd,p8_g4_l20,GreedyRecomputerMask4,0,4,0,1,4,7.000000,3,7
simple2.2.psdd,p8_g4_l20,GreedyBspHC,0,4,0,1,4,7.000000,3,7
simple2.3.psdd,p8_g4_l20,GreedyRecomputerMask0,0,4,0,1,4,7.000000,3,7
simple2.3.psdd,p8_g4_l20,GreedyRecomputerMask1,0,4,0,1,4,7.000000,3,7
simple2.3.psdd,p8_g4_l20,GreedyRecomputerMask3,0,4,0,1,4,7.000000,3,7
simple2.3.psdd,p8_g4_l20,GreedyRecomputerMask7,0,4,0,1,4,7.000000,3,7
simple2.3.psdd,p8_g4_l20,GreedyRecomputerMask2,0,4,0,1,4,7.000000,3,7
simple2.3.psdd,p8_g4_l20,GreedyRecomputerMask4,0,4,0,1,4,7.000000,3,7
simple2.3.psdd,p8_g4_l20,GreedyBspHC,0,4,0,1,4,7.000000,3,7
bcsstk38,p8_g4_l20,GreedyRecomputerMask0,11329,82545,18692,323,63853,3.681027,173714,8032
bcsstk38,p8_g4_l20,GreedyRecomputerMask1,11571,82380,18512,323,63868,3.681027,173714,8032
bcsstk38,p8_g4_l20,GreedyRecomputerMask3,12497,81078,17256,263,63822,3.681027,173714,8032
bcsstk38,p8_g4_l20,GreedyRecomputerMask7,16338,81059,17244,263,63815,3.681027,173714,8032
bcsstk38,p8_g4_l20,GreedyRecomputerMask2,12398,81241,17436,264,63805,3.681027,173714,8032
bcsstk38,p8_g4_l20,GreedyRecomputerMask4,13296,82545,18692,323,63853,3.681027,173714,8032
bcsstk38,p8_g4_l20,GreedyBspHC,10848,90158,26224,412,63934,3.681027,173714,8032
bnetflix.psdd,p8_g4_l20,GreedyRecomputerMask0,1006,6216,4260,12,1956,730.476190,40736,15340
bnetflix.psdd,p8_g4_l20,GreedyRecomputerMask1,1401,5674,3564,12,2110,730.476190,40736,15340
bnetflix.psdd,p8_g4_l20,GreedyRecomputerMask3,2007,5218,2004,8,3214,730.476190,40736,15340
bnetflix.psdd,p8_g4_l20,GreedyRecomputerMask7,3604,5218,2004,8,3214,730.476190,40736,15340
bnetflix.psdd,p8_g4_l20,GreedyRecomputerMask2,1566,5574,2444,8,3130,730.476190,40736,15340
bnetflix.psdd,p8_g4_l20,GreedyRecomputerMask4,1510,6216,4260,12,1956,730.476190,40736,15340
bnetflix.psdd,p8_g4_l20,GreedyBspHC,805,6740,4784,12,1956,730.476190,40736,15340
cr52.psdd,p8_g4_l20,GreedyRecomputerMask0,1683,9263,6440,15,2823,543.780488,46968,22295
cr52.psdd,p8_g4_l20,GreedyRecomputerMask1,4461,7355,3900,15,3455,543.780488,46968,22295
cr52.psdd,p8_g4_l20,GreedyRecomputerMask3,5119,7159,2420,10,4739,543.780488,46968,22295
cr52.psdd,p8_g4_l20,GreedyRecomputerMask7,7407,7159,2420,10,4739,543.780488,46968,22295
cr52.psdd,p8_g4_l20,GreedyRecomputerMask2,2374,7423,2724,10,4699,543.780488,46968,22295
cr52.psdd,p8_g4_l20,GreedyRecomputerMask4,3295,9262,6436,14,2826,543.780488,46968,22295
cr52.psdd,p8_g4_l20,GreedyBspHC,1415,9555,6732,15,2823,543.780488,46968,22295
bcsstk23,p8_g4_l20,GreedyRecomputerMask0,360,7010,3892,55,3118,25.274194,21022,3134
bcsstk23,p8_g4_l20,GreedyRecomputerMask1,387,6993,3872,55,3121,25.274194,21022,3134
bcsstk23,p8_g4_l20,GreedyRecomputerMask3,547,6936,3804,52,3132,25.274194,21022,3134
bcsstk23,p8_g4_l20,GreedyRecomputerMask7,1004,6936,3804,52,3132,25.274194,21022,3134
bcsstk23,p8_g4_l20,GreedyRecomputerMask2,532,6951,3824,52,3127,25.274194,21022,3134
bcsstk23,p8_g4_l20,GreedyRecomputerMask4,681,7010,3892,55,3118,25.274194,21022,3134
bcsstk23,p8_g4_l20,GreedyBspHC,283,7730,4612,57,3118,25.274194,21022,3134
instance_kNN_N70_K7_nzP0d16,p8_g4_l20,GreedyRecomputerMask0,681,4723,3080,11,1643,373.428571,11991,5228
instance_kNN_N70_K7_nzP0d16,p8_g4_l20,GreedyRecomputerMask1,996,4003,2112,11,1891,373.428571,11991,5228
instance_kNN_N70_K7_nzP0d16,p8_g4_l20,GreedyRecomputerMask3,1205,3946,1996,9,1950,373.428571,11991,5228
instance_kNN_N70_K7_nzP0d16,p8_g4_l20,GreedyRecomputerMask7,1892,3946,1996,9,1950,373.428571,11991,5228
instance_kNN_N70_K7_nzP0d16,p8_g4_l20,GreedyRecomputerMask2,912,4550,2788,9,1762,373.428571,11991,5228
instance_kNN_N70_K7_nzP0d16,p8_g4_l20,GreedyRecomputerMask4,1045,4723,3080,11,1643,373.428571,11991,5228
instance_kNN_N70_K7_nzP0d16,p8_g4_l20,GreedyBspHC,602,4915,3272,11,1643,373.428571,11991,5228
exp-D15-N1000-C4.psdd,p8_g4_l20,GreedyRecomputerMask0,2,88,80,4,8,7.500000,28,30
exp-D15-N1000-C4.psdd,p8_g4_l20,GreedyRecomputerMask1,2,65,56,3,9,7.500000,28,30
exp-D15-N1000-C4.psdd,p8_g4_l20,GreedyRecomputerMask3,3,30,0,1,30,7.500000,28,30
exp-D15-N1000-C4.psdd,p8_g4_l20,GreedyRecomputerMask7,4,30,0,1,30,7.500000,28,30
exp-D15-N1000-C4.psdd,p8_g4_l20,GreedyRecomputerMask2,3,30,0,1,30,7.500000,28,30
exp-D15-N1000-C4.psdd,p8_g4_l20,GreedyRecomputerMask4,3,88,80,4,8,7.500000,28,30
exp-D15-N1000-C4.psdd,p8_g4_l20,GreedyBspHC,2,88,80,4,8,7.500000,28,30
cwebkb.psdd,p8_g4_l20,GreedyRecomputerMask0,1684,9340,6460,16,2880,633.916667,50251,22821
cwebkb.psdd,p8_g4_l20,GreedyRecomputerMask1,4076,7619,4180,16,3439,633.916667,50251,22821
cwebkb.psdd,p8_g4_l20,GreedyRecomputerMask3,5123,7239,2740,10,4499,633.916667,50251,22821
cwebkb.psdd,p8_g4_l20,GreedyRecomputerMask7,8317,7236,2740,10,4496,633.916667,50251,22821
cwebkb.psdd,p8_g4_l20,GreedyRecomputerMask2,2432,7746,3276,11,4470,633.916667,50251,22821
cwebkb.psdd,p8_g4_l20,GreedyRecomputerMask4,3391,9340,6460,16,2880,633.916667,50251,22821
cwebkb.psdd,p8_g4_l20,GreedyBspHC,1406,9744,6864,16,2880,633.916667,50251,22821
instance_exp_N50_K12_nzP0d15,p8_g4_l20,GreedyRecomputerMask0,578,4961,3212,19,1749,226.416667,13248,5434
instance_exp_N50_K12_nzP0d15,p8_g4_l20,GreedyRecomputerMask1,749,4340,2412,19,1928,226.416667,13248,5434
instance_exp_N50_K12_nzP0d15,p8_g4_l20,GreedyRecomputerMask3,912,4243,2208,16,2035,226.416667,13248,5434
instance_exp_N50_K12_nzP0d15,p8_g4_l20,GreedyRecomputerMask7,1397,4243,2208,16,2035,226.416667,13248,5434
instance_exp_N50_K12_nzP0d15,p8_g4_l20,GreedyRecomputerMask2,810,4659,2720,16,1939,226.416667,13248,5434
instance_exp_N50_K12_nzP0d15,p8_g4_l20,GreedyRecomputerMask4,935,4961,3212,19,1749,226.416667,13248,5434
instance_exp_N50_K12_nzP0d15,p8_g4_l20,GreedyBspHC,496,5217,3468,19,1749,226.416667,13248,5434
msc23052,p8_g4_l20,GreedyRecomputerMask0,3288,85845,11732,9,74113,120.691099,565881,23052
msc23052,p8_g4_l20,GreedyRecomputerMask1,12691,84165,9320,9,74845,120.691099,565881,23052
msc23052,p8_g4_l20,GreedyRecomputerMask3,17552,84145,9300,8,74845,120.691099,565881,23052
msc23052,p8_g4_l20,GreedyRecomputerMask7,45583,84145,9300,8,74845,120.691099,565881,23052
msc23052,p8_g4_l20,GreedyRecomputerMask2,5044,85825,11712,8,74113,120.691099,565881,23052
msc23052,p8_g4_l20,GreedyRecomputerMask4,11643,85845,11732,9,74113,120.691099,565881,23052
msc23052,p8_g4_l20,GreedyBspHC,1424,87119,12992,12,74127,120.691099,565881,23052
instance_CG_N12_K6_nzP0d3,p8_g4_l20,GreedyRecomputerMask0,82,2241,1780,38,461,15.028169,2179,1067
instance_CG_N12_K6_nzP0d3,p8_g4_l20,GreedyRecomputerMask1,86,2227,1764,38,463,15.028169,2179,1067
instance_CG_N12_K6_nzP0d3,p8_g4_l20,GreedyRecomputerMask3,156,1864,1304,21,560,15.028169,2179,1067
instance_CG_N12_K6_nzP0d3,p8_g4_l20,GreedyRecomputerMask7,278,1843,1272,21,571,15.028169,2179,1067
instance_CG_N12_K6_nzP0d3,p8_g4_l20,GreedyRecomputerMask2,130,1935,1384,21,551,15.028169,2179,1067
instance_CG_N12_K6_nzP0d3,p8_g4_l20,GreedyRecomputerMask4,135,2233,1772,38,461,15.028169,2179,1067
instance_CG_N12_K6_nzP0d3,p8_g4_l20,GreedyBspHC,67,2335,1876,39,459,15.028169,2179,1067
ship_001,p8_g4_l20,GreedyRecomputerMask0,31987,514358,60204,432,454154,7.117815,2304655,34920
ship_001,p8_g4_l20,GreedyRecomputerMask1,35041,514036,59872,432,454164,7.117815,2304655,34920
ship_001,p8_g4_l20,GreedyRecomputerMask3,41222,513101,59724,397,453377,7.117815,2304655,34920
ship_001,p8_g4_l20,GreedyRecomputerMask7,90362,512954,59596,395,453358,7.117815,2304655,34920
ship_001,p8_g4_l20,GreedyRecomputerMask2,40415,513392,60052,395,453340,7.117815,2304655,34920
ship_001,p8_g4_l20,GreedyRecomputerMask4,68257,514266,60112,432,454154,7.117815,2304655,34920
ship_001,p8_g4_l20,GreedyBspHC,24151,550097,95348,504,454749,7.117815,2304655,34920
instance_kNN_N50_K4_nzP0d18,p8_g4_l20,GreedyRecomputerMask0,119,1303,876,7,427,192.625000,2763,1541
instance_kNN_N50_K4_nzP0d18,p8_g4_l20,GreedyRecomputerMask1,146,1118,628,7,490,192.625000,2763,1541
instance_kNN_N50_K4_nzP0d18,p8_g4_l20,GreedyRecomputerMask3,188,1052,508,4,544,192.625000,2763,1541
instance_kNN_N50_K4_nzP0d18,p8_g4_l20,GreedyRecomputerMask7,319,1052,508,4,544,192.625000,2763,1541
instance_kNN_N50_K4_nzP0d18,p8_g4_l20,GreedyRecomputerMask2,168,1135,448,3,687,192.625000,2763,1541
instance_kNN_N50_K4_nzP0d18,p8_g4_l20,GreedyRecomputerMask4,213,1303,876,7,427,192.625000,2763,1541
instance_kNN_N50_K4_nzP0d18,p8_g4_l20,GreedyBspHC,98,1351,924,7,427,192.625000,2763,1541
instance_spmv_N60_nzP0d15,p8_g4_l20,GreedyRecomputerMask0,81,702,428,3,274,585.000000,1575,1170
instance_spmv_N60_nzP0d15,p8_g4_l20,GreedyRecomputerMask1,97,600,292,3,308,585.000000,1575,1170
instance_spmv_N60_nzP0d15,p8_g4_l20,GreedyRecomputerMask3,110,490,0,1,490,585.000000,1575,1170
instance_spmv_N60_nzP0d15,p8_g4_l20,GreedyRecomputerMask7,171,490,0,1,490,585.000000,1575,1170
instance_spmv_N60_nzP0d15,p8_g4_l20,GreedyRecomputerMask2,99,490,0,1,490,585.000000,1575,1170
instance_spmv_N60_nzP0d15,p8_g4_l20,GreedyRecomputerMask4,111,702,428,3,274,585.000000,1575,1170
instance_spmv_N60_nzP0d15,p8_g4_l20,GreedyBspHC,71,706,432,3,274,585.000000,1575,1170
msnbc-yitao-e.psdd,p8_g4_l20,GreedyRecomputerMask0,609,2985,2328,6,657,1043.200000,8074,5216
msnbc-yitao-e.psdd,p8_g4_l20,GreedyRecomputerMask1,1004,2299,1416,6,883,1043.200000,8074,5216
msnbc-yitao-e.psdd,p8_g4_l20,GreedyRecomputerMask3,1127,2111,816,4,1295,1043.200000,8074,5216
msnbc-yitao-e.psdd,p8_g4_l20,GreedyRecomputerMask7,1620,2111,816,4,1295,1043.200000,8074,5216
msnbc-yitao-e.psdd,p8_g4_l20,GreedyRecomputerMask2,756,2112,816,4,1296,1043.200000,8074,5216
msnbc-yitao-e.psdd,p8_g4_l20,GreedyRecomputerMask4,766,2985,2328,6,657,1043.200000,8074,5216
msnbc-yitao-e.psdd,p8_g4_l20,GreedyBspHC,553,2993,2336,6,657,1043.200000,8074,5216
instance_CG_N9_K9_nzP0d35,p8_g4_l20,GreedyRecomputerMask0,71,2841,2300,55,541,10.271028,2242,1099
instance_CG_N9_K9_nzP0d35,p8_g4_l20,GreedyRecomputerMask1,77,2826,2280,55,546,10.271028,2242,1099
instance_CG_N9_K9_nzP0d35,p8_g4_l20,GreedyRecomputerMask3,111,2625,1964,44,661,10.271028,2242,1099
instance_CG_N9_K9_nzP0d35,p8_g4_l20,GreedyRecomputerMask7,197,2625,1964,44,661,10.271028,2242,1099
instance_CG_N9_K9_nzP0d35,p8_g4_l20,GreedyRecomputerMask2,109,2633,1976,44,657,10.271028,2242,1099
instance_CG_N9_K9_nzP0d35,p8_g4_l20,GreedyRecomputerMask4,100,2841,2300,55,541,10.271028,2242,1099
instance_CG_N9_K9_nzP0d35,p8_g4_l20,GreedyBspHC,61,2929,2388,55,541,10.271028,2242,1099
instance_exp_N55_K14_nzP0d15,p8_g4_l20,GreedyRecomputerMask0,682,6441,4080,22,2361,258.214286,17934,7230
instance_exp_N55_K14_nzP0d15,p8_g4_l20,GreedyRecomputerMask1,873,5767,3204,22,2563,258.214286,17934,7230
instance_exp_N55_K14_nzP0d15,p8_g4_l20,GreedyRecomputerMask3,1134,5654,2952,19,2702,258.214286,17934,7230
instance_exp_N55_K14_nzP0d15,p8_g4_l20,GreedyRecomputerMask7,1799,5654,2952,19,2702,258.214286,17934,7230
instance_exp_N55_K14_nzP0d15,p8_g4_l20,GreedyRecomputerMask2,992,6120,3540,19,2580,258.214286,17934,7230
instance_exp_N55_K14_nzP0d15,p8_g4_l20,GreedyRecomputerMask4,906,6441,4080,22,2361,258.214286,17934,7230
instance_exp_N55_K14_nzP0d15,p8_g4_l20,GreedyBspHC,585,6833,4472,22,2361,258.214286,17934,7230
tretail.psdd,p8_g4_l20,GreedyRecomputerMask0,176,1749,1376,11,373,141.100000,6382,2822
tretail.psdd,p8_g4_l20,GreedyRecomputerMask1,242,1463,996,11,467,141.100000,6382,2822
tretail.psdd,p8_g4_l20,GreedyRecomputerMask3,324,1341,700,7,641,141.100000,6382,2822
tretail.psdd,p8_g4_l20,GreedyRecomputerMask7,580,1337,696,7,641,141.100000,6382,2822
tretail.psdd,p8_g4_l20,GreedyRecomputerMask2,264,1396,764,7,632,141.100000,6382,2822
tretail.psdd,p8_g4_l20,GreedyRecomputerMask4,451,1735,1360,10,375,141.100000,6382,2822
tretail.psdd,p8_g4_l20,GreedyBspHC,142,1773,1400,11,373,141.100000,6382,2822
msc01440,p8_g4_l20,GreedyRecomputerMask0,453,5255,1524,21,3731,24.000000,22415,1440
msc01440,p8_g4_l20,GreedyRecomputerMask1,536,4972,1192,20,3780,24.000000,22415,1440
msc01440,p8_g4_l20,GreedyRecomputerMask3,610,4912,1128,17,3784,24.000000,22415,1440
msc01440,p8_g4_l20,GreedyRecomputerMask7,1029,4912,1128,17,3784,24.000000,22415,1440
msc01440,p8_g4_l20,GreedyRecomputerMask2,559,5141,1292,16,3849,24.000000,22415,1440
msc01440,p8_g4_l20,GreedyRecomputerMask4,737,5255,1524,21,3731,24.000000,22415,1440
msc01440,p8_g4_l20,GreedyBspHC,383,5623,1892,29,3731,24.000000,22415,1440
instance_exp_N44_K5_nzP0d15,p8_g4_l20,GreedyRecomputerMask0,153,1712,1140,8,572,193.200000,4170,1932
instance_exp_N44_K5_nzP0d15,p8_g4_l20,GreedyRecomputerMask1,207,1461,808,8,653,193.200000,4170,1932
instance_exp_N44_K5_nzP0d15,p8_g4_l20,GreedyRecomputerMask3,255,1393,648,6,745,193.200000,4170,1932
instance_exp_N44_K5_nzP0d15,p8_g4_l20,GreedyRecomputerMask7,427,1393,648,6,745,193.200000,4170,1932
instance_exp_N44_K5_nzP0d15,p8_g4_l20,GreedyRecomputerMask2,230,1524,812,6,712,193.200000,4170,1932
instance_exp_N44_K5_nzP0d15,p8_g4_l20,GreedyRecomputerMask4,278,1712,1140,8,572,193.200000,4170,1932
instance_exp_N44_K5_nzP0d15,p8_g4_l20,GreedyBspHC,128,1780,1208,8,572,193.200000,4170,1932
bmw7st_1,p8_g4_l20,GreedyRecomputerMask0,20645,488647,36444,27,452203,200.208215,3599160,141347
bmw7st_1,p8_g4_l20,GreedyRecomputerMask1,76112,486921,33872,27,453049,200.208215,3599160,141347
bmw7st_1,p8_g4_l20,GreedyRecomputerMask3,131600,486340,33844,23,452496,200.208215,3599160,141347
bmw7st_1,p8_g4_l20,GreedyRecomputerMask7,466456,486340,33844,23,452496,200.208215,3599160,141347
bmw7st_1,p8_g4_l20,GreedyRecomputerMask2,31197,488054,36404,23,451650,200.208215,3599160,141347
bmw7st_1,p8_g4_l20,GreedyRecomputerMask4,101388,488639,36436,27,452203,200.208215,3599160,141347
bmw7st_1,p8_g4_l20,GreedyBspHC,12725,491451,39224,32,452227,200.208215,3599160,141347
ex3,p8_g4_l20,GreedyRecomputerMask0,372,16335,4148,61,12187,3.234458,25432,1821
ex3,p8_g4_l20,GreedyRecomputerMask1,407,16271,4084,61,12187,3.234458,25432,1821
ex3,p8_g4_l20,GreedyRecomputerMask3,554,16042,3844,53,12198,3.234458,25432,1821
ex3,p8_g4_l20,GreedyRecomputerMask7,1170,15990,3792,53,12198,3.234458,25432,1821
ex3,p8_g4_l20,GreedyRecomputerMask2,485,16078,3868,53,12210,3.234458,25432,1821
ex3,p8_g4_l20,GreedyRecomputerMask4,839,16233,4040,60,12193,3.234458,25432,1821
ex3,p8_g4_l20,GreedyBspHC,313,17224,5108,72,12116,3.234458,25432,1821
ct20stif,p8_g4_l20,GreedyRecomputerMask0,6371,188791,20024,44,168767,39.345113,1323067,52329
ct20stif,p8_g4_l20,GreedyRecomputerMask1,10969,187884,18828,43,169056,39.345113,1323067,52329
ct20stif,p8_g4_l20,GreedyRecomputerMask3,17306,187884,18828,43,169056,39.345113,1323067,52329
ct20stif,p8_g4_l20,GreedyRecomputerMask7,49993,187884,18828,43,169056,39.345113,1323067,52329
ct20stif,p8_g4_l20,GreedyRecomputerMask2,10297,188753,19992,43,168761,39.345113,1323067,52329
ct20stif,p8_g4_l20,GreedyRecomputerMask4,32113,188753,19992,43,168761,39.345113,1323067,52329
ct20stif,p8_g4_l20,GreedyBspHC,3455,192132,23380,47,168752,39.345113,1323067,52329
thread,p8_g4_l20,GreedyRecomputerMask0,13178,335871,37536,101,298335,20.578547,2220156,29736
thread,p8_g4_l20,GreedyRecomputerMask1,17981,335189,36720,101,298469,20.578547,2220156,29736
thread,p8_g4_l20,GreedyRecomputerMask3,26592,334991,36624,97,298367,20.578547,2220156,29736
thread,p8_g4_l20,GreedyRecomputerMask7,73942,334991,36624,97,298367,20.578547,2220156,29736
thread,p8_g4_l20,GreedyRecomputerMask2,21706,335669,37436,97,298233,20.578547,2220156,29736
thread,p8_g4_l20,GreedyRecomputerMask4,50493,335867,37532,101,298335,20.578547,2220156,29736
thread,p8_g4_l20,GreedyBspHC,5143,353693,55356,103,298337,20.578547,2220156,29736
Pres_Poisson,p8_g4_l20,GreedyRecomputerMask0,5783,82053,12676,143,69377,7.998921,350491,14822
Pres_Poisson,p8_g4_l20,GreedyRecomputerMask1,6478,81736,12268,143,69468,7.998921,350491,14822
Pres_Poisson,p8_g4_l20,GreedyRecomputerMask3,8294,80318,11560,111,68758,7.998921,350491,14822
Pres_Poisson,p8_g4_l20,GreedyRecomputerMask7,16392,80306,11548,111,68758,7.998921,350491,14822
Pres_Poisson,p8_g4_l20,GreedyRecomputerMask2,8542,80687,12032,111,68655,7.998921,350491,14822
Pres_Poisson,p8_g4_l20,GreedyRecomputerMask4,12084,82007,12628,142,69379,7.998921,350491,14822
Pres_Poisson,p8_g4_l20,GreedyBspHC,4990,87275,17792,174,69483,7.998921,350491,14822
insurance.psdd,p8_g4_l20,GreedyRecomputerMask0,1226,6806,5000,7,1806,2390.333333,30060,14342
insurance.psdd,p8_g4_l20,GreedyRecomputerMask1,1841,6089,4048,7,2041,2390.333333,30060,14342
insurance.psdd,p8_g4_l20,GreedyRecomputerMask3,2291,5290,1332,4,3958,2390.333333,30060,14342
insurance.psdd,p8_g4_l20,GreedyRecomputerMask7,3842,5290,1332,4,3958,2390.333333,30060,14342
insurance.psdd,p8_g4_l20,GreedyRecomputerMask2,1548,5307,1336,4,3971,2390.333333,30060,14342
insurance.psdd,p8_g4_l20,GreedyRecomputerMask4,1726,6806,5000,7,1806,2390.333333,30060,14342
insurance.psdd,p8_g4_l20,GreedyBspHC,1041,6986,5180,7,1806,2390.333333,30060,14342
simple2.6.psdd,p8_g4_l20,GreedyRecomputerMask0,0,4,0,1,4,7.000000,3,7
simple2.6.psdd,p8_g4_l20,GreedyRecomputerMask1,0,4,0,1,4,7.000000,3,7
simple2.6.psdd,p8_g4_l20,GreedyRecomputerMask3,0,4,0,1,4,7.000000,3,7
simple2.6.psdd,p8_g4_l20,GreedyRecomputerMask7,0,4,0,1,4,7.000000,3,7
simple2.6.psdd,p8_g4_l20,GreedyRecomputerMask2,0,4,0,1,4,7.000000,3,7
simple2.6.psdd,p8_g4_l20,GreedyRecomputerMask4,0,4,0,1,4,7.000000,3,7
simple2.6.psdd,p8_g4_l20,GreedyBspHC,0,4,0,1,4,7.000000,3,7
bcsstk08,p8_g4_l20,GreedyRecomputerMask0,303,4299,2600,56,1699,13.948052,5943,1074
bcsstk08,p8_g4_l20,GreedyRecomputerMask1,314,4280,2592,56,1688,13.948052,5943,1074
bcsstk08,p8_g4_l20,GreedyRecomputerMask3,373,4033,2180,41,1853,13.948052,5943,1074
bcsstk08,p8_g4_l20,GreedyRecomputerMask7,570,4015,2160,41,1855,13.948052,5943,1074
bcsstk08,p8_g4_l20,GreedyRecomputerMask2,390,4058,2140,40,1918,13.948052,5943,1074
bcsstk08,p8_g4_l20,GreedyRecomputerMask4,448,4291,2592,56,1699,13.948052,5943,1074
bcsstk08,p8_g4_l20,GreedyBspHC,279,4655,2980,58,1675,13.948052,5943,1074
instance_kNN_N50_K5_nzP0d16,p8_g4_l20,GreedyRecomputerMask0,197,1641,1096,8,545,189.600000,3801,1896
instance_kNN_N50_K5_nzP0d16,p8_g4_l20,GreedyRecomputerMask1,241,1428,816,8,612,189.600000,3801,1896
instance_kNN_N50_K5_nzP0d16,p8_g4_l20,GreedyRecomputerMask3,290,1403,780,7,623,189.600000,3801,1896
instance_kNN_N50_K5_nzP0d16,p8_g4_l20,GreedyRecomputerMask7,457,1403,780,7,623,189.600000,3801,1896
instance_kNN_N50_K5_nzP0d16,p8_g4_l20,GreedyRecomputerMask2,265,1529,708,5,821,189.600000,3801,1896
instance_kNN_N50_K5_nzP0d16,p8_g4_l20,GreedyRecomputerMask4,251,1641,1096,8,545,189.600000,3801,1896
instance_kNN_N50_K5_nzP0d16,p8_g4_l20,GreedyBspHC,175,1721,1176,8,545,189.600000,3801,1896
tmovie.psdd,p8_g4_l20,GreedyRecomputerMask0,6956,35787,24476,21,11311,2292.025641,274214,89389
tmovie.psdd,p8_g4_l20,GreedyRecomputerMask1,12792,33807,21884,21,11923,2292.025641,274214,89389
tmovie.psdd,p8_g4_l20,GreedyRecomputerMask3,17916,32903,19628,15,13275,2292.025641,274214,89389
tmovie.psdd,p8_g4_l20,GreedyRecomputerMask7,33151,32893,19616,14,13277,2292.025641,274214,89389
tmovie.psdd,p8_g4_l20,GreedyRecomputerMask2,10564,34187,21016,14,13171,2292.025641,274214,89389
tmovie.psdd,p8_g4_l20,GreedyRecomputerMask4,14728,35787,24476,21,11311,2292.025641,274214,89389
tmovie.psdd,p8_g4_l20,GreedyBspHC,5484,37595,26284,21,11311,2292.025641,274214,89389
instance_spmv_N150_nzP0d2,p8_g4_l20,GreedyRecomputerMask0,687,4721,2492,3,2229,4544.000000,13182,9088
instance_spmv_N150_nzP0d2,p8_g4_l20,GreedyRecomputerMask1,894,4364,2016,3,2348,4544.000000,13182,9088
instance_spmv_N150_nzP0d2,p8_g4_l20,GreedyRecomputerMask3,996,3793,0,1,3793,4544.000000,13182,9088
instance_spmv_N150_nzP0d2,p8_g4_l20,GreedyRecomputerMask7,1549,3793,0,1,3793,4544.000000,13182,9088
instance_spmv_N150_nzP0d2,p8_g4_l20,GreedyRecomputerMask2,828,3793,0,1,3793,4544.000000,13182,9088
instance_spmv_N150_nzP0d2,p8_g4_l20,GreedyRecomputerMask4,1260,4721,2492,3,2229,4544.000000,13182,9088
instance_spmv_N150_nzP0d2,p8_g4_l20,GreedyBspHC,590,4733,2504,3,2229,4544.000000,13182,9088
elevators.psdd,p8_g4_l20,GreedyRecomputerMask0,231,1873,1448,8,425,416.375000,6892,3331
elevators.psdd,p8_g4_l20,GreedyRecomputerMask1,282,1634,1132,8,502,416.375000,6892,3331
elevators.psdd,p8_g4_l20,GreedyRecomputerMask3,336,1584,872,6,712,416.375000,6892,3331
elevators.psdd,p8_g4_l20,GreedyRecomputerMask7,543,1584,872,6,712,416.375000,6892,3331
elevators.psdd,p8_g4_l20,GreedyRecomputerMask2,294,1592,880,6,712,416.375000,6892,3331
elevators.psdd,p8_g4_l20,GreedyRecomputerMask4,445,1873,1448,8,425,416.375000,6892,3331
elevators.psdd,p8_g4_l20,GreedyBspHC,192,1949,1524,8,425,416.375000,6892,3331
instance_CG_N35_K8_nzP0d25,p8_g4_l20,GreedyRecomputerMask0,526,6857,4712,54,2145,56.800000,12153,5396
instance_CG_N35_K8_nzP0d25,p8_g4_l20,GreedyRecomputerMask1,575,6684,4488,54,2196,56.800000,12153,5396
instance_CG_N35_K8_nzP0d25,p8_g4_l20,GreedyRecomputerMask3,759,6582,4288,50,2294,56.800000,12153,5396
instance_CG_N35_K8_nzP0d25,p8_g4_l20,GreedyRecomputerMask7,1213,6582,4288,50,2294,56.800000,12153,5396
instance_CG_N35_K8_nzP0d25,p8_g4_l20,GreedyRecomputerMask2,725,6622,4332,50,2290,56.800000,12153,5396
instance_CG_N35_K8_nzP0d25,p8_g4_l20,GreedyRecomputerMask4,848,6857,4712,54,2145,56.800000,12153,5396
instance_CG_N35_K8_nzP0d25,p8_g4_l20,GreedyBspHC,459,7301,5156,55,2145,56.800000,12153,5396
shallow_water1,p8_g4_l20,GreedyRecomputerMask0,3768,33884,18368,38,15516,80.709360,122880,81920
shallow_water1,p8_g4_l20,GreedyRecomputerMask1,13832,27552,11280,38,16272,80.709360,122880,81920
shallow_water1,p8_g4_l20,GreedyRecomputerMask3,15627,27015,10784,35,16231,80.709360,122880,81920
shallow_water1,p8_g4_l20,GreedyRecomputerMask7,23007,27015,10784,35,16231,80.709360,122880,81920
shallow_water1,p8_g4_l20,GreedyRecomputerMask2,6327,30899,12148,33,18751,80.709360,122880,81920
shallow_water1,p8_g4_l20,GreedyRecomputerMask4,8831,33884,18368,38,15516,80.709360,122880,81920
shallow_water1,p8_g4_l20,GreedyBspHC,3020,35557,20040,39,15517,80.709360,122880,81920
bcsstk15,p8_g4_l20,GreedyRecomputerMask0,1089,16347,7128,128,9219,10.846154,56934,3948
bcsstk15,p8_g4_l20,GreedyRecomputerMask1,1149,16259,7032,127,9227,10.846154,56934,3948
bcsstk15,p8_g4_l20,GreedyRecomputerMask3,1415,16149,6900,119,9249,10.846154,56934,3948
bcsstk15,p8_g4_l20,GreedyRecomputerMask7,2400,16149,6900,119,9249,10.846154,56934,3948
bcsstk15,p8_g4_l20,GreedyRecomputerMask2,1382,16183,6920,117,9263,10.846154,56934,3948
bcsstk15,p8_g4_l20,GreedyRecomputerMask4,1789,16347,7128,128,9219,10.846154,56934,3948
bcsstk15,p8_g4_l20,GreedyBspHC,908,18396,9164,133,9232,10.846154,56934,3948
accidents.psdd,p8_g4_l20,GreedyRecomputerMask0,2439,14923,10172,14,4751,1561.916667,102111,37486
accidents.psdd,p8_g4_l20,GreedyRecomputerMask1,4329,13806,8732,14,5074,1561.916667,102111,37486
accidents.psdd,p8_g4_l20,GreedyRecomputerMask3,5520,13776,8696,12,5080,1561.916667,102111,37486
accidents.psdd,p8_g4_l20,GreedyRecomputerMask7,9602,13776,8696,12,5080,1561.916667,102111,37486
accidents.psdd,p8_g4_l20,GreedyRecomputerMask2,3795,13351,5512,9,7839,1561.916667,102111,37486
accidents.psdd,p8_g4_l20,GreedyRecomputerMask4,3785,14923,10172,14,4751,1561.916667,102111,37486
accidents.psdd,p8_g4_l20,GreedyBspHC,1936,15923,11172,14,4751,1561.916667,102111,37486
msweb.psdd,p8_g4_l20,GreedyRecomputerMask0,1143,6807,4792,16,2015,493.031250,38289,15777
msweb.psdd,p8_g4_l20,GreedyRecomputerMask1,1870,5912,3608,16,2304,493.031250,38289,15777
msweb.psdd,p8_g4_l20,GreedyRecomputerMask3,2390,5482,2672,14,2810,493.031250,38289,15777
msweb.psdd,p8_g4_l20,GreedyRecomputerMask7,3986,5482,2672,14,2810,493.031250,38289,15777
msweb.psdd,p8_g4_l20,GreedyRecomputerMask2,1665,5777,2992,14,2785,493.031250,38289,15777
msweb.psdd,p8_g4_l20,GreedyRecomputerMask4,2292,6807,4792,16,2015,493.031250,38289,15777
msweb.psdd,p8_g4_l20,GreedyBspHC,939,7303,5288,16,2015,493.031250,38289,15777
instance_exp_N30_K6_nzP0d15,p8_g4_l20,GreedyRecomputerMask0,91,1076,752,11,324,90.416667,2268,1085
instance_exp_N30_K6_nzP0d15,p8_g4_l20,GreedyRecomputerMask1,103,942,584,11,358,90.416667,2268,1085
instance_exp_N30_K6_nzP0d15,p8_g4_l20,GreedyRecomputerMask3,135,867,448,8,419,90.416667,2268,1085
instance_exp_N30_K6_nzP0d15,p8_g4_l20,GreedyRecomputerMask7,224,867,448,8,419,90.416667,2268,1085
instance_exp_N30_K6_nzP0d15,p8_g4_l20,GreedyRecomputerMask2,114,972,572,8,400,90.416667,2268,1085
instance_exp_N30_K6_nzP0d15,p8_g4_l20,GreedyRecomputerMask4,119,1076,752,11,324,90.416667,2268,1085
instance_exp_N30_K6_nzP0d15,p8_g4_l20,GreedyBspHC,76,1152,828,11,324,90.416667,2268,1085
nltcs.clt.psdd,p8_g4_l20,GreedyRecomputerMask0,6,165,148,6,17,9.500000,92,76
nltcs.clt.psdd,p8_g4_l20,GreedyRecomputerMask1,7,130,108,5,22,9.500000,92,76
nltcs.clt.psdd,p8_g4_l20,GreedyRecomputerMask3,8,63,0,1,63,9.500000,92,76
nltcs.clt.psdd,p8_g4_l20,GreedyRecomputerMask7,12,63,0,1,63,9.500000,92,76
nltcs.clt.psdd,p8_g4_l20,GreedyRecomputerMask2,7,63,0,1,63,9.500000,92,76
nltcs.clt.psdd,p8_g4_l20,GreedyRecomputerMask4,10,165,148,6,17,9.500000,92,76
nltcs.clt.psdd,p8_g4_l20,GreedyBspHC,5,181,164,6,17,9.500000,92,76
instance_kNN_N60_K15_nzP0d15,p8_g4_l20,GreedyRecomputerMask0,782,8170,5184,24,2986,299.933333,22722,8998
instance_kNN_N60_K15_nzP0d15,p8_g4_l20,GreedyRecomputerMask1,1093,7252,4020,24,3232,299.933333,22722,8998
instance_kNN_N60_K15_nzP0d15,p8_g4_l20,GreedyRecomputerMask3,1373,7160,3860,21,3300,299.933333,22722,8998
instance_kNN_N60_K15_nzP0d15,p8_g4_l20,GreedyRecomputerMask7,2216,7160,3860,21,3300,299.933333,22722,8998
instance_kNN_N60_K15_nzP0d15,p8_g4_l20,GreedyRecomputerMask2,1177,7978,4868,21,3110,299.933333,22722,8998
instance_kNN_N60_K15_nzP0d15,p8_g4_l20,GreedyRecomputerMask4,1393,8170,5184,24,2986,299.933333,22722,8998
instance_kNN_N60_K15_nzP0d15,p8_g4_l20,GreedyBspHC,639,8617,5632,24,2985,299.933333,22722,8998
mnist.psdd,p8_g4_l20,GreedyRecomputerMask0,393,2517,1896,10,621,490.400000,5916,4904
mnist.psdd,p8_g4_l20,GreedyRecomputerMask1,829,1769,900,10,869,490.400000,5916,4904
mnist.psdd,p8_g4_l20,GreedyRecomputerMask3,893,1676,424,6,1252,490.400000,5916,4904
mnist.psdd,p8_g4_l20,GreedyRecomputerMask7,1197,1676,424,6,1252,490.400000,5916,4904
mnist.psdd,p8_g4_l20,GreedyRecomputerMask2,476,1676,424,6,1252,490.400000,5916,4904
mnist.psdd,p8_g4_l20,GreedyRecomputerMask4,529,2517,1896,10,621,490.400000,5916,4904
mnist.psdd,p8_g4_l20,GreedyBspHC,346,2525,1904,10,621,490.400000,5916,4904
nd3k,p8_g4_l20,GreedyRecomputerMask0,13597,703668,29724,113,673944,2.368421,1635345,9000
nd3k,p8_g4_l20,GreedyRecomputerMask1,16110,703115,29172,113,673943,2.368421,1635345,9000
nd3k,p8_g4_l20,GreedyRecomputerMask3,30311,701853,28220,99,673633,2.368421,1635345,9000
nd3k,p8_g4_l20,GreedyRecomputerMask7,108051,698523,24912,97,673611,2.368421,1635345,9000
nd3k,p8_g4_l20,GreedyRecomputerMask2,28798,702139,28496,98,673643,2.368421,1635345,9000
nd3k,p8_g4_l20,GreedyRecomputerMask4,41815,703460,29516,113,673944,2.368421,1635345,9000
nd3k,p8_g4_l20,GreedyBspHC,7895,717089,43088,124,674001,2.368421,1635345,9000
bcsstk28,p8_g4_l20,GreedyRecomputerMask0,1055,35133,7536,121,27597,4.809160,107307,4410
bcsstk28,p8_g4_l20,GreedyRecomputerMask1,1181,35120,7516,121,27604,4.809160,107307,4410
bcsstk28,p8_g4_l20,GreedyRecomputerMask3,1480,34827,7212,110,27615,4.809160,107307,4410
bcsstk28,p8_g4_l20,GreedyRecomputerMask7,3235,34795,7180,110,27615,4.809160,107307,4410
bcsstk28,p8_g4_l20,GreedyRecomputerMask2,1463,34840,7228,110,27612,4.809160,107307,4410
bcsstk28,p8_g4_l20,GreedyRecomputerMask4,2254,35053,7456,119,27597,4.809160,107307,4410
bcsstk28,p8_g4_l20,GreedyBspHC,822,37779,10156,135,27623,4.809160,107307,4410
instance_CG_N25_K17_nzP0d15,p8_g4_l20,GreedyRecomputerMask0,630,9405,6920,111,2485,27.871921,12072,5658
instance_CG_N25_K17_nzP0d15,p8_g4_l20,GreedyRecomputerMask1,675,9338,6832,111,2506,27.871921,12072,5658
instance_CG_N25_K17_nzP0d15,p8_g4_l20,GreedyRecomputerMask3,852,8988,6332,88,2656,27.871921,12072,5658
instance_CG_N25_K17_nzP0d15,p8_g4_l20,GreedyRecomputerMask7,1295,8984,6328,88,2656,27.871921,12072,5658
instance_CG_N25_K17_nzP0d15,p8_g4_l20,GreedyRecomputerMask2,833,9032,6384,88,2648,27.871921,12072,5658
instance_CG_N25_K17_nzP0d15,p8_g4_l20,GreedyRecomputerMask4,937,9401,6916,111,2485,27.871921,12072,5658
instance_CG_N25_K17_nzP0d15,p8_g4_l20,GreedyBspHC,577,9751,7268,119,2483,27.871921,12072,5658
instance_kNN_N75_K9_nzP0d15,p8_g4_l20,GreedyRecomputerMask0,676,6802,4352,13,2450,419.444444,18231,7550
instance_kNN_N75_K9_nzP0d15,p8_g4_l20,GreedyRecomputerMask1,1088,5859,3148,12,2711,419.444444,18231,7550
instance_kNN_N75_K9_nzP0d15,p8_g4_l20,GreedyRecomputerMask3,1342,5807,3040,11,2767,419.444444,18231,7550
instance_kNN_N75_K9_nzP0d15,p8_g4_l20,GreedyRecomputerMask7,2106,5807,3040,11,2767,419.444444,18231,7550
instance_kNN_N75_K9_nzP0d15,p8_g4_l20,GreedyRecomputerMask2,1021,6485,3428,10,3057,419.444444,18231,7550
instance_kNN_N75_K9_nzP0d15,p8_g4_l20,GreedyRecomputerMask4,1212,6802,4352,13,2450,419.444444,18231,7550
instance_kNN_N75_K9_nzP0d15,p8_g4_l20,GreedyBspHC,562,6986,4540,13,2446,419.444444,18231,7550
instance_CG_N30_K24_nzP0d15,p8_g4_l20,GreedyRecomputerMask0,831,15449,11120,160,4329,34.637631,21754,9941
instance_CG_N30_K24_nzP0d15,p8_g4_l20,GreedyRecomputerMask1,893,15352,10992,160,4360,34.637631,21754,9941
instance_CG_N30_K24_nzP0d15,p8_g4_l20,GreedyRecomputerMask3,1212,15024,10508,136,4516,34.637631,21754,9941
instance_CG_N30_K24_nzP0d15,p8_g4_l20,GreedyRecomputerMask7,1997,15012,10496,136,4516,34.637631,21754,9941
instance_CG_N30_K24_nzP0d15,p8_g4_l20,GreedyRecomputerMask2,1188,15063,10552,136,4511,34.637631,21754,9941
instance_CG_N30_K24_nzP0d15,p8_g4_l20,GreedyRecomputerMask4,1692,15436,11100,159,4336,34.637631,21754,9941
instance_CG_N30_K24_nzP0d15,p8_g4_l20,GreedyBspHC,714,16109,11784,170,4325,34.637631,21754,9941
instance_kNN_N40_K5_nzP0d15,p8_g4_l20,GreedyRecomputerMask0,105,1015,708,9,307,107.300000,2007,1073
instance_kNN_N40_K5_nzP0d15,p8_g4_l20,GreedyRecomputerMask1,118,898,556,9,342,107.300000,2007,1073
instance_kNN_N40_K5_nzP0d15,p8_g4_l20,GreedyRecomputerMask3,150,823,428,6,395,107.300000,2007,1073
instance_kNN_N40_K5_nzP0d15,p8_g4_l20,GreedyRecomputerMask7,240,823,428,6,395,107.300000,2007,1073
instance_kNN_N40_K5_nzP0d15,p8_g4_l20,GreedyRecomputerMask2,129,926,548,6,378,107.300000,2007,1073
instance_kNN_N40_K5_nzP0d15,p8_g4_l20,GreedyRecomputerMask4,136,1015,708,9,307,107.300000,2007,1073
instance_kNN_N40_K5_nzP0d15,p8_g4_l20,GreedyBspHC,94,1055,748,9,307,107.300000,2007,1073
instance_CG_N60_K55_nzP0d12,p8_g4_l20,GreedyRecomputerMask0,6046,66383,43788,360,22595,82.433991,127658,54324
instance_CG_N60_K55_nzP0d12,p8_g4_l20,GreedyRecomputerMask1,6864,65940,43172,360,22768,82.433991,127658,54324
instance_CG_N60_K55_nzP0d12,p8_g4_l20,GreedyRecomputerMask3,9328,65433,42460,334,22973,82.433991,127658,54324
instance_CG_N60_K55_nzP0d12,p8_g4_l20,GreedyRecomputerMask7,13162,65405,42444,335,22961,82.433991,127658,54324
instance_CG_N60_K55_nzP0d12,p8_g4_l20,GreedyRecomputerMask2,9022,65634,42744,334,22890,82.433991,127658,54324
instance_CG_N60_K55_nzP0d12,p8_g4_l20,GreedyRecomputerMask4,11260,66335,43740,360,22595,82.433991,127658,54324
instance_CG_N60_K55_nzP0d12,p8_g4_l20,GreedyBspHC,5326,69987,47400,365,22587,82.433991,127658,54324
s3rmt3m3,p8_g4_l20,GreedyRecomputerMask0,346,24632,4408,42,20224,4.654214,101169,5357
s3rmt3m3,p8_g4_l20,GreedyRecomputerMask1,416,24480,4256,42,20224,4.654214,101169,5357
s3rmt3m3,p8_g4_l20,GreedyRecomputerMask3,810,24152,3928,40,20224,4.654214,101169,5357
s3rmt3m3,p8_g4_l20,GreedyRecomputerMask7,2501,24152,3928,40,20224,4.654214,101169,5357
s3rmt3m3,p8_g4_l20,GreedyRecomputerMask2,755,24214,3996,40,20218,4.654214,101169,5357
s3rmt3m3,p8_g4_l20,GreedyRecomputerMask4,1536,24632,4408,42,20224,4.654214,101169,5357
s3rmt3m3,p8_g4_l20,GreedyBspHC,143,26088,5864,42,20224,4.654214,101169,5357
instance_kNN_N45_K15_nzP0d16,p8_g4_l20,GreedyRecomputerMask0,408,4889,3136,23,1753,179.733333,13275,5392
instance_kNN_N45_K15_nzP0d16,p8_g4_l20,GreedyRecomputerMask1,498,4475,2616,23,1859,179.733333,13275,5392
instance_kNN_N45_K15_nzP0d16,p8_g4_l20,GreedyRecomputerMask3,684,4426,2548,21,1878,179.733333,13275,5392
instance_kNN_N45_K15_nzP0d16,p8_g4_l20,GreedyRecomputerMask7,1182,4426,2548,21,1878,179.733333,13275,5392
instance_kNN_N45_K15_nzP0d16,p8_g4_l20,GreedyRecomputerMask2,545,4812,3028,21,1784,179.733333,13275,5392
instance_kNN_N45_K15_nzP0d16,p8_g4_l20,GreedyRecomputerMask4,758,4889,3136,23,1753,179.733333,13275,5392
instance_kNN_N45_K15_nzP0d16,p8_g4_l20,GreedyBspHC,334,5289,3536,23,1753,179.733333,13275,5392
Dubcova3,p8_g4_l20,GreedyRecomputerMask0,45473,262887,38088,307,224799,44.927718,1744980,146689
Dubcova3,p8_g4_l20,GreedyRecomputerMask1,61789,257520,32168,303,225352,44.927718,1744980,146689
Dubcova3,p8_g4_l20,GreedyRecomputerMask3,70333,256998,31460,273,225538,44.927718,1744980,146689
Dubcova3,p8_g4_l20,GreedyRecomputerMask7,128638,257010,31480,273,225530,44.927718,1744980,146689
Dubcova3,p8_g4_l20,GreedyRecomputerMask2,57899,259792,32184,271,227608,44.927718,1744980,146689
Dubcova3,p8_g4_l20,GreedyRecomputerMask4,93976,262854,38052,306,224802,44.927718,1744980,146689
Dubcova3,p8_g4_l20,GreedyBspHC,39858,272827,48024,345,224803,44.927718,1744980,146689
mnist-antonio.psdd,p8_g4_l20,GreedyRecomputerMask0,396,2517,1896,10,621,490.400000,5916,4904
mnist-antonio.psdd,p8_g4_l20,GreedyRecomputerMask1,836,1769,900,10,869,490.400000,5916,4904
mnist-antonio.psdd,p8_g4_l20,GreedyRecomputerMask3,894,1676,424,6,1252,490.400000,5916,4904
mnist-antonio.psdd,p8_g4_l20,GreedyRecomputerMask7,1191,1676,424,6,1252,490.400000,5916,4904
mnist-antonio.psdd,p8_g4_l20,GreedyRecomputerMask2,476,1676,424,6,1252,490.400000,5916,4904
mnist-antonio.psdd,p8_g4_l20,GreedyRecomputerMask4,530,2517,1896,10,621,490.400000,5916,4904
mnist-antonio.psdd,p8_g4_l20,GreedyBspHC,346,2525,1904,10,621,490.400000,5916,4904
instance_exp_N35_K4_nzP0d15,p8_g4_l20,GreedyRecomputerMask0,80,936,640,7,296,127.500000,2028,1020
instance_exp_N35_K4_nzP0d15,p8_g4_l20,GreedyRecomputerMask1,97,780,440,7,340,127.500000,2028,1020
instance_exp_N35_K4_nzP0d15,p8_g4_l20,GreedyRecomputerMask3,127,726,328,5,398,127.500000,2028,1020
instance_exp_N35_K4_nzP0d15,p8_g4_l20,GreedyRecomputerMask7,213,726,328,5,398,127.500000,2028,1020
instance_exp_N35_K4_nzP0d15,p8_g4_l20,GreedyRecomputerMask2,117,796,408,5,388,127.500000,2028,1020
instance_exp_N35_K4_nzP0d15,p8_g4_l20,GreedyRecomputerMask4,143,936,640,7,296,127.500000,2028,1020
instance_exp_N35_K4_nzP0d15,p8_g4_l20,GreedyBspHC,68,983,688,7,295,127.500000,2028,1020
bcsstk36,p8_g4_l20,GreedyRecomputerMask0,12319,190620,36656,532,153964,5.173250,560044,23052
bcsstk36,p8_g4_l20,GreedyRecomputerMask1,13085,190550,36596,532,153954,5.173250,560044,23052
bcsstk36,p8_g4_l20,GreedyRecomputerMask3,15691,189980,36048,504,153932,5.173250,560044,23052
bcsstk36,p8_g4_l20,GreedyRecomputerMask7,27975,189987,36040,504,153947,5.173250,560044,23052
bcsstk36,p8_g4_l20,GreedyRecomputerMask2,14693,190061,36144,505,153917,5.173250,560044,23052
bcsstk36,p8_g4_l20,GreedyRecomputerMask4,22137,190596,36632,532,153964,5.173250,560044,23052
bcsstk36,p8_g4_l20,GreedyBspHC,10952,205209,51196,591,154013,5.173250,560044,23052
simple2.5.psdd,p8_g4_l20,GreedyRecomputerMask0,0,6,0,1,6,7.000000,5,7
simple2.5.psdd,p8_g4_l20,GreedyRecomputerMask1,0,6,0,1,6,7.000000,5,7
simple2.5.psdd,p8_g4_l20,GreedyRecomputerMask3,0,6,0,1,6,7.000000,5,7
simple2.5.psdd,p8_g4_l20,GreedyRecomputerMask7,0,6,0,1,6,7.000000,5,7
simple2.5.psdd,p8_g4_l20,GreedyRecomputerMask2,0,6,0,1,6,7.000000,5,7
simple2.5.psdd,p8_g4_l20,GreedyRecomputerMask4,0,6,0,1,6,7.000000,5,7
simple2.5.psdd,p8_g4_l20,GreedyBspHC,0,6,0,1,6,7.000000,5,7
instance_exp_N75_K60_nzP0d15,p8_g4_l20,GreedyRecomputerMask0,4208,43789,25088,89,18701,451.908333,146520,54229
instance_exp_N75_K60_nzP0d15,p8_g4_l20,GreedyRecomputerMask1,5826,42029,22800,89,19229,451.908333,146520,54229
instance_exp_N75_K60_nzP0d15,p8_g4_l20,GreedyRecomputerMask3,7741,41884,22436,87,19448,451.908333,146520,54229
instance_exp_N75_K60_nzP0d15,p8_g4_l20,GreedyRecomputerMask7,12893,41884,22436,87,19448,451.908333,146520,54229
instance_exp_N75_K60_nzP0d15,p8_g4_l20,GreedyRecomputerMask2,6780,43201,24100,87,19101,451.908333,146520,54229
instance_exp_N75_K60_nzP0d15,p8_g4_l20,GreedyRecomputerMask4,8035,43789,25088,89,18701,451.908333,146520,54229
instance_exp_N75_K60_nzP0d15,p8_g4_l20,GreedyBspHC,3348,45546,26868,89,18678,451.908333,146520,54229
little_4var.psdd,p8_g4_l20,GreedyRecomputerMask0,0,11,0,1,11,6.000000,10,12
little_4var.psdd,p8_g4_l20,GreedyRecomputerMask1,0,11,0,1,11,6.000000,10,12
little_4var.psdd,p8_g4_l20,GreedyRecomputerMask3,0,11,0,1,11,6.000000,10,12
little_4var.psdd,p8_g4_l20,GreedyRecomputerMask7,1,11,0,1,11,6.000000,10,12
little_4var.psdd,p8_g4_l20,GreedyRecomputerMask2,0,11,0,1,11,6.000000,10,12
little_4var.psdd,p8_g4_l20,GreedyRecomputerMask4,1,11,0,1,11,6.000000,10,12
little_4var.psdd,p8_g4_l20,GreedyBspHC,0,11,0,1,11,6.000000,10,12
pdb1HYS,p8_g4_l20,GreedyRecomputerMask0,16592,1249495,49684,304,1199811,1.892480,2154174,36417
pdb1HYS,p8_g4_l20,GreedyRecomputerMask1,19040,1249120,49244,303,1199876,1.892480,2154174,36417
pdb1HYS,p8_g4_l20,GreedyRecomputerMask3,30782,1244908,45124,248,1199784,1.892480,2154174,36417
pdb1HYS,p8_g4_l20,GreedyRecomputerMask7,116663,1243033,43244,245,1199789,1.892480,2154174,36417
pdb1HYS,p8_g4_l20,GreedyRecomputerMask2,30354,1244515,44476,239,1200039,1.892480,2154174,36417
pdb1HYS,p8_g4_l20,GreedyRecomputerMask4,109812,1246079,46100,294,1199979,1.892480,2154174,36417
pdb1HYS,p8_g4_l20,GreedyBspHC,12713,1277715,77796,368,1199919,1.892480,2154174,36417
instance_kNN_N250_K15_nzP0d1,p8_g4_l20,GreedyRecomputerMask0,10656,84823,52140,22,32683,3155.566667,253986,94667
instance_kNN_N250_K15_nzP0d1,p8_g4_l20,GreedyRecomputerMask1,52657,73496,37020,22,36476,3155.566667,253986,94667
instance_kNN_N250_K15_nzP0d1,p8_g4_l20,GreedyRecomputerMask3,59454,73341,36656,20,36685,3155.566667,253986,94667
instance_kNN_N250_K15_nzP0d1,p8_g4_l20,GreedyRecomputerMask7,74131,73341,36656,20,36685,3155.566667,253986,94667
instance_kNN_N250_K15_nzP0d1,p8_g4_l20,GreedyRecomputerMask2,16594,81553,44456,19,37097,3155.566667,253986,94667
instance_kNN_N250_K15_nzP0d1,p8_g4_l20,GreedyRecomputerMask4,19240,84823,52140,22,32683,3155.566667,253986,94667
instance_kNN_N250_K15_nzP0d1,p8_g4_l20,GreedyBspHC,8844,86793,54112,22,32681,3155.566667,253986,94667
book.psdd,p8_g4_l20,GreedyRecomputerMask0,1671,9084,6276,15,2808,567.128205,53647,22118
book.psdd,p8_g4_l20,GreedyRecomputerMask1,3043,7689,4432,15,3257,567.128205,53647,22118
book.psdd,p8_g4_l20,GreedyRecomputerMask3,3691,7629,4376,13,3253,567.128205,53647,22118
book.psdd,p8_g4_l20,GreedyRecomputerMask7,5877,7629,4376,13,3253,567.128205,53647,22118
book.psdd,p8_g4_l20,GreedyRecomputerMask2,2410,8032,4032,12,4000,567.128205,53647,22118
book.psdd,p8_g4_l20,GreedyRecomputerMask4,2426,9084,6276,15,2808,567.128205,53647,22118
book.psdd,p8_g4_l20,GreedyBspHC,1382,9500,6692,15,2808,567.128205,53647,22118
jester.psdd,p8_g4_l20,GreedyRecomputerMask0,1157,7276,4868,14,2408,758.280000,48220,18957
jester.psdd,p8_g4_l20,GreedyRecomputerMask1,1720,6599,3980,14,2619,758.280000,48220,18957
jester.psdd,p8_g4_l20,GreedyRecomputerMask3,2399,6160,3060,11,3100,758.280000,48220,18957
jester.psdd,p8_g4_l20,GreedyRecomputerMask7,4210,6160,3060,11,3100,758.280000,48220,18957
jester.psdd,p8_g4_l20,GreedyRecomputerMask2,1778,6658,3616,11,3042,758.280000,48220,18957
jester.psdd,p8_g4_l20,GreedyRecomputerMask4,2452,7276,4868,14,2408,758.280000,48220,18957
jester.psdd,p8_g4_l20,GreedyBspHC,909,7936,5528,14,2408,758.280000,48220,18957
instance_exp_N80_K6_nzP0d15,p8_g4_l20,GreedyRecomputerMask0,709,6484,4212,10,2272,588.000000,16704,7056
instance_exp_N80_K6_nzP0d15,p8_g4_l20,GreedyRecomputerMask1,1351,5283,2600,10,2683,588.000000,16704,7056
instance_exp_N80_K6_nzP0d15,p8_g4_l20,GreedyRecomputerMask3,1564,5136,2228,8,2908,588.000000,16704,7056
instance_exp_N80_K6_nzP0d15,p8_g4_l20,GreedyRecomputerMask7,2268,5136,2228,8,2908,588.000000,16704,7056
instance_exp_N80_K6_nzP0d15,p8_g4_l20,GreedyRecomputerMask2,1038,5849,3128,8,2721,588.000000,16704,7056
instance_exp_N80_K6_nzP0d15,p8_g4_l20,GreedyRecomputerMask4,943,6484,4212,10,2272,588.000000,16704,7056
instance_exp_N80_K6_nzP0d15,p8_g4_l20,GreedyBspHC,597,6704,4432,10,2272,588.000000,16704,7056
simple2.4.psdd,p8_g4_l20,GreedyRecomputerMask0,0,6,0,1,6,7.000000,5,7
simple2.4.psdd,p8_g4_l20,GreedyRecomputerMask1,0,6,0,1,6,7.000000,5,7
simple2.4.psdd,p8_g4_l20,GreedyRecomputerMask3,0,6,0,1,6,7.000000,5,7
simple2.4.psdd,p8_g4_l20,GreedyRecomputerMask7,0,6,0,1,6,7.000000,5,7
simple2.4.psdd,p8_g4_l20,GreedyRecomputerMask2,0,6,0,1,6,7.000000,5,7
simple2.4.psdd,p8_g4_l20,GreedyRecomputerMask4,0,6,0,1,6,7.000000,5,7
simple2.4.psdd,p8_g4_l20,GreedyBspHC,0,6,0,1,6,7.000000,5,7
instance_kNN_N90_K8_nzP0d15,p8_g4_l20,GreedyRecomputerMask0,891,8338,5416,14,2922,569.250000,21717,9108
instance_kNN_N90_K8_nzP0d15,p8_g4_l20,GreedyRecomputerMask1,1661,7132,3824,14,3308,569.250000,21717,9108
instance_kNN_N90_K8_nzP0d15,p8_g4_l20,GreedyRecomputerMask3,1981,7099,3784,13,3315,569.250000,21717,9108
instance_kNN_N90_K8_nzP0d15,p8_g4_l20,GreedyRecomputerMask7,3228,7099,3784,13,3315,569.250000,21717,9108
instance_kNN_N90_K8_nzP0d15,p8_g4_l20,GreedyRecomputerMask2,1295,8035,4628,11,3407,569.250000,21717,9108
instance_kNN_N90_K8_nzP0d15,p8_g4_l20,GreedyRecomputerMask4,1558,8338,5416,14,2922,569.250000,21717,9108
instance_kNN_N90_K8_nzP0d15,p8_g4_l20,GreedyBspHC,752,8533,5612,14,2921,569.250000,21717,9108
msnbc.psdd,p8_g4_l20,GreedyRecomputerMask0,1347,9016,6920,8,2096,2046.625000,39056,16373
msnbc.psdd,p8_g4_l20,GreedyRecomputerMask1,2330,8594,6360,8,2234,2046.625000,39056,16373
msnbc.psdd,p8_g4_l20,GreedyRecomputerMask3,3013,7321,4280,6,3041,2046.625000,39056,16373
msnbc.psdd,p8_g4_l20,GreedyRecomputerMask7,4620,7321,4280,6,3041,2046.625000,39056,16373
msnbc.psdd,p8_g4_l20,GreedyRecomputerMask2,1894,7542,2900,5,4642,2046.625000,39056,16373
msnbc.psdd,p8_g4_l20,GreedyRecomputerMask4,1860,9016,6920,8,2096,2046.625000,39056,16373
msnbc.psdd,p8_g4_l20,GreedyBspHC,1132,9216,7120,8,2096,2046.625000,39056,16373
instance_CG_N15_K7_nzP0d25,p8_g4_l20,GreedyRecomputerMask0,98,2937,2276,45,661,18.216867,3116,1512
instance_CG_N15_K7_nzP0d25,p8_g4_l20,GreedyRecomputerMask1,107,2894,2220,45,674,18.216867,3116,1512
instance_CG_N15_K7_nzP0d25,p8_g4_l20,GreedyRecomputerMask3,152,2771,2040,38,731,18.216867,3116,1512
instance_CG_N15_K7_nzP0d25,p8_g4_l20,GreedyRecomputerMask7,267,2767,2036,38,731,18.216867,3116,1512
instance_CG_N15_K7_nzP0d25,p8_g4_l20,GreedyRecomputerMask2,150,2784,2008,36,776,18.216867,3116,1512
instance_CG_N15_K7_nzP0d25,p8_g4_l20,GreedyRecomputerMask4,223,2921,2248,44,673,18.216867,3116,1512
instance_CG_N15_K7_nzP0d25,p8_g4_l20,GreedyBspHC,82,3112,2452,48,660,18.216867,3116,1512
simple2.1.psdd,p8_g4_l20,GreedyRecomputerMask0,0,6,0,1,6,7.000000,5,7
simple2.1.psdd,p8_g4_l20,GreedyRecomputerMask1,0,6,0,1,6,7.000000,5,7
simple2.1.psdd,p8_g4_l20,GreedyRecomputerMask3,0,6,0,1,6,7.000000,5,7
simple2.1.psdd,p8_g4_l20,GreedyRecomputerMask7,0,6,0,1,6,7.000000,5,7
simple2.1.psdd,p8_g4_l20,GreedyRecomputerMask2,0,6,0,1,6,7.000000,5,7
simple2.1.psdd,p8_g4_l20,GreedyRecomputerMask4,0,6,0,1,6,7.000000,5,7
simple2.1.psdd,p8_g4_l20,GreedyBspHC,0,6,0,1,6,7.000000,5,7
Dubcova2,p8_g4_l20,GreedyRecomputerMask0,40180,91408,28304,248,63104,39.819351,482600,65025
Dubcova2,p8_g4_l20,GreedyRecomputerMask1,50071,85853,21760,245,64093,39.819351,482600,65025
Dubcova2,p8_g4_l20,GreedyRecomputerMask3,56981,85273,20912,217,64361,39.819351,482600,65025
Dubcova2,p8_g4_l20,GreedyRecomputerMask7,83774,85298,20972,217,64326,39.819351,482600,65025
Dubcova2,p8_g4_l20,GreedyRecomputerMask2,43685,88452,22400,216,66052,39.819351,482600,65025
Dubcova2,p8_g4_l20,GreedyRecomputerMask4,52324,91310,28204,244,63106,39.819351,482600,65025
Dubcova2,p8_g4_l20,GreedyBspHC,37990,98534,35460,281,63074,39.819351,482600,65025
instance_kNN_N30_K10_nzP0d15,p8_g4_l20,GreedyRecomputerMask0,150,1642,1152,17,490,79.250000,3519,1585
instance_kNN_N30_K10_nzP0d15,p8_g4_l20,GreedyRecomputerMask1,165,1478,940,16,538,79.250000,3519,1585
instance_kNN_N30_K10_nzP0d15,p8_g4_l20,GreedyRecomputerMask3,210,1437,864,14,573,79.250000,3519,1585
instance_kNN_N30_K10_nzP0d15,p8_g4_l20,GreedyRecomputerMask7,342,1437,864,14,573,79.250000,3519,1585
instance_kNN_N30_K10_nzP0d15,p8_g4_l20,GreedyRecomputerMask2,206,1551,1008,14,543,79.250000,3519,1585
instance_kNN_N30_K10_nzP0d15,p8_g4_l20,GreedyRecomputerMask4,244,1642,1152,17,490,79.250000,3519,1585
instance_kNN_N30_K10_nzP0d15,p8_g4_l20,GreedyBspHC,127,1762,1272,17,490,79.250000,3519,1585
sts4098,p8_g4_l20,GreedyRecomputerMask0,737,9717,4536,77,5181,22.893855,34129,4098
sts4098,p8_g4_l20,GreedyRecomputerMask1,828,9523,4308,76,5215,22.893855,34129,4098
sts4098,p8_g4_l20,GreedyRecomputerMask3,996,9263,4032,60,5231,22.893855,34129,4098
sts4098,p8_g4_l20,GreedyRecomputerMask7,1658,9255,4024,60,5231,22.893855,34129,4098
sts4098,p8_g4_l20,GreedyRecomputerMask2,968,9442,4244,60,5198,22.893855,34129,4098
sts4098,p8_g4_l20,GreedyRecomputerMask4,1209,9693,4512,76,5181,22.893855,34129,4098
sts4098,p8_g4_l20,GreedyBspHC,639,10749,5572,81,5177,22.893855,34129,4098
instance_conjugate_gradient_gyro_m,p8_g4_l20,GreedyRecomputerMask0,4175,179554,127420,3983,52134,2.363321,70893,47023
instance_conjugate_gradient_gyro_m,p8_g4_l20,GreedyRecomputerMask1,5904,179527,127392,3982,52135,2.363321,70893,47023
instance_conjugate_gradient_gyro_m,p8_g4_l20,GreedyRecomputerMask3,27887,83981,0,1,83981,2.363321,70893,47023
instance_conjugate_gradient_gyro_m,p8_g4_l20,GreedyRecomputerMask7,32736,83981,0,1,83981,2.363321,70893,47023
instance_conjugate_gradient_gyro_m,p8_g4_l20,GreedyRecomputerMask2,27146,83981,0,1,83981,2.363321,70893,47023
instance_conjugate_gradient_gyro_m,p8_g4_l20,GreedyRecomputerMask4,8988,140764,85644,2491,55120,2.363321,70893,47023
instance_conjugate_gradient_gyro_m,p8_g4_l20,GreedyBspHC,3677,179554,127420,3984,52134,2.363321,70893,47023
instance_kNN_N30_K12_nzP0d15,p8_g4_l20,GreedyRecomputerMask0,177,1944,1328,20,616,81.291667,4437,1951
instance_kNN_N30_K12_nzP0d15,p8_g4_l20,GreedyRecomputerMask1,194,1772,1120,19,652,81.291667,4437,1951
instance_kNN_N30_K12_nzP0d15,p8_g4_l20,GreedyRecomputerMask3,253,1701,1008,16,693,81.291667,4437,1951
instance_kNN_N30_K12_nzP0d15,p8_g4_l20,GreedyRecomputerMask7,419,1701,1008,16,693,81.291667,4437,1951
instance_kNN_N30_K12_nzP0d15,p8_g4_l20,GreedyRecomputerMask2,258,1834,1164,16,670,81.291667,4437,1951
instance_kNN_N30_K12_nzP0d15,p8_g4_l20,GreedyRecomputerMask4,226,1944,1328,20,616,81.291667,4437,1951
instance_kNN_N30_K12_nzP0d15,p8_g4_l20,GreedyBspHC,149,2156,1540,20,616,81.291667,4437,1951
bcsstk13,p8_g4_l20,GreedyRecomputerMask0,3452,26056,8072,194,17984,3.477431,40940,2003
bcsstk13,p8_g4_l20,GreedyRecomputerMask1,3529,25978,7996,193,17982,3.477431,40940,2003
bcsstk13,p8_g4_l20,GreedyRecomputerMask3,3765,25443,7408,159,18035,3.477431,40940,2003
bcsstk13,p8_g4_l20,GreedyRecomputerMask7,4674,25443,7408,159,18035,3.477431,40940,2003
bcsstk13,p8_g4_l20,GreedyRecomputerMask2,3735,25501,7476,159,18025,3.477431,40940,2003
bcsstk13,p8_g4_l20,GreedyRecomputerMask4,4156,26052,8068,194,17984,3.477431,40940,2003
bcsstk13,p8_g4_l20,GreedyBspHC,3324,29054,11012,239,18042,3.477431,40940,2003
pumsb_star.psdd,p8_g4_l20,GreedyRecomputerMask0,2627,15987,10920,16,5067,1429.785714,110115,40034
pumsb_star.psdd,p8_g4_l20,GreedyRecomputerMask1,4349,14919,9504,16,5415,1429.785714,110115,40034
pumsb_star.psdd,p8_g4_l20,GreedyRecomputerMask3,5693,14852,9396,13,5456,1429.785714,110115,40034
pumsb_star.psdd,p8_g4_l20,GreedyRecomputerMask7,9879,14852,9396,13,5456,1429.785714,110115,40034
pumsb_star.psdd,p8_g4_l20,GreedyRecomputerMask2,4059,15216,9204,12,6012,1429.785714,110115,40034
pumsb_star.psdd,p8_g4_l20,GreedyRecomputerMask4,4060,15987,10920,16,5067,1429.785714,110115,40034
pumsb_star.psdd,p8_g4_l20,GreedyBspHC,2060,17531,12464,16,5067,1429.785714,110115,40034
m_t1,p8_g4_l20,GreedyRecomputerMask0,25311,736050,73340,239,662710,22.878781,4827996,97578
m_t1,p8_g4_l20,GreedyRecomputerMask1,30945,735791,73060,239,662731,22.878781,4827996,97578
m_t1,p8_g4_l20,GreedyRecomputerMask3,46798,735779,73048,238,662731,22.878781,4827996,97578
m_t1,p8_g4_l20,GreedyRecomputerMask7,131719,735779,73048,238,662731,22.878781,4827996,97578
m_t1,p8_g4_l20,GreedyRecomputerMask2,38226,736038,73328,238,662710,22.878781,4827996,97578
m_t1,p8_g4_l20,GreedyRecomputerMask4,84392,736050,73340,239,662710,22.878781,4827996,97578
m_t1,p8_g4_l20,GreedyBspHC,13899,766152,103324,256,662828,22.878781,4827996,97578
dna-500.psdd,p8_g4_l20,GreedyRecomputerMask0,5764,30548,8704,26,21844,2098.012048,552352,174135
dna-500.psdd,p8_g4_l20,GreedyRecomputerMask1,7882,29768,7712,26,22056,2098.012048,552352,174135
dna-500.psdd,p8_g4_l20,GreedyRecomputerMask3,13171,29735,7676,24,22059,2098.012048,552352,174135
dna-500.psdd,p8_g4_l20,GreedyRecomputerMask7,28245,29735,7676,24,22059,2098.012048,552352,174135
dna-500.psdd,p8_g4_l20,GreedyRecomputerMask2,11790,30315,8204,23,22111,2098.012048,552352,174135
dna-500.psdd,p8_g4_l20,GreedyRecomputerMask4,17198,30548,8704,26,21844,2098.012048,552352,174135
dna-500.psdd,p8_g4_l20,GreedyBspHC,3529,31591,9748,26,21843,2098.012048,552352,174135
instance_exp_N40_K5_nzP0d15,p8_g4_l20,GreedyRecomputerMask0,118,1525,1032,10,493,163.200000,3480,1632
instance_exp_N40_K5_nzP0d15,p8_g4_l20,GreedyRecomputerMask1,154,1316,764,10,552,163.200000,3480,1632
instance_exp_N40_K5_nzP0d15,p8_g4_l20,GreedyRecomputerMask3,197,1243,616,8,627,163.200000,3480,1632
instance_exp_N40_K5_nzP0d15,p8_g4_l20,GreedyRecomputerMask7,339,1243,616,8,627,163.200000,3480,1632
instance_exp_N40_K5_nzP0d15,p8_g4_l20,GreedyRecomputerMask2,176,1363,752,8,611,163.200000,3480,1632
instance_exp_N40_K5_nzP0d15,p8_g4_l20,GreedyRecomputerMask4,163,1525,1032,10,493,163.200000,3480,1632
instance_exp_N40_K5_nzP0d15,p8_g4_l20,GreedyBspHC,94,1617,1124,10,493,163.200000,3480,1632
nltcs.10split.psdd,p8_g4_l20,GreedyRecomputerMask0,12,234,212,7,22,14.875000,192,119
nltcs.10split.psdd,p8_g4_l20,GreedyRecomputerMask1,14,182,152,6,30,14.875000,192,119
nltcs.10split.psdd,p8_g4_l20,GreedyRecomputerMask3,17,102,48,2,54,14.875000,192,119
nltcs.10split.psdd,p8_g4_l20,GreedyRecomputerMask7,26,102,48,2,54,14.875000,192,119
nltcs.10split.psdd,p8_g4_l20,GreedyRecomputerMask2,16,105,52,2,53,14.875000,192,119
nltcs.10split.psdd,p8_g4_l20,GreedyRecomputerMask4,15,234,212,7,22,14.875000,192,119
nltcs.10split.psdd,p8_g4_l20,GreedyBspHC,11,242,220,7,22,14.875000,192,119
nasa4704,p8_g4_l20,GreedyRecomputerMask0,762,15179,7168,135,8011,14.254545,50026,4704
nasa4704,p8_g4_l20,GreedyRecomputerMask1,865,15121,7092,135,8029,14.254545,50026,4704
nasa4704,p8_g4_l20,GreedyRecomputerMask3,1084,15088,7052,132,8036,14.254545,50026,4704
nasa4704,p8_g4_l20,GreedyRecomputerMask7,2011,15072,7036,132,8036,14.254545,50026,4704
nasa4704,p8_g4_l20,GreedyRecomputerMask2,948,15146,7128,132,8018,14.254545,50026,4704
nasa4704,p8_g4_l20,GreedyRecomputerMask4,1767,15163,7152,135,8011,14.254545,50026,4704
nasa4704,p8_g4_l20,GreedyBspHC,613,17016,9004,140,8012,14.254545,50026,4704
thermal1,p8_g4_l20,GreedyRecomputerMask0,5606,48854,17644,88,31210,85.210309,245902,82654
thermal1,p8_g4_l20,GreedyRecomputerMask1,22782,40865,9184,88,31681,85.210309,245902,82654
thermal1,p8_g4_l20,GreedyRecomputerMask3,24774,40712,9000,79,31712,85.210309,245902,82654
thermal1,p8_g4_l20,GreedyRecomputerMask7,34378,40712,9000,79,31712,85.210309,245902,82654
thermal1,p8_g4_l20,GreedyRecomputerMask2,8544,47269,15720,78,31549,85.210309,245902,82654
thermal1,p8_g4_l20,GreedyRecomputerMask4,12192,48834,17624,87,31210,85.210309,245902,82654
thermal1,p8_g4_l20,GreedyBspHC,4550,51000,19792,89,31208,85.210309,245902,82654
cfd1,p8_g4_l20,GreedyRecomputerMask0,35242,248946,110252,1968,138694,16.283936,878854,70656
cfd1,p8_g4_l20,GreedyRecomputerMask1,37398,248760,110024,1968,138736,16.283936,878854,70656
cfd1,p8_g4_l20,GreedyRecomputerMask3,44422,247285,108160,1826,139125,16.283936,878854,70656
cfd1,p8_g4_l20,GreedyRecomputerMask7,67510,247305,108180,1828,139125,16.283936,878854,70656
cfd1,p8_g4_l20,GreedyRecomputerMask2,43523,247583,108488,1825,139095,16.283936,878854,70656
cfd1,p8_g4_l20,GreedyRecomputerMask4,47728,248946,110252,1968,138694,16.283936,878854,70656
cfd1,p8_g4_l20,GreedyBspHC,31801,292292,153592,1982,138700,16.283936,878854,70656
instance_CG_N45_K13_nzP0d15,p8_g4_l20,GreedyRecomputerMask0,1272,12565,8552,86,4013,63.135484,22088,9786
instance_CG_N45_K13_nzP0d15,p8_g4_l20,GreedyRecomputerMask1,1362,12324,8240,86,4084,63.135484,22088,9786
instance_CG_N45_K13_nzP0d15,p8_g4_l20,GreedyRecomputerMask3,1823,12109,7856,73,4253,63.135484,22088,9786
instance_CG_N45_K13_nzP0d15,p8_g4_l20,GreedyRecomputerMask7,2940,12085,7832,73,4253,63.135484,22088,9786
instance_CG_N45_K13_nzP0d15,p8_g4_l20,GreedyRecomputerMask2,1621,12193,7964,73,4229,63.135484,22088,9786
instance_CG_N45_K13_nzP0d15,p8_g4_l20,GreedyRecomputerMask4,1845,12549,8536,86,4013,63.135484,22088,9786
instance_CG_N45_K13_nzP0d15,p8_g4_l20,GreedyBspHC,1146,13297,9292,90,4005,63.135484,22088,9786
instance_kNN_N30_K8_nzP0d15,p8_g4_l20,GreedyRecomputerMask0,101,1210,848,12,362,76.187500,2601,1219
instance_kNN_N30_K8_nzP0d15,p8_g4_l20,GreedyRecomputerMask1,115,1063,660,11,403,76.187500,2601,1219
instance_kNN_N30_K8_nzP0d15,p8_g4_l20,GreedyRecomputerMask3,152,1008,548,8,460,76.187500,2601,1219
instance_kNN_N30_K8_nzP0d15,p8_g4_l20,GreedyRecomputerMask7,255,1008,548,8,460,76.187500,2601,1219
instance_kNN_N30_K8_nzP0d15,p8_g4_l20,GreedyRecomputerMask2,145,1097,668,8,429,76.187500,2601,1219
instance_kNN_N30_K8_nzP0d15,p8_g4_l20,GreedyRecomputerMask4,173,1210,848,12,362,76.187500,2601,1219
instance_kNN_N30_K8_nzP0d15,p8_g4_l20,GreedyBspHC,86,1290,928,12,362,76.187500,2601,1219
instance_spmv_N70_nzP0d19,p8_g4_l20,GreedyRecomputerMask0,141,1091,632,3,459,960.000000,2670,1920
instance_spmv_N70_nzP0d19,p8_g4_l20,GreedyRecomputerMask1,172,960,456,3,504,960.000000,2670,1920
instance_spmv_N70_nzP0d19,p8_g4_l20,GreedyRecomputerMask3,192,802,0,1,802,960.000000,2670,1920
instance_spmv_N70_nzP0d19,p8_g4_l20,GreedyRecomputerMask7,296,802,0,1,802,960.000000,2670,1920
instance_spmv_N70_nzP0d19,p8_g4_l20,GreedyRecomputerMask2,170,802,0,1,802,960.000000,2670,1920
instance_spmv_N70_nzP0d19,p8_g4_l20,GreedyRecomputerMask4,250,1091,632,3,459,960.000000,2670,1920
instance_spmv_N70_nzP0d19,p8_g4_l20,GreedyBspHC,123,1095,636,3,459,960.000000,2670,1920
nasa1824,p8_g4_l20,GreedyRecomputerMask0,395,6847,3496,78,3351,9.859459,18692,1824
nasa1824,p8_g4_l20,GreedyRecomputerMask1,417,6838,3488,78,3350,9.859459,18692,1824
nasa1824,p8_g4_l20,GreedyRecomputerMask3,562,6691,3300,70,3391,9.859459,18692,1824
nasa1824,p8_g4_l20,GreedyRecomputerMask7,1023,6683,3288,70,3395,9.859459,18692,1824
nasa1824,p8_g4_l20,GreedyRecomputerMask2,555,6713,3316,70,3397,9.859459,18692,1824
nasa1824,p8_g4_l20,GreedyRecomputerMask4,634,6835,3484,78,3351,9.859459,18692,1824
nasa1824,p8_g4_l20,GreedyBspHC,342,7743,4384,87,3359,9.859459,18692,1824
kdd.psdd,p8_g4_l20,GreedyRecomputerMask0,2229,12758,8672,11,4086,1601.050000,79972,32021
kdd.psdd,p8_g4_l20,GreedyRecomputerMask1,3313,12089,7816,11,4273,1601.050000,79972,32021
kdd.psdd,p8_g4_l20,GreedyRecomputerMask3,4622,11298,4952,8,6346,1601.050000,79972,32021
kdd.psdd,p8_g4_l20,GreedyRecomputerMask7,7904,11298,4952,8,6346,1601.050000,79972,32021
kdd.psdd,p8_g4_l20,GreedyRecomputerMask2,3427,11573,5192,8,6381,1601.050000,79972,32021
kdd.psdd,p8_g4_l20,GreedyRecomputerMask4,4521,12758,8672,11,4086,1601.050000,79972,32021
kdd.psdd,p8_g4_l20,GreedyBspHC,1828,13516,9432,11,4084,1601.050000,79972,32021
thermomech_TC,p8_g4_l20,GreedyRecomputerMask0,10556,73407,35272,10,38135,318.249221,304700,102158
thermomech_TC,p8_g4_l20,GreedyRecomputerMask1,275923,54741,13648,10,41093,318.249221,304700,102158
thermomech_TC,p8_g4_l20,GreedyRecomputerMask3,284475,53601,11516,6,42085,318.249221,304700,102158
thermomech_TC,p8_g4_l20,GreedyRecomputerMask7,304132,53576,11412,6,42164,318.249221,304700,102158
thermomech_TC,p8_g4_l20,GreedyRecomputerMask2,14956,57250,2700,5,54550,318.249221,304700,102158
thermomech_TC,p8_g4_l20,GreedyRecomputerMask4,21178,73407,35272,10,38135,318.249221,304700,102158
thermomech_TC,p8_g4_l20,GreedyBspHC,8718,73757,35624,10,38133,318.249221,304700,102158
instance_spmv_N120_nzP0d18,p8_g4_l20,GreedyRecomputerMask0,384,2824,1532,3,1292,2663.000000,7629,5326
instance_spmv_N120_nzP0d18,p8_g4_l20,GreedyRecomputerMask1,489,2564,1184,3,1380,2663.000000,7629,5326
instance_spmv_N120_nzP0d18,p8_g4_l20,GreedyRecomputerMask3,553,2218,0,1,2218,2663.000000,7629,5326
instance_spmv_N120_nzP0d18,p8_g4_l20,GreedyRecomputerMask7,858,2218,0,1,2218,2663.000000,7629,5326
instance_spmv_N120_nzP0d18,p8_g4_l20,GreedyRecomputerMask2,464,2218,0,1,2218,2663.000000,7629,5326
instance_spmv_N120_nzP0d18,p8_g4_l20,GreedyRecomputerMask4,529,2824,1532,3,1292,2663.000000,7629,5326
instance_spmv_N120_nzP0d18,p8_g4_l20,GreedyBspHC,328,2832,1540,3,1292,2663.000000,7629,5326
raefsky4,p8_g4_l20,GreedyRecomputerMask0,2636,103613,17596,101,86017,54.040984,654416,19779
raefsky4,p8_g4_l20,GreedyRecomputerMask1,3544,103441,17416,101,86025,54.040984,654416,19779
raefsky4,p8_g4_l20,GreedyRecomputerMask3,5407,103401,17376,99,86025,54.040984,654416,19779
raefsky4,p8_g4_l20,GreedyRecomputerMask7,16633,103401,17376,99,86025,54.040984,654416,19779
raefsky4,p8_g4_l20,GreedyRecomputerMask2,5213,103573,17556,99,86017,54.040984,654416,19779
raefsky4,p8_g4_l20,GreedyRecomputerMask4,10409,103613,17596,101,86017,54.040984,654416,19779
raefsky4,p8_g4_l20,GreedyBspHC,1085,110429,24412,102,86017,54.040984,654416,19779
instance_exp_N60_K17_nzP0d13,p8_g4_l20,GreedyRecomputerMask0,669,7938,4964,26,2974,268.382353,22821,9125
instance_exp_N60_K17_nzP0d13,p8_g4_l20,GreedyRecomputerMask1,952,7157,3936,26,3221,268.382353,22821,9125
instance_exp_N60_K17_nzP0d13,p8_g4_l20,GreedyRecomputerMask3,1228,7042,3708,23,3334,268.382353,22821,9125
instance_exp_N60_K17_nzP0d13,p8_g4_l20,GreedyRecomputerMask7,2058,7042,3708,23,3334,268.382353,22821,9125
instance_exp_N60_K17_nzP0d13,p8_g4_l20,GreedyRecomputerMask2,1061,7563,4368,23,3195,268.382353,22821,9125
instance_exp_N60_K17_nzP0d13,p8_g4_l20,GreedyRecomputerMask4,942,7938,4964,26,2974,268.382353,22821,9125
instance_exp_N60_K17_nzP0d13,p8_g4_l20,GreedyBspHC,534,8382,5408,26,2974,268.382353,22821,9125
instance_spmv_N65_nzP0d18,p8_g4_l20,GreedyRecomputerMask0,113,933,552,3,381,802.000000,2211,1604
instance_spmv_N65_nzP0d18,p8_g4_l20,GreedyRecomputerMask1,123,922,540,3,382,802.000000,2211,1604
instance_spmv_N65_nzP0d18,p8_g4_l20,GreedyRecomputerMask3,140,669,0,1,669,802.000000,2211,1604
instance_spmv_N65_nzP0d18,p8_g4_l20,GreedyRecomputerMask7,229,669,0,1,669,802.000000,2211,1604
instance_spmv_N65_nzP0d18,p8_g4_l20,GreedyRecomputerMask2,140,669,0,1,669,802.000000,2211,1604
instance_spmv_N65_nzP0d18,p8_g4_l20,GreedyRecomputerMask4,155,933,552,3,381,802.000000,2211,1604
instance_spmv_N65_nzP0d18,p8_g4_l20,GreedyBspHC,98,941,560,3,381,802.000000,2211,1604
instance_CG_N40_K10_nzP0d2,p8_g4_l20,GreedyRecomputerMask0,750,9302,6332,65,2970,61.638655,16632,7335
instance_CG_N40_K10_nzP0d2,p8_g4_l20,GreedyRecomputerMask1,863,9078,6036,65,3042,61.638655,16632,7335
instance_CG_N40_K10_nzP0d2,p8_g4_l20,GreedyRecomputerMask3,1078,8905,5748,58,3157,61.638655,16632,7335
instance_CG_N40_K10_nzP0d2,p8_g4_l20,GreedyRecomputerMask7,1699,8905,5748,58,3157,61.638655,16632,7335
instance_CG_N40_K10_nzP0d2,p8_g4_l20,GreedyRecomputerMask2,1030,8987,5844,58,3143,61.638655,16632,7335
instance_CG_N40_K10_nzP0d2,p8_g4_l20,GreedyRecomputerMask4,1206,9302,6332,65,2970,61.638655,16632,7335
instance_CG_N40_K10_nzP0d2,p8_g4_l20,GreedyBspHC,662,9876,6908,69,2968,61.638655,16632,7335
baudio.psdd,p8_g4_l20,GreedyRecomputerMask0,1891,12686,8312,15,4374,1329.500000,94229,34567
baudio.psdd,p8_g4_l20,GreedyRecomputerMask1,3117,11898,7280,14,4618,1329.500000,94229,34567
baudio.psdd,p8_g4_l20,GreedyRecomputerMask3,3700,11898,7280,14,4618,1329.500000,94229,34567
baudio.psdd,p8_g4_l20,GreedyRecomputerMask7,6009,11898,7280,14,4618,1329.500000,94229,34567
baudio.psdd,p8_g4_l20,GreedyRecomputerMask2,3136,12129,5832,12,6297,1329.500000,94229,34567
baudio.psdd,p8_g4_l20,GreedyRecomputerMask4,4357,12686,8312,15,4374,1329.500000,94229,34567
baudio.psdd,p8_g4_l20,GreedyBspHC,1430,13714,9340,15,4374,1329.500000,94229,34567
instance_exp_N100_K40_nzP0d2,p8_g4_l20,GreedyRecomputerMask0,5874,69236,39688,60,29548,1042.425000,232080,83394
instance_exp_N100_K40_nzP0d2,p8_g4_l20,GreedyRecomputerMask1,11667,65057,34120,60,30937,1042.425000,232080,83394
instance_exp_N100_K40_nzP0d2,p8_g4_l20,GreedyRecomputerMask3,15176,64739,33320,58,31419,1042.425000,232080,83394
instance_exp_N100_K40_nzP0d2,p8_g4_l20,GreedyRecomputerMask7,23786,64739,33320,58,31419,1042.425000,232080,83394
instance_exp_N100_K40_nzP0d2,p8_g4_l20,GreedyRecomputerMask2,10677,67625,37116,58,30509,1042.425000,232080,83394
instance_exp_N100_K40_nzP0d2,p8_g4_l20,GreedyRecomputerMask4,12336,69236,39688,60,29548,1042.425000,232080,83394
instance_exp_N100_K40_nzP0d2,p8_g4_l20,GreedyBspHC,4402,71444,41912,60,29532,1042.425000,232080,83394
ad.psdd,p8_g4_l20,GreedyRecomputerMask0,1949,9480,6644,22,2836,464.104167,47345,22277
ad.psdd,p8_g4_l20,GreedyRecomputerMask1,4471,7728,4336,21,3392,464.104167,47345,22277
ad.psdd,p8_g4_l20,GreedyRecomputerMask3,5230,6861,2656,12,4205,464.104167,47345,22277
ad.psdd,p8_g4_l20,GreedyRecomputerMask7,7483,6861,2656,12,4205,464.104167,47345,22277
ad.psdd,p8_g4_l20,GreedyRecomputerMask2,2641,7320,3112,12,4208,464.104167,47345,22277
ad.psdd,p8_g4_l20,GreedyRecomputerMask4,3607,9472,6632,21,2840,464.104167,47345,22277
ad.psdd,p8_g4_l20,GreedyBspHC,1665,10208,7372,22,2836,464.104167,47345,22277
1138_bus,p8_g4_l20,GreedyRecomputerMask0,54,598,400,8,198,56.900000,1458,1138
1138_bus,p8_g4_l20,GreedyRecomputerMask1,61,509,308,8,201,56.900000,1458,1138
1138_bus,p8_g4_l20,GreedyRecomputerMask3,73,339,0,1,339,56.900000,1458,1138
1138_bus,p8_g4_l20,GreedyRecomputerMask7,129,339,0,1,339,56.900000,1458,1138
1138_bus,p8_g4_l20,GreedyRecomputerMask2,68,339,0,1,339,56.900000,1458,1138
1138_bus,p8_g4_l20,GreedyRecomputerMask4,76,598,400,8,198,56.900000,1458,1138
1138_bus,p8_g4_l20,GreedyBspHC,44,614,416,8,198,56.900000,1458,1138
instance_exp_N90_K7_nzP0d14,p8_g4_l20,GreedyRecomputerMask0,841,8863,5740,12,3123,688.000000,23394,9632
instance_exp_N90_K7_nzP0d14,p8_g4_l20,GreedyRecomputerMask1,1812,7472,3904,12,3568,688.000000,23394,9632
instance_exp_N90_K7_nzP0d14,p8_g4_l20,GreedyRecomputerMask3,2160,7274,3392,10,3882,688.000000,23394,9632
instance_exp_N90_K7_nzP0d14,p8_g4_l20,GreedyRecomputerMask7,3119,7274,3392,10,3882,688.000000,23394,9632
instance_exp_N90_K7_nzP0d14,p8_g4_l20,GreedyRecomputerMask2,1320,8120,4468,10,3652,688.000000,23394,9632
instance_exp_N90_K7_nzP0d14,p8_g4_l20,GreedyRecomputerMask4,1568,8863,5740,12,3123,688.000000,23394,9632
instance_exp_N90_K7_nzP0d14,p8_g4_l20,GreedyBspHC,687,9143,6020,12,3123,688.000000,23394,9632
bbc.psdd,p8_g4_l20,GreedyRecomputerMask0,1863,10895,7580,17,3315,591.431818,54018,26023
bbc.psdd,p8_g4_l20,GreedyRecomputerMask1,5028,8869,4876,17,3993,591.431818,54018,26023
bbc.psdd,p8_g4_l20,GreedyRecomputerMask3,5992,8579,3432,13,5147,591.431818,54018,26023
bbc.psdd,p8_g4_l20,GreedyRecomputerMask7,8585,8577,3428,13,5149,591.431818,54018,26023
bbc.psdd,p8_g4_l20,GreedyRecomputerMask2,2708,9195,4116,13,5079,591.431818,54018,26023
bbc.psdd,p8_g4_l20,GreedyRecomputerMask4,3734,10895,7580,17,3315,591.431818,54018,26023
bbc.psdd,p8_g4_l20,GreedyBspHC,1551,11240,7944,17,3296,591.431818,54018,26023
Dubcova1,p8_g4_l20,GreedyRecomputerMask0,8357,27809,11248,174,16561,22.878014,118440,16129
Dubcova1,p8_g4_l20,GreedyRecomputerMask1,9398,26401,9624,174,16777,22.878014,118440,16129
Dubcova1,p8_g4_l20,GreedyRecomputerMask3,10158,25867,8904,142,16963,22.878014,118440,16129
Dubcova1,p8_g4_l20,GreedyRecomputerMask7,13623,25867,8904,142,16963,22.878014,118440,16129
Dubcova1,p8_g4_l20,GreedyRecomputerMask2,9503,26690,9276,140,17414,22.878014,118440,16129
Dubcova1,p8_g4_l20,GreedyRecomputerMask4,11145,27777,11196,172,16581,22.878014,118440,16129
Dubcova1,p8_g4_l20,GreedyBspHC,7854,30650,14100,194,16550,22.878014,118440,16129
instance_spmv_N130_nzP0d22,p8_g4_l20,GreedyRecomputerMask0,540,3892,2060,3,1832,3741.000000,10833,7482
instance_spmv_N130_nzP0d22,p8_g4_l20,GreedyRecomputerMask1,691,3601,1672,3,1929,3741.000000,10833,7482
instance_spmv_N130_nzP0d22,p8_g4_l20,GreedyRecomputerMask3,771,3123,0,1,3123,3741.000000,10833,7482
instance_spmv_N130_nzP0d22,p8_g4_l20,GreedyRecomputerMask7,1221,3123,0,1,3123,3741.000000,10833,7482
instance_spmv_N130_nzP0d22,p8_g4_l20,GreedyRecomputerMask2,655,3123,0,1,3123,3741.000000,10833,7482
instance_spmv_N130_nzP0d22,p8_g4_l20,GreedyRecomputerMask4,998,3892,2060,3,1832,3741.000000,10833,7482
instance_spmv_N130_nzP0d22,p8_g4_l20,GreedyBspHC,459,3912,2080,3,1832,3741.000000,10833,7482
Andrews,p8_g4_l20,GreedyRecomputerMask0,8635,91361,47352,13,44009,1304.347826,350077,60000
Andrews,p8_g4_l20,GreedyRecomputerMask1,110519,79925,32668,13,47257,1304.347826,350077,60000
Andrews,p8_g4_l20,GreedyRecomputerMask3,115090,79148,31240,11,47908,1304.347826,350077,60000
Andrews,p8_g4_l20,GreedyRecomputerMask7,155517,79098,31104,11,47994,1304.347826,350077,60000
Andrews,p8_g4_l20,GreedyRecomputerMask2,13515,84209,33420,10,50789,1304.347826,350077,60000
Andrews,p8_g4_l20,GreedyRecomputerMask4,17609,91361,47352,13,44009,1304.347826,350077,60000
Andrews,p8_g4_l20,GreedyBspHC,6459,91941,47932,14,44009,1304.347826,350077,60000
msnbc-yitao-c.psdd,p8_g4_l20,GreedyRecomputerMask0,430,2696,2068,6,628,997.800000,7164,4989
msnbc-yitao-c.psdd,p8_g4_l20,GreedyRecomputerMask1,799,2039,1192,6,847,997.800000,7164,4989
msnbc-yitao-c.psdd,p8_g4_l20,GreedyRecomputerMask3,863,1855,564,4,1291,997.800000,7164,4989
msnbc-yitao-c.psdd,p8_g4_l20,GreedyRecomputerMask7,1169,1855,564,4,1291,997.800000,7164,4989
msnbc-yitao-c.psdd,p8_g4_l20,GreedyRecomputerMask2,518,1855,564,4,1291,997.800000,7164,4989
msnbc-yitao-c.psdd,p8_g4_l20,GreedyRecomputerMask4,749,2696,2068,6,628,997.800000,7164,4989
msnbc-yitao-c.psdd,p8_g4_l20,GreedyBspHC,378,2720,2092,6,628,997.800000,7164,4989
bcsstk26,p8_g4_l20,GreedyRecomputerMask0,208,4475,1728,35,2747,11.791411,14207,1922
bcsstk26,p8_g4_l20,GreedyRecomputerMask1,249,4439,1696,35,2743,11.791411,14207,1922
bcsstk26,p8_g4_l20,GreedyRecomputerMask3,335,4224,1408,24,2816,11.791411,14207,1922
bcsstk26,p8_g4_l20,GreedyRecomputerMask7,707,4240,1432,24,2808,11.791411,14207,1922
bcsstk26,p8_g4_l20,GreedyRecomputerMask2,324,4262,1448,24,2814,11.791411,14207,1922
bcsstk26,p8_g4_l20,GreedyRecomputerMask4,505,4435,1672,33,2763,11.791411,14207,1922
bcsstk26,p8_g4_l20,GreedyBspHC,177,4724,2000,41,2724,11.791411,14207,1922
instance_CG_N120_K35_nzP0d11,p8_g4_l20,GreedyRecomputerMask0,9468,99464,61072,239,38392,230.751790,241842,96685
instance_CG_N120_K35_nzP0d11,p8_g4_l20,GreedyRecomputerMask1,12425,97608,58532,239,39076,230.751790,241842,96685
instance_CG_N120_K35_nzP0d11,p8_g4_l20,GreedyRecomputerMask3,15556,97050,57500,218,39550,230.751790,241842,96685
instance_CG_N120_K35_nzP0d11,p8_g4_l20,GreedyRecomputerMask7,24996,97050,57500,218,39550,230.751790,241842,96685
instance_CG_N120_K35_nzP0d11,p8_g4_l20,GreedyRecomputerMask2,13714,97978,58784,218,39194,230.751790,241842,96685
instance_CG_N120_K35_nzP0d11,p8_g4_l20,GreedyRecomputerMask4,16419,99460,61068,239,38392,230.751790,241842,96685
instance_CG_N120_K35_nzP0d11,p8_g4_l20,GreedyBspHC,8019,106134,67744,245,38390,230.751790,241842,96685
nasa2910,p8_g4_l20,GreedyRecomputerMask0,7871,34063,8764,159,25299,6.100629,85693,2910
nasa2910,p8_g4_l20,GreedyRecomputerMask1,8045,33789,8456,157,25333,6.100629,85693,2910
nasa2910,p8_g4_l20,GreedyRecomputerMask3,8343,33243,7968,132,25275,6.100629,85693,2910
nasa2910,p8_g4_l20,GreedyRecomputerMask7,9706,33174,7896,132,25278,6.100629,85693,2910
nasa2910,p8_g4_l20,GreedyRecomputerMask2,8252,33395,8192,129,25203,6.100629,85693,2910
nasa2910,p8_g4_l20,GreedyRecomputerMask4,9280,34019,8720,159,25299,6.100629,85693,2910
nasa2910,p8_g4_l20,GreedyBspHC,7621,37538,12124,213,25414,6.100629,85693,2910
gyro_m,p8_g4_l20,GreedyRecomputerMask0,3796,34784,12060,222,22724,18.647691,161535,17361
gyro_m,p8_g4_l20,GreedyRecomputerMask1,3963,34692,11920,222,22772,18.647691,161535,17361
gyro_m,p8_g4_l20,GreedyRecomputerMask3,4781,34272,11364,190,22908,18.647691,161535,17361
gyro_m,p8_g4_l20,GreedyRecomputerMask7,7820,34270,11380,191,22890,18.647691,161535,17361
gyro_m,p8_g4_l20,GreedyRecomputerMask2,5058,34358,11492,189,22866,18.647691,161535,17361
gyro_m,p8_g4_l20,GreedyRecomputerMask4,7043,34757,12000,221,22757,18.647691,161535,17361
gyro_m,p8_g4_l20,GreedyBspHC,3431,37172,14440,236,22732,18.647691,161535,17361
instance_kNN_N55_K14_nzP0d15,p8_g1_l20,GreedyRecomputerMask0,765,3590,1326,23,2264,247.892857,17244,6941
instance_kNN_N55_K14_nzP0d15,p8_g1_l20,GreedyRecomputerMask1,835,3570,1306,23,2264,247.892857,17244,6941
instance_kNN_N55_K14_nzP0d15,p8_g1_l20,GreedyRecomputerMask3,1113,3529,1241,21,2288,247.892857,17244,6941
instance_kNN_N55_K14_nzP0d15,p8_g1_l20,GreedyRecomputerMask7,1769,3529,1241,21,2288,247.892857,17244,6941
instance_kNN_N55_K14_nzP0d15,p8_g1_l20,GreedyRecomputerMask2,944,3556,1269,21,2287,247.892857,17244,6941
instance_kNN_N55_K14_nzP0d15,p8_g1_l20,GreedyRecomputerMask4,977,3590,1326,23,2264,247.892857,17244,6941
instance_kNN_N55_K14_nzP0d15,p8_g1_l20,GreedyBspHC,658,3727,1463,23,2264,247.892857,17244,6941
instance_exp_N30_K8_nzP0d15,p8_g1_l20,GreedyRecomputerMask0,132,858,442,14,416,87.187500,3024,1395
instance_exp_N30_K8_nzP0d15,p8_g1_l20,GreedyRecomputerMask1,144,849,433,14,416,87.187500,3024,1395
instance_exp_N30_K8_nzP0d15,p8_g1_l20,GreedyRecomputerMask3,193,824,385,12,439,87.187500,3024,1395
instance_exp_N30_K8_nzP0d15,p8_g1_l20,GreedyRecomputerMask7,307,824,385,12,439,87.187500,3024,1395
instance_exp_N30_K8_nzP0d15,p8_g1_l20,GreedyRecomputerMask2,184,837,398,12,439,87.187500,3024,1395
instance_exp_N30_K8_nzP0d15,p8_g1_l20,GreedyRecomputerMask4,170,858,442,14,416,87.187500,3024,1395
instance_exp_N30_K8_nzP0d15,p8_g1_l20,GreedyBspHC,115,881,465,14,416,87.187500,3024,1395
instance_kNN_N100_K50_nzP0d1,p8_g1_l20,GreedyRecomputerMask0,4780,26653,7376,72,19277,565.210000,151731,56521
instance_kNN_N100_K50_nzP0d1,p8_g1_l20,GreedyRecomputerMask1,5387,26595,7320,72,19275,565.210000,151731,56521
instance_kNN_N100_K50_nzP0d1,p8_g1_l20,GreedyRecomputerMask3,7984,26562,7240,70,19322,565.210000,151731,56521
instance_kNN_N100_K50_nzP0d1,p8_g1_l20,GreedyRecomputerMask7,13761,26562,7240,70,19322,565.210000,151731,56521
instance_kNN_N100_K50_nzP0d1,p8_g1_l20,GreedyRecomputerMask2,7578,26626,7302,70,19324,565.210000,151731,56521
instance_kNN_N100_K50_nzP0d1,p8_g1_l20,GreedyRecomputerMask4,8855,26653,7376,72,19277,565.210000,151731,56521
instance_kNN_N100_K50_nzP0d1,p8_g1_l20,GreedyBspHC,3867,27260,7985,72,19275,565.210000,151731,56521
msc10848,p8_g1_l20,GreedyRecomputerMask0,3323,100883,3677,42,97206,18.386441,609465,10848
msc10848,p8_g1_l20,GreedyRecomputerMask1,4813,100725,3474,42,97251,18.386441,609465,10848
msc10848,p8_g1_l20,GreedyRecomputerMask3,6531,100602,3396,37,97206,18.386441,609465,10848
msc10848,p8_g1_l20,GreedyRecomputerMask7,16874,100602,3396,37,97206,18.386441,609465,10848
msc10848,p8_g1_l20,GreedyRecomputerMask2,5620,100657,3586,37,97071,18.386441,609465,10848
msc10848,p8_g1_l20,GreedyRecomputerMask4,10440,100883,3677,42,97206,18.386441,609465,10848
msc10848,p8_g1_l20,GreedyBspHC,1272,102342,5087,45,97255,18.386441,609465,10848
plants.psdd,p8_g1_l20,GreedyRecomputerMask0,3949,11842,3852,13,7990,3341.473684,167486,63488
plants.psdd,p8_g1_l20,GreedyRecomputerMask1,5024,11770,3783,13,7987,3341.473684,167486,63488
plants.psdd,p8_g1_l20,GreedyRecomputerMask3,6136,11770,3783,13,7987,3341.473684,167486,63488
plants.psdd,p8_g1_l20,GreedyRecomputerMask7,10474,11770,3783,13,7987,3341.473684,167486,63488
plants.psdd,p8_g1_l20,GreedyRecomputerMask2,5362,11842,3852,13,7990,3341.473684,167486,63488
plants.psdd,p8_g1_l20,GreedyRecomputerMask4,8565,11842,3852,13,7990,3341.473684,167486,63488
plants.psdd,p8_g1_l20,GreedyBspHC,3130,11945,3958,13,7987,3341.473684,167486,63488
cvxbqp1,p8_g1_l20,GreedyRecomputerMask0,3253,23106,4287,12,18819,2083.333333,149984,50000
cvxbqp1,p8_g1_l20,GreedyRecomputerMask1,16214,22592,3773,12,18819,2083.333333,149984,50000
cvxbqp1,p8_g1_l20,GreedyRecomputerMask3,18166,22564,3715,9,18849,2083.333333,149984,50000
cvxbqp1,p8_g1_l20,GreedyRecomputerMask7,24967,22564,3715,9,18849,2083.333333,149984,50000
cvxbqp1,p8_g1_l20,GreedyRecomputerMask2,5398,23086,4235,9,18851,2083.333333,149984,50000
cvxbqp1,p8_g1_l20,GreedyRecomputerMask4,5449,23106,4287,12,18819,2083.333333,149984,50000
cvxbqp1,p8_g1_l20,GreedyBspHC,2509,23172,4353,12,18819,2083.333333,149984,50000
asia.uai.psdd,p8_g1_l20,GreedyRecomputerMask0,3,102,89,5,13,8.600000,62,43
asia.uai.psdd,p8_g1_l20,GreedyRecomputerMask1,3,102,92,5,10,8.600000,62,43
asia.uai.psdd,p8_g1_l20,GreedyRecomputerMask3,4,43,0,1,43,8.600000,62,43
asia.uai.psdd,p8_g1_l20,GreedyRecomputerMask7,7,43,0,1,43,8.600000,62,43
asia.uai.psdd,p8_g1_l20,GreedyRecomputerMask2,4,43,0,1,43,8.600000,62,43
asia.uai.psdd,p8_g1_l20,GreedyRecomputerMask4,7,86,69,4,17,8.600000,62,43
asia.uai.psdd,p8_g1_l20,GreedyBspHC,2,103,93,5,10,8.600000,62,43
2cubes_sphere,p8_g1_l20,GreedyRecomputerMask0,904905,364932,188771,7700,176161,7.083473,772886,101492
2cubes_sphere,p8_g1_l20,GreedyRecomputerMask1,919806,364289,188136,7698,176153,7.083473,772886,101492
2cubes_sphere,p8_g1_l20,GreedyRecomputerMask3,928792,314901,117207,3679,197694,7.083473,772886,101492
2cubes_sphere,p8_g1_l20,GreedyRecomputerMask7,980501,313860,116349,3699,197511,7.083473,772886,101492
2cubes_sphere,p8_g1_l20,GreedyRecomputerMask2,915997,316190,118147,3633,198043,7.083473,772886,101492
2cubes_sphere,p8_g1_l20,GreedyRecomputerMask4,916264,364825,188646,7694,176179,7.083473,772886,101492
2cubes_sphere,p8_g1_l20,GreedyBspHC,891297,385382,209173,7981,176209,7.083473,772886,101492
instance_CG_N21_K5_nzP0d3,p8_g1_l20,GreedyRecomputerMask0,203,1722,979,32,743,32.000000,3996,1888
instance_CG_N21_K5_nzP0d3,p8_g1_l20,GreedyRecomputerMask1,215,1719,976,32,743,32.000000,3996,1888
instance_CG_N21_K5_nzP0d3,p8_g1_l20,GreedyRecomputerMask3,315,1523,727,18,796,32.000000,3996,1888
instance_CG_N21_K5_nzP0d3,p8_g1_l20,GreedyRecomputerMask7,480,1523,727,18,796,32.000000,3996,1888
instance_CG_N21_K5_nzP0d3,p8_g1_l20,GreedyRecomputerMask2,302,1546,749,18,797,32.000000,3996,1888
instance_CG_N21_K5_nzP0d3,p8_g1_l20,GreedyRecomputerMask4,249,1722,979,32,743,32.000000,3996,1888
instance_CG_N21_K5_nzP0d3,p8_g1_l20,GreedyBspHC,180,1771,1028,34,743,32.000000,3996,1888
msnbc-yitao-d.psdd,p8_g1_l20,GreedyRecomputerMask0,355,1097,562,6,535,848.000000,6908,4240
msnbc-yitao-d.psdd,p8_g1_l20,GreedyRecomputerMask1,352,1097,562,6,535,848.000000,6908,4240
msnbc-yitao-d.psdd,p8_g1_l20,GreedyRecomputerMask3,478,1077,352,5,725,848.000000,6908,4240
msnbc-yitao-d.psdd,p8_g1_l20,GreedyRecomputerMask7,847,1077,352,5,725,848.000000,6908,4240
msnbc-yitao-d.psdd,p8_g1_l20,GreedyRecomputerMask2,470,1079,354,5,725,848.000000,6908,4240
msnbc-yitao-d.psdd,p8_g1_l20,GreedyRecomputerMask4,478,1097,562,6,535,848.000000,6908,4240
msnbc-yitao-d.psdd,p8_g1_l20,GreedyBspHC,305,1100,565,6,535,848.000000,6908,4240
smt,p8_g1_l20,GreedyRecomputerMask0,58410,460817,26969,746,433848,5.519536,1863737,25710
smt,p8_g1_l20,GreedyRecomputerMask1,62132,460625,26774,746,433851,5.519536,1863737,25710
smt,p8_g1_l20,GreedyRecomputerMask3,74205,457179,24557,617,432622,5.519536,1863737,25710
smt,p8_g1_l20,GreedyRecomputerMask7,115500,457113,24501,617,432612,5.519536,1863737,25710
smt,p8_g1_l20,GreedyRecomputerMask2,69825,457050,24645,608,432405,5.519536,1863737,25710
smt,p8_g1_l20,GreedyRecomputerMask4,84759,460591,26742,739,433849,5.519536,1863737,25710
smt,p8_g1_l20,GreedyBspHC,51064,474732,40329,855,434403,5.519536,1863737,25710
c20ng.psdd,p8_g1_l20,GreedyRecomputerMask0,2122,5305,2063,14,3242,626.731707,56622,25696
c20ng.psdd,p8_g1_l20,GreedyRecomputerMask1,2341,5302,2061,14,3241,626.731707,56622,25696
c20ng.psdd,p8_g1_l20,GreedyRecomputerMask3,3132,5281,2020,11,3261,626.731707,56622,25696
c20ng.psdd,p8_g1_l20,GreedyRecomputerMask7,5846,5280,2019,11,3261,626.731707,56622,25696
c20ng.psdd,p8_g1_l20,GreedyRecomputerMask2,2987,5284,2022,11,3262,626.731707,56622,25696
c20ng.psdd,p8_g1_l20,GreedyRecomputerMask4,4003,5305,2063,14,3242,626.731707,56622,25696
c20ng.psdd,p8_g1_l20,GreedyBspHC,1784,5416,2175,14,3241,626.731707,56622,25696
instance_hpcg,p8_g1_l20,GreedyRecomputerMask0,16681,194532,151052,6253,43480,8.626276,193610,72685
instance_hpcg,p8_g1_l20,GreedyRecomputerMask1,22232,194529,151072,6253,43457,8.626276,193610,72685
instance_hpcg,p8_g1_l20,GreedyRecomputerMask3,27310,158681,5563,165,153118,8.626276,193610,72685
instance_hpcg,p8_g1_l20,GreedyRecomputerMask7,45628,158766,5538,165,153228,8.626276,193610,72685
instance_hpcg,p8_g1_l20,GreedyRecomputerMask2,25796,159980,6760,161,153220,8.626276,193610,72685
instance_hpcg,p8_g1_l20,GreedyRecomputerMask4,25544,194519,151039,6253,43480,8.626276,193610,72685
instance_hpcg,p8_g1_l20,GreedyBspHC,15185,194582,151123,6256,43459,8.626276,193610,72685
instance_CG_N17_K8_nzP0d25,p8_g1_l20,GreedyRecomputerMask0,281,2271,1408,50,863,20.800000,4134,1976
instance_CG_N17_K8_nzP0d25,p8_g1_l20,GreedyRecomputerMask1,286,2270,1407,50,863,20.800000,4134,1976
instance_CG_N17_K8_nzP0d25,p8_g1_l20,GreedyRecomputerMask3,435,1953,1021,27,932,20.800000,4134,1976
instance_CG_N17_K8_nzP0d25,p8_g1_l20,GreedyRecomputerMask7,660,1953,1021,27,932,20.800000,4134,1976
instance_CG_N17_K8_nzP0d25,p8_g1_l20,GreedyRecomputerMask2,423,1967,1028,27,939,20.800000,4134,1976
instance_CG_N17_K8_nzP0d25,p8_g1_l20,GreedyRecomputerMask4,382,2261,1392,49,869,20.800000,4134,1976
instance_CG_N17_K8_nzP0d25,p8_g1_l20,GreedyBspHC,253,2310,1447,55,863,20.800000,4134,1976
kdd-6k.psdd,p8_g1_l20,GreedyRecomputerMask0,257,800,456,11,344,134.300000,6527,2686
kdd-6k.psdd,p8_g1_l20,GreedyRecomputerMask1,274,799,455,11,344,134.300000,6527,2686
kdd-6k.psdd,p8_g1_l20,GreedyRecomputerMask3,361,779,371,9,408,134.300000,6527,2686
kdd-6k.psdd,p8_g1_l20,GreedyRecomputerMask7,581,779,371,9,408,134.300000,6527,2686
kdd-6k.psdd,p8_g1_l20,GreedyRecomputerMask2,346,789,380,9,409,134.300000,6527,2686
kdd-6k.psdd,p8_g1_l20,GreedyRecomputerMask4,334,800,456,11,344,134.300000,6527,2686
kdd-6k.psdd,p8_g1_l20,GreedyBspHC,225,854,510,11,344,134.300000,6527,2686
instance_spmv_N300_nzP0d3,p8_g1_l20,GreedyRecomputerMask0,4146,16756,3257,3,13499,27150.000000,80550,54300
instance_spmv_N300_nzP0d3,p8_g1_l20,GreedyRecomputerMask1,4182,16756,3257,3,13499,27150.000000,80550,54300
instance_spmv_N300_nzP0d3,p8_g1_l20,GreedyRecomputerMask3,5360,16736,2971,2,13765,27150.000000,80550,54300
instance_spmv_N300_nzP0d3,p8_g1_l20,GreedyRecomputerMask7,8527,16736,2971,2,13765,27150.000000,80550,54300
instance_spmv_N300_nzP0d3,p8_g1_l20,GreedyRecomputerMask2,5258,16736,2971,2,13765,27150.000000,80550,54300
instance_spmv_N300_nzP0d3,p8_g1_l20,GreedyRecomputerMask4,6029,16756,3257,3,13499,27150.000000,80550,54300
instance_spmv_N300_nzP0d3,p8_g1_l20,GreedyBspHC,3546,16777,3278,3,13499,27150.000000,80550,54300
instance_exp_N70_K5_nzP0d18,p8_g1_l20,GreedyRecomputerMask0,407,2707,961,9,1746,555.000000,12825,5550
instance_exp_N70_K5_nzP0d18,p8_g1_l20,GreedyRecomputerMask1,486,2692,946,9,1746,555.000000,12825,5550
instance_exp_N70_K5_nzP0d18,p8_g1_l20,GreedyRecomputerMask3,750,2672,871,8,1801,555.000000,12825,5550
instance_exp_N70_K5_nzP0d18,p8_g1_l20,GreedyRecomputerMask7,1300,2672,871,8,1801,555.000000,12825,5550
instance_exp_N70_K5_nzP0d18,p8_g1_l20,GreedyRecomputerMask2,657,2699,899,8,1800,555.000000,12825,5550
instance_exp_N70_K5_nzP0d18,p8_g1_l20,GreedyRecomputerMask4,798,2707,961,9,1746,555.000000,12825,5550
instance_exp_N70_K5_nzP0d18,p8_g1_l20,GreedyBspHC,318,2732,986,9,1746,555.000000,12825,5550
asia-bdd.psdd,p8_g1_l20,GreedyRecomputerMask0,4,129,114,6,15,7.142857,104,50
asia-bdd.psdd,p8_g1_l20,GreedyRecomputerMask1,4,129,115,6,14,7.142857,104,50
asia-bdd.psdd,p8_g1_l20,GreedyRecomputerMask3,5,50,0,1,50,7.142857,104,50
asia-bdd.psdd,p8_g1_l20,GreedyRecomputerMask7,8,50,0,1,50,7.142857,104,50
asia-bdd.psdd,p8_g1_l20,GreedyRecomputerMask2,5,50,0,1,50,7.142857,104,50
asia-bdd.psdd,p8_g1_l20,GreedyRecomputerMask4,7,129,114,6,15,7.142857,104,50
asia-bdd.psdd,p8_g1_l20,GreedyBspHC,3,135,121,6,14,7.142857,104,50
instance_CG_N12_K10_nzP0d2,p8_g1_l20,GreedyRecomputerMask0,78,2295,1589,61,706,12.831933,3089,1527
instance_CG_N12_K10_nzP0d2,p8_g1_l20,GreedyRecomputerMask1,85,2293,1587,61,706,12.831933,3089,1527
instance_CG_N12_K10_nzP0d2,p8_g1_l20,GreedyRecomputerMask3,180,1767,846,22,921,12.831933,3089,1527
instance_CG_N12_K10_nzP0d2,p8_g1_l20,GreedyRecomputerMask7,315,1767,846,22,921,12.831933,3089,1527
instance_CG_N12_K10_nzP0d2,p8_g1_l20,GreedyRecomputerMask2,168,1782,855,22,927,12.831933,3089,1527
instance_CG_N12_K10_nzP0d2,p8_g1_l20,GreedyRecomputerMask4,113,2295,1589,61,706,12.831933,3089,1527
instance_CG_N12_K10_nzP0d2,p8_g1_l20,GreedyBspHC,63,2354,1648,62,706,12.831933,3089,1527
instance_bicgstab_gyro_m,p8_g1_l20,GreedyRecomputerMask0,780503,113110,73370,3173,39740,4.970294,80373,50195
instance_bicgstab_gyro_m,p8_g1_l20,GreedyRecomputerMask1,783573,112823,73083,3173,39740,4.970294,80373,50195
instance_bicgstab_gyro_m,p8_g1_l20,GreedyRecomputerMask3,1282991,72052,12309,251,59743,4.970294,80373,50195
instance_bicgstab_gyro_m,p8_g1_l20,GreedyRecomputerMask7,1268439,72227,12484,251,59743,4.970294,80373,50195
instance_bicgstab_gyro_m,p8_g1_l20,GreedyRecomputerMask2,785360,74945,15649,265,59296,4.970294,80373,50195
instance_bicgstab_gyro_m,p8_g1_l20,GreedyRecomputerMask4,786380,111184,71444,3173,39740,4.970294,80373,50195
instance_bicgstab_gyro_m,p8_g1_l20,GreedyBspHC,781255,127632,87892,4055,39740,4.970294,80373,50195
instance_CG_N24_K22_nzP0d2,p8_g1_l20,GreedyRecomputerMask0,390,7559,4352,141,3207,28.072243,16145,7383
instance_CG_N24_K22_nzP0d2,p8_g1_l20,GreedyRecomputerMask1,425,7557,4350,141,3207,28.072243,16145,7383
instance_CG_N24_K22_nzP0d2,p8_g1_l20,GreedyRecomputerMask3,857,6531,3134,72,3397,28.072243,16145,7383
instance_CG_N24_K22_nzP0d2,p8_g1_l20,GreedyRecomputerMask7,1485,6526,3129,72,3397,28.072243,16145,7383
instance_CG_N24_K22_nzP0d2,p8_g1_l20,GreedyRecomputerMask2,809,6557,3145,72,3412,28.072243,16145,7383
instance_CG_N24_K22_nzP0d2,p8_g1_l20,GreedyRecomputerMask4,794,7536,4323,140,3213,28.072243,16145,7383
instance_CG_N24_K22_nzP0d2,p8_g1_l20,GreedyBspHC,302,7899,4692,151,3207,28.072243,16145,7383
instance_exp_N30_K10_nzP0d18,p8_g1_l20,GreedyRecomputerMask0,186,1153,555,16,598,97.500000,4443,1950
instance_exp_N30_K10_nzP0d18,p8_g1_l20,GreedyRecomputerMask1,202,1144,546,16,598,97.500000,4443,1950
instance_exp_N30_K10_nzP0d18,p8_g1_l20,GreedyRecomputerMask3,267,1117,493,14,624,97.500000,4443,1950
instance_exp_N30_K10_nzP0d18,p8_g1_l20,GreedyRecomputerMask7,436,1117,493,14,624,97.500000,4443,1950
instance_exp_N30_K10_nzP0d18,p8_g1_l20,GreedyRecomputerMask2,258,1132,509,14,623,97.500000,4443,1950
instance_exp_N30_K10_nzP0d18,p8_g1_l20,GreedyRecomputerMask4,236,1153,555,16,598,97.500000,4443,1950
instance_exp_N30_K10_nzP0d18,p8_g1_l20,GreedyBspHC,157,1189,591,16,598,97.500000,4443,1950
msnbc-yitao-b.psdd,p8_g1_l20,GreedyRecomputerMask0,544,1560,732,6,828,1318.000000,8870,6590
msnbc-yitao-b.psdd,p8_g1_l20,GreedyRecomputerMask1,547,1560,732,6,828,1318.000000,8870,6590
msnbc-yitao-b.psdd,p8_g1_l20,GreedyRecomputerMask3,724,1548,405,5,1143,1318.000000,8870,6590
msnbc-yitao-b.psdd,p8_g1_l20,GreedyRecomputerMask7,1279,1548,405,5,1143,1318.000000,8870,6590
msnbc-yitao-b.psdd,p8_g1_l20,GreedyRecomputerMask2,728,1548,405,5,1143,1318.000000,8870,6590
msnbc-yitao-b.psdd,p8_g1_l20,GreedyRecomputerMask4,743,1560,732,6,828,1318.000000,8870,6590
msnbc-yitao-b.psdd,p8_g1_l20,GreedyBspHC,506,1565,737,6,828,1318.000000,8870,6590
nltcs.psdd,p8_g1_l20,GreedyRecomputerMask0,287,1169,578,7,591,584.500000,10592,4676
nltcs.psdd,p8_g1_l20,GreedyRecomputerMask1,326,1158,567,7,591,584.500000,10592,4676
nltcs.psdd,p8_g1_l20,GreedyRecomputerMask3,451,1118,509,5,609,584.500000,10592,4676
nltcs.psdd,p8_g1_l20,GreedyRecomputerMask7,859,1118,509,5,609,584.500000,10592,4676
nltcs.psdd,p8_g1_l20,GreedyRecomputerMask2,372,1136,527,5,609,584.500000,10592,4676
nltcs.psdd,p8_g1_l20,GreedyRecomputerMask4,424,1169,578,7,591,584.500000,10592,4676
nltcs.psdd,p8_g1_l20,GreedyBspHC,236,1187,596,7,591,584.500000,10592,4676
bodyy4,p8_g1_l20,GreedyRecomputerMask0,1124,10903,3578,106,7325,25.209770,52196,17546
bodyy4,p8_g1_l20,GreedyRecomputerMask1,1209,10901,3576,106,7325,25.209770,52196,17546
bodyy4,p8_g1_l20,GreedyRecomputerMask3,1684,10598,3051,80,7547,25.209770,52196,17546
bodyy4,p8_g1_l20,GreedyRecomputerMask7,3239,10598,3051,80,7547,25.209770,52196,17546
bodyy4,p8_g1_l20,GreedyRecomputerMask2,1656,10601,3054,80,7547,25.209770,52196,17546
bodyy4,p8_g1_l20,GreedyRecomputerMask4,2771,10815,3456,100,7359,25.209770,52196,17546
bodyy4,p8_g1_l20,GreedyBspHC,963,11404,4079,108,7325,25.209770,52196,17546
msnbc-yitao-a.psdd,p8_g1_l20,GreedyRecomputerMask0,540,1579,739,6,840,1336.400000,8926,6682
msnbc-yitao-a.psdd,p8_g1_l20,GreedyRecomputerMask1,583,1577,737,6,840,1336.400000,8926,6682
msnbc-yitao-a.psdd,p8_g1_l20,GreedyRecomputerMask3,667,1569,412,5,1157,1336.400000,8926,6682
msnbc-yitao-a.psdd,p8_g1_l20,GreedyRecomputerMask7,1043,1569,412,5,1157,1336.400000,8926,6682
msnbc-yitao-a.psdd,p8_g1_l20,GreedyRecomputerMask2,660,1569,412,5,1157,1336.400000,8926,6682
msnbc-yitao-a.psdd,p8_g1_l20,GreedyRecomputerMask4,740,1579,739,6,840,1336.400000,8926,6682
msnbc-yitao-a.psdd,p8_g1_l20,GreedyBspHC,473,1582,742,6,840,1336.400000,8926,6682
simple2.2.psdd,p8_g1_l20,GreedyRecomputerMask0,0,4,0,1,4,7.000000,3,7
simple2.2.psdd,p8_g1_l20,GreedyRecomputerMask1,0,24,22,2,2,7.000000,3,7
simple2.2.psdd,p8_g1_l20,GreedyRecomputerMask3,0,4,0,1,4,7.000000,3,7
simple2.2.psdd,p8_g1_l20,GreedyRecomputerMask7,0,4,0,1,4,7.000000,3,7
simple2.2.psdd,p8_g1_l20,GreedyRecomputerMask2,0,4,0,1,4,7.000000,3,7
simple2.2.psdd,p8_g1_l20,GreedyRecomputerMask4,0,4,0,1,4,7.000000,3,7
simple2.2.psdd,p8_g1_l20,GreedyBspHC,0,24,22,2,2,7.000000,3,7
simple2.3.psdd,p8_g1_l20,GreedyRecomputerMask0,0,4,0,1,4,7.000000,3,7
simple2.3.psdd,p8_g1_l20,GreedyRecomputerMask1,0,24,22,2,2,7.000000,3,7
simple2.3.psdd,p8_g1_l20,GreedyRecomputerMask3,0,4,0,1,4,7.000000,3,7
simple2.3.psdd,p8_g1_l20,GreedyRecomputerMask7,1,4,0,1,4,7.000000,3,7
simple2.3.psdd,p8_g1_l20,GreedyRecomputerMask2,0,4,0,1,4,7.000000,3,7
simple2.3.psdd,p8_g1_l20,GreedyRecomputerMask4,0,4,0,1,4,7.000000,3,7
simple2.3.psdd,p8_g1_l20,GreedyBspHC,0,24,22,2,2,7.000000,3,7
bcsstk38,p8_g1_l20,GreedyRecomputerMask0,10081,73344,9673,331,63671,3.681027,173714,8032
bcsstk38,p8_g1_l20,GreedyRecomputerMask1,10429,73274,9605,330,63669,3.681027,173714,8032
bcsstk38,p8_g1_l20,GreedyRecomputerMask3,11339,71199,7637,209,63562,3.681027,173714,8032
bcsstk38,p8_g1_l20,GreedyRecomputerMask7,15477,71084,7537,209,63547,3.681027,173714,8032
bcsstk38,p8_g1_l20,GreedyRecomputerMask2,11272,71217,7665,208,63552,3.681027,173714,8032
bcsstk38,p8_g1_l20,GreedyRecomputerMask4,13058,73336,9664,331,63672,3.681027,173714,8032
bcsstk38,p8_g1_l20,GreedyBspHC,9594,75611,11845,415,63766,3.681027,173714,8032
bnetflix.psdd,p8_g1_l20,GreedyRecomputerMask0,1244,3173,1230,12,1943,730.476190,40736,15340
bnetflix.psdd,p8_g1_l20,GreedyRecomputerMask1,1347,3165,1226,12,1939,730.476190,40736,15340
bnetflix.psdd,p8_g1_l20,GreedyRecomputerMask3,1596,3146,1205,11,1941,730.476190,40736,15340
bnetflix.psdd,p8_g1_l20,GreedyRecomputerMask7,2604,3146,1205,11,1941,730.476190,40736,15340
bnetflix.psdd,p8_g1_l20,GreedyRecomputerMask2,1558,3154,1210,11,1944,730.476190,40736,15340
bnetflix.psdd,p8_g1_l20,GreedyRecomputerMask4,2294,3173,1230,12,1943,730.476190,40736,15340
bnetflix.psdd,p8_g1_l20,GreedyBspHC,1045,3321,1382,12,1939,730.476190,40736,15340
cr52.psdd,p8_g1_l20,GreedyRecomputerMask0,1662,4640,1816,15,2824,543.780488,46968,22295
cr52.psdd,p8_g1_l20,GreedyRecomputerMask1,1824,4640,1824,15,2816,543.780488,46968,22295
cr52.psdd,p8_g1_l20,GreedyRecomputerMask3,2481,4588,1760,11,2828,543.780488,46968,22295
cr52.psdd,p8_g1_l20,GreedyRecomputerMask7,4725,4588,1760,11,2828,543.780488,46968,22295
cr52.psdd,p8_g1_l20,GreedyRecomputerMask2,2379,4584,1748,11,2836,543.780488,46968,22295
cr52.psdd,p8_g1_l20,GreedyRecomputerMask4,3271,4627,1801,14,2826,543.780488,46968,22295
cr52.psdd,p8_g1_l20,GreedyBspHC,1389,4747,1931,15,2816,543.780488,46968,22295
bcsstk23,p8_g1_l20,GreedyRecomputerMask0,312,4829,1774,55,3055,25.274194,21022,3134
bcsstk23,p8_g1_l20,GreedyRecomputerMask1,341,4826,1771,55,3055,25.274194,21022,3134
bcsstk23,p8_g1_l20,GreedyRecomputerMask3,503,4780,1683,49,3097,25.274194,21022,3134
bcsstk23,p8_g1_l20,GreedyRecomputerMask7,958,4780,1683,49,3097,25.274194,21022,3134
bcsstk23,p8_g1_l20,GreedyRecomputerMask2,487,4783,1686,49,3097,25.274194,21022,3134
bcsstk23,p8_g1_l20,GreedyRecomputerMask4,459,4829,1774,55,3055,25.274194,21022,3134
bcsstk23,p8_g1_l20,GreedyBspHC,237,5072,2017,57,3055,25.274194,21022,3134
instance_kNN_N70_K7_nzP0d16,p8_g1_l20,GreedyRecomputerMask0,469,2562,925,11,1637,373.428571,11991,5228
instance_kNN_N70_K7_nzP0d16,p8_g1_l20,GreedyRecomputerMask1,526,2567,934,11,1633,373.428571,11991,5228
instance_kNN_N70_K7_nzP0d16,p8_g1_l20,GreedyRecomputerMask3,638,2567,934,11,1633,373.428571,11991,5228
instance_kNN_N70_K7_nzP0d16,p8_g1_l20,GreedyRecomputerMask7,977,2567,934,11,1633,373.428571,11991,5228
instance_kNN_N70_K7_nzP0d16,p8_g1_l20,GreedyRecomputerMask2,619,2562,925,11,1637,373.428571,11991,5228
instance_kNN_N70_K7_nzP0d16,p8_g1_l20,GreedyRecomputerMask4,837,2562,925,11,1637,373.428571,11991,5228
instance_kNN_N70_K7_nzP0d16,p8_g1_l20,GreedyBspHC,395,2616,983,11,1633,373.428571,11991,5228
exp-D15-N1000-C4.psdd,p8_g1_l20,GreedyRecomputerMask0,2,74,65,4,9,7.500000,28,30
exp-D15-N1000-C4.psdd,p8_g1_l20,GreedyRecomputerMask1,2,74,66,4,8,7.500000,28,30
exp-D15-N1000-C4.psdd,p8_g1_l20,GreedyRecomputerMask3,2,30,0,1,30,7.500000,28,30
exp-D15-N1000-C4.psdd,p8_g1_l20,GreedyRecomputerMask7,4,30,0,1,30,7.500000,28,30
exp-D15-N1000-C4.psdd,p8_g1_l20,GreedyRecomputerMask2,2,30,0,1,30,7.500000,28,30
exp-D15-N1000-C4.psdd,p8_g1_l20,GreedyRecomputerMask4,3,74,65,4,9,7.500000,28,30
exp-D15-N1000-C4.psdd,p8_g1_l20,GreedyBspHC,1,74,66,4,8,7.500000,28,30
cwebkb.psdd,p8_g1_l20,GreedyRecomputerMask0,1674,4740,1849,16,2891,633.916667,50251,22821
cwebkb.psdd,p8_g1_l20,GreedyRecomputerMask1,1828,4740,1871,16,2869,633.916667,50251,22821
cwebkb.psdd,p8_g1_l20,GreedyRecomputerMask3,2520,4675,1784,11,2891,633.916667,50251,22821
cwebkb.psdd,p8_g1_l20,GreedyRecomputerMask7,4894,4675,1784,11,2891,633.916667,50251,22821
cwebkb.psdd,p8_g1_l20,GreedyRecomputerMask2,2457,4678,1765,11,2913,633.916667,50251,22821
cwebkb.psdd,p8_g1_l20,GreedyRecomputerMask4,3352,4740,1849,16,2891,633.916667,50251,22821
cwebkb.psdd,p8_g1_l20,GreedyBspHC,1391,4845,1976,16,2869,633.916667,50251,22821
instance_exp_N50_K12_nzP0d15,p8_g1_l20,GreedyRecomputerMask0,425,2817,1072,19,1745,226.416667,13248,5434
instance_exp_N50_K12_nzP0d15,p8_g1_l20,GreedyRecomputerMask1,483,2791,1046,19,1745,226.416667,13248,5434
instance_exp_N50_K12_nzP0d15,p8_g1_l20,GreedyRecomputerMask3,694,2755,963,17,1792,226.416667,13248,5434
instance_exp_N50_K12_nzP0d15,p8_g1_l20,GreedyRecomputerMask7,1190,2755,963,17,1792,226.416667,13248,5434
instance_exp_N50_K12_nzP0d15,p8_g1_l20,GreedyRecomputerMask2,653,2788,996,17,1792,226.416667,13248,5434
instance_exp_N50_K12_nzP0d15,p8_g1_l20,GreedyRecomputerMask4,780,2817,1072,19,1745,226.416667,13248,5434
instance_exp_N50_K12_nzP0d15,p8_g1_l20,GreedyBspHC,346,2889,1144,19,1745,226.416667,13248,5434
msc23052,p8_g1_l20,GreedyRecomputerMask0,3435,77035,3004,9,74031,120.691099,565881,23052
msc23052,p8_g1_l20,GreedyRecomputerMask1,6274,76883,2852,9,74031,120.691099,565881,23052
msc23052,p8_g1_l20,GreedyRecomputerMask3,7717,76863,2832,8,74031,120.691099,565881,23052
msc23052,p8_g1_l20,GreedyRecomputerMask7,15553,76863,2832,8,74031,120.691099,565881,23052
msc23052,p8_g1_l20,GreedyRecomputerMask2,5128,77015,2984,8,74031,120.691099,565881,23052
msc23052,p8_g1_l20,GreedyRecomputerMask4,11613,77035,3004,9,74031,120.691099,565881,23052
msc23052,p8_g1_l20,GreedyBspHC,1638,77558,3473,12,74085,120.691099,565881,23052
instance_CG_N12_K6_nzP0d3,p8_g1_l20,GreedyRecomputerMask0,72,1457,1002,38,455,15.028169,2179,1067
instance_CG_N12_K6_nzP0d3,p8_g1_l20,GreedyRecomputerMask1,76,1456,1001,38,455,15.028169,2179,1067
instance_CG_N12_K6_nzP0d3,p8_g1_l20,GreedyRecomputerMask3,132,1154,599,18,555,15.028169,2179,1067
instance_CG_N12_K6_nzP0d3,p8_g1_l20,GreedyRecomputerMask7,225,1154,599,18,555,15.028169,2179,1067
instance_CG_N12_K6_nzP0d3,p8_g1_l20,GreedyRecomputerMask2,127,1169,613,18,556,15.028169,2179,1067
instance_CG_N12_K6_nzP0d3,p8_g1_l20,GreedyRecomputerMask4,126,1454,999,38,455,15.028169,2179,1067
instance_CG_N12_K6_nzP0d3,p8_g1_l20,GreedyBspHC,58,1495,1040,39,455,15.028169,2179,1067
ship_001,p8_g1_l20,GreedyRecomputerMask0,30614,474808,21472,429,453336,7.117815,2304655,34920
ship_001,p8_g1_l20,GreedyRecomputerMask1,33553,474743,21407,429,453336,7.117815,2304655,34920
ship_001,p8_g1_l20,GreedyRecomputerMask3,43450,472544,20489,347,452055,7.117815,2304655,34920
ship_001,p8_g1_l20,GreedyRecomputerMask7,89189,472444,20353,348,452091,7.117815,2304655,34920
ship_001,p8_g1_l20,GreedyRecomputerMask2,42710,472616,20599,346,452017,7.117815,2304655,34920
ship_001,p8_g1_l20,GreedyRecomputerMask4,66215,474779,21443,429,453336,7.117815,2304655,34920
ship_001,p8_g1_l20,GreedyBspHC,23104,485555,31628,503,453927,7.117815,2304655,34920
instance_kNN_N50_K4_nzP0d18,p8_g1_l20,GreedyRecomputerMask0,119,735,311,7,424,192.625000,2763,1541
instance_kNN_N50_K4_nzP0d18,p8_g1_l20,GreedyRecomputerMask1,130,733,309,7,424,192.625000,2763,1541
instance_kNN_N50_K4_nzP0d18,p8_g1_l20,GreedyRecomputerMask3,177,702,255,5,447,192.625000,2763,1541
instance_kNN_N50_K4_nzP0d18,p8_g1_l20,GreedyRecomputerMask7,304,702,255,5,447,192.625000,2763,1541
instance_kNN_N50_K4_nzP0d18,p8_g1_l20,GreedyRecomputerMask2,169,709,262,5,447,192.625000,2763,1541
instance_kNN_N50_K4_nzP0d18,p8_g1_l20,GreedyRecomputerMask4,211,735,311,7,424,192.625000,2763,1541
instance_kNN_N50_K4_nzP0d18,p8_g1_l20,GreedyBspHC,99,749,325,7,424,192.625000,2763,1541
instance_spmv_N60_nzP0d15,p8_g1_l20,GreedyRecomputerMask0,81,411,137,3,274,585.000000,1575,1170
instance_spmv_N60_nzP0d15,p8_g1_l20,GreedyRecomputerMask1,81,411,137,3,274,585.000000,1575,1170
instance_spmv_N60_nzP0d15,p8_g1_l20,GreedyRecomputerMask3,101,388,77,2,311,585.000000,1575,1170
instance_spmv_N60_nzP0d15,p8_g1_l20,GreedyRecomputerMask7,153,388,77,2,311,585.000000,1575,1170
instance_spmv_N60_nzP0d15,p8_g1_l20,GreedyRecomputerMask2,100,388,77,2,311,585.000000,1575,1170
instance_spmv_N60_nzP0d15,p8_g1_l20,GreedyRecomputerMask4,110,411,137,3,274,585.000000,1575,1170
instance_spmv_N60_nzP0d15,p8_g1_l20,GreedyBspHC,70,413,139,3,274,585.000000,1575,1170
msnbc-yitao-e.psdd,p8_g1_l20,GreedyRecomputerMask0,435,1315,658,6,657,1043.200000,8074,5216
msnbc-yitao-e.psdd,p8_g1_l20,GreedyRecomputerMask1,464,1314,657,6,657,1043.200000,8074,5216
msnbc-yitao-e.psdd,p8_g1_l20,GreedyRecomputerMask3,594,1299,402,5,897,1043.200000,8074,5216
msnbc-yitao-e.psdd,p8_g1_l20,GreedyRecomputerMask7,1042,1299,402,5,897,1043.200000,8074,5216
msnbc-yitao-e.psdd,p8_g1_l20,GreedyRecomputerMask2,523,1303,406,5,897,1043.200000,8074,5216
msnbc-yitao-e.psdd,p8_g1_l20,GreedyRecomputerMask4,589,1315,658,6,657,1043.200000,8074,5216
msnbc-yitao-e.psdd,p8_g1_l20,GreedyBspHC,377,1318,661,6,657,1043.200000,8074,5216
instance_CG_N9_K9_nzP0d35,p8_g1_l20,GreedyRecomputerMask0,73,1913,1386,55,527,10.271028,2242,1099
instance_CG_N9_K9_nzP0d35,p8_g1_l20,GreedyRecomputerMask1,74,1913,1386,55,527,10.271028,2242,1099
instance_CG_N9_K9_nzP0d35,p8_g1_l20,GreedyRecomputerMask3,135,1514,860,26,654,10.271028,2242,1099
instance_CG_N9_K9_nzP0d35,p8_g1_l20,GreedyRecomputerMask7,231,1495,841,26,654,10.271028,2242,1099
instance_CG_N9_K9_nzP0d35,p8_g1_l20,GreedyRecomputerMask2,130,1517,857,26,660,10.271028,2242,1099
instance_CG_N9_K9_nzP0d35,p8_g1_l20,GreedyRecomputerMask4,98,1913,1386,55,527,10.271028,2242,1099
instance_CG_N9_K9_nzP0d35,p8_g1_l20,GreedyBspHC,60,1941,1414,55,527,10.271028,2242,1099
instance_exp_N55_K14_nzP0d15,p8_g1_l20,GreedyRecomputerMask0,575,3691,1335,22,2356,258.214286,17934,7230
instance_exp_N55_K14_nzP0d15,p8_g1_l20,GreedyRecomputerMask1,631,3678,1322,22,2356,258.214286,17934,7230
instance_exp_N55_K14_nzP0d15,p8_g1_l20,GreedyRecomputerMask3,921,3642,1235,20,2407,258.214286,17934,7230
instance_exp_N55_K14_nzP0d15,p8_g1_l20,GreedyRecomputerMask7,1589,3642,1235,20,2407,258.214286,17934,7230
instance_exp_N55_K14_nzP0d15,p8_g1_l20,GreedyRecomputerMask2,874,3660,1252,20,2408,258.214286,17934,7230
instance_exp_N55_K14_nzP0d15,p8_g1_l20,GreedyRecomputerMask4,786,3691,1335,22,2356,258.214286,17934,7230
instance_exp_N55_K14_nzP0d15,p8_g1_l20,GreedyBspHC,458,3806,1450,22,2356,258.214286,17934,7230
tretail.psdd,p8_g1_l20,GreedyRecomputerMask0,215,846,484,11,362,141.100000,6382,2822
tretail.psdd,p8_g1_l20,GreedyRecomputerMask1,232,846,484,11,362,141.100000,6382,2822
tretail.psdd,p8_g1_l20,GreedyRecomputerMask3,316,803,358,8,445,141.100000,6382,2822
tretail.psdd,p8_g1_l20,GreedyRecomputerMask7,550,803,358,8,445,141.100000,6382,2822
tretail.psdd,p8_g1_l20,GreedyRecomputerMask2,302,816,370,8,446,141.100000,6382,2822
tretail.psdd,p8_g1_l20,GreedyRecomputerMask4,480,830,466,10,364,141.100000,6382,2822
tretail.psdd,p8_g1_l20,GreedyBspHC,179,878,516,11,362,141.100000,6382,2822
msc01440,p8_g1_l20,GreedyRecomputerMask0,423,4369,743,24,3626,24.000000,22415,1440
msc01440,p8_g1_l20,GreedyRecomputerMask1,497,4313,669,23,3644,24.000000,22415,1440
msc01440,p8_g1_l20,GreedyRecomputerMask3,573,4263,590,19,3673,24.000000,22415,1440
msc01440,p8_g1_l20,GreedyRecomputerMask7,975,4263,590,19,3673,24.000000,22415,1440
msc01440,p8_g1_l20,GreedyRecomputerMask2,528,4316,643,19,3673,24.000000,22415,1440
msc01440,p8_g1_l20,GreedyRecomputerMask4,696,4369,743,24,3626,24.000000,22415,1440
msc01440,p8_g1_l20,GreedyBspHC,351,4497,871,28,3626,24.000000,22415,1440
instance_exp_N44_K5_nzP0d15,p8_g1_l20,GreedyRecomputerMask0,152,966,395,8,571,193.200000,4170,1932
instance_exp_N44_K5_nzP0d15,p8_g1_l20,GreedyRecomputerMask1,168,962,391,8,571,193.200000,4170,1932
instance_exp_N44_K5_nzP0d15,p8_g1_l20,GreedyRecomputerMask3,239,942,346,7,596,193.200000,4170,1932
instance_exp_N44_K5_nzP0d15,p8_g1_l20,GreedyRecomputerMask7,409,942,346,7,596,193.200000,4170,1932
instance_exp_N44_K5_nzP0d15,p8_g1_l20,GreedyRecomputerMask2,200,949,354,7,595,193.200000,4170,1932
instance_exp_N44_K5_nzP0d15,p8_g1_l20,GreedyRecomputerMask4,208,966,395,8,571,193.200000,4170,1932
instance_exp_N44_K5_nzP0d15,p8_g1_l20,GreedyBspHC,127,977,406,8,571,193.200000,4170,1932
bmw7st_1,p8_g1_l20,GreedyRecomputerMask0,17253,461516,9377,26,452139,200.208215,3599160,141347
bmw7st_1,p8_g1_l20,GreedyRecomputerMask1,29766,461337,9202,26,452135,200.208215,3599160,141347
bmw7st_1,p8_g1_l20,GreedyRecomputerMask3,42631,460723,9139,21,451584,200.208215,3599160,141347
bmw7st_1,p8_g1_l20,GreedyRecomputerMask7,118153,460723,9139,21,451584,200.208215,3599160,141347
bmw7st_1,p8_g1_l20,GreedyRecomputerMask2,33990,460897,9313,21,451584,200.208215,3599160,141347
bmw7st_1,p8_g1_l20,GreedyRecomputerMask4,96720,461514,9375,26,452139,200.208215,3599160,141347
bmw7st_1,p8_g1_l20,GreedyBspHC,9535,462639,10473,32,452166,200.208215,3599160,141347
ex3,p8_g1_l20,GreedyRecomputerMask0,388,14061,1951,60,12110,3.234458,25432,1821
ex3,p8_g1_l20,GreedyRecomputerMask1,422,14053,1944,60,12109,3.234458,25432,1821
ex3,p8_g1_l20,GreedyRecomputerMask3,518,13841,1741,50,12100,3.234458,25432,1821
ex3,p8_g1_l20,GreedyRecomputerMask7,976,13826,1726,50,12100,3.234458,25432,1821
ex3,p8_g1_l20,GreedyRecomputerMask2,505,13847,1749,50,12098,3.234458,25432,1821
ex3,p8_g1_l20,GreedyRecomputerMask4,850,14017,1906,59,12111,3.234458,25432,1821
ex3,p8_g1_l20,GreedyBspHC,331,14290,2178,72,12112,3.234458,25432,1821
ct20stif,p8_g1_l20,GreedyRecomputerMask0,6128,174181,5741,44,168440,39.345113,1323067,52329
ct20stif,p8_g1_l20,GreedyRecomputerMask1,8511,174032,5600,43,168432,39.345113,1323067,52329
ct20stif,p8_g1_l20,GreedyRecomputerMask3,13256,174018,5564,41,168454,39.345113,1323067,52329
ct20stif,p8_g1_l20,GreedyRecomputerMask7,36982,174018,5564,41,168454,39.345113,1323067,52329
ct20stif,p8_g1_l20,GreedyRecomputerMask2,12091,174117,5681,41,168436,39.345113,1323067,52329
ct20stif,p8_g1_l20,GreedyRecomputerMask4,31290,174152,5718,43,168434,39.345113,1323067,52329
ct20stif,p8_g1_l20,GreedyBspHC,3265,175416,6971,47,168445,39.345113,1323067,52329
thread,p8_g1_l20,GreedyRecomputerMask0,12722,308629,10999,100,297630,20.578547,2220156,29736
thread,p8_g1_l20,GreedyRecomputerMask1,14767,308511,10821,100,297690,20.578547,2220156,29736
thread,p8_g1_l20,GreedyRecomputerMask3,22439,308326,10657,93,297669,20.578547,2220156,29736
thread,p8_g1_l20,GreedyRecomputerMask7,56815,308302,10633,93,297669,20.578547,2220156,29736
thread,p8_g1_l20,GreedyRecomputerMask2,21076,308460,10852,93,297608,20.578547,2220156,29736
thread,p8_g1_l20,GreedyRecomputerMask4,36693,308629,10999,100,297630,20.578547,2220156,29736
thread,p8_g1_l20,GreedyBspHC,4923,313698,16004,103,297694,20.578547,2220156,29736
Pres_Poisson,p8_g1_l20,GreedyRecomputerMask0,4869,74360,5456,148,68904,7.998921,350491,14822
Pres_Poisson,p8_g1_l20,GreedyRecomputerMask1,5438,74316,5413,148,68903,7.998921,350491,14822
Pres_Poisson,p8_g1_l20,GreedyRecomputerMask3,7224,72699,4468,94,68231,7.998921,350491,14822
Pres_Poisson,p8_g1_l20,GreedyRecomputerMask7,12573,72668,4449,94,68219,7.998921,350491,14822
Pres_Poisson,p8_g1_l20,GreedyRecomputerMask2,6433,72761,4527,94,68234,7.998921,350491,14822
Pres_Poisson,p8_g1_l20,GreedyRecomputerMask4,11096,74353,5450,148,68903,7.998921,350491,14822
Pres_Poisson,p8_g1_l20,GreedyBspHC,4093,76148,7144,174,69004,7.998921,350491,14822
insurance.psdd,p8_g1_l20,GreedyRecomputerMask0,1202,3104,1306,7,1798,2390.333333,30060,14342
insurance.psdd,p8_g1_l20,GreedyRecomputerMask1,1294,3103,1305,7,1798,2390.333333,30060,14342
insurance.psdd,p8_g1_l20,GreedyRecomputerMask3,1531,3103,1305,7,1798,2390.333333,30060,14342
insurance.psdd,p8_g1_l20,GreedyRecomputerMask7,2507,3103,1305,7,1798,2390.333333,30060,14342
insurance.psdd,p8_g1_l20,GreedyRecomputerMask2,1334,3104,1306,7,1798,2390.333333,30060,14342
insurance.psdd,p8_g1_l20,GreedyRecomputerMask4,1695,3104,1306,7,1798,2390.333333,30060,14342
insurance.psdd,p8_g1_l20,GreedyBspHC,1033,3195,1397,7,1798,2390.333333,30060,14342
simple2.6.psdd,p8_g1_l20,GreedyRecomputerMask0,0,4,0,1,4,7.000000,3,7
simple2.6.psdd,p8_g1_l20,GreedyRecomputerMask1,0,24,22,2,2,7.000000,3,7
simple2.6.psdd,p8_g1_l20,GreedyRecomputerMask3,0,4,0,1,4,7.000000,3,7
simple2.6.psdd,p8_g1_l20,GreedyRecomputerMask7,0,4,0,1,4,7.000000,3,7
simple2.6.psdd,p8_g1_l20,GreedyRecomputerMask2,0,4,0,1,4,7.000000,3,7
simple2.6.psdd,p8_g1_l20,GreedyRecomputerMask4,0,4,0,1,4,7.000000,3,7
simple2.6.psdd,p8_g1_l20,GreedyBspHC,0,24,22,2,2,7.000000,3,7
bcsstk08,p8_g1_l20,GreedyRecomputerMask0,319,3089,1487,56,1602,13.948052,5943,1074
bcsstk08,p8_g1_l20,GreedyRecomputerMask1,329,3086,1484,56,1602,13.948052,5943,1074
bcsstk08,p8_g1_l20,GreedyRecomputerMask3,431,2848,1017,32,1831,13.948052,5943,1074
bcsstk08,p8_g1_l20,GreedyRecomputerMask7,536,2844,1021,33,1823,13.948052,5943,1074
bcsstk08,p8_g1_l20,GreedyRecomputerMask2,419,2870,1039,32,1831,13.948052,5943,1074
bcsstk08,p8_g1_l20,GreedyRecomputerMask4,460,3087,1485,56,1602,13.948052,5943,1074
bcsstk08,p8_g1_l20,GreedyBspHC,293,3220,1618,58,1602,13.948052,5943,1074
instance_kNN_N50_K5_nzP0d16,p8_g1_l20,GreedyRecomputerMask0,175,922,379,8,543,189.600000,3801,1896
instance_kNN_N50_K5_nzP0d16,p8_g1_l20,GreedyRecomputerMask1,187,918,375,8,543,189.600000,3801,1896
instance_kNN_N50_K5_nzP0d16,p8_g1_l20,GreedyRecomputerMask3,251,904,339,7,565,189.600000,3801,1896
instance_kNN_N50_K5_nzP0d16,p8_g1_l20,GreedyRecomputerMask7,414,904,339,7,565,189.600000,3801,1896
instance_kNN_N50_K5_nzP0d16,p8_g1_l20,GreedyRecomputerMask2,245,913,348,7,565,189.600000,3801,1896
instance_kNN_N50_K5_nzP0d16,p8_g1_l20,GreedyRecomputerMask4,226,922,379,8,543,189.600000,3801,1896
instance_kNN_N50_K5_nzP0d16,p8_g1_l20,GreedyBspHC,151,947,404,8,543,189.600000,3801,1896
tmovie.psdd,p8_g1_l20,GreedyRecomputerMask0,8026,17863,6629,21,11234,2292.025641,274214,89389
tmovie.psdd,p8_g1_l20,GreedyRecomputerMask1,9267,17818,6583,19,11235,2292.025641,274214,89389
tmovie.psdd,p8_g1_l20,GreedyRecomputerMask3,11076,17773,6530,16,11243,2292.025641,274214,89389
tmovie.psdd,p8_g1_l20,GreedyRecomputerMask7,18315,17772,6529,16,11243,2292.025641,274214,89389
tmovie.psdd,p8_g1_l20,GreedyRecomputerMask2,10259,17778,6534,16,11244,2292.025641,274214,89389
tmovie.psdd,p8_g1_l20,GreedyRecomputerMask4,15628,17863,6629,21,11234,2292.025641,274214,89389
tmovie.psdd,p8_g1_l20,GreedyBspHC,6561,18559,7326,21,11233,2292.025641,274214,89389
instance_spmv_N150_nzP0d2,p8_g1_l20,GreedyRecomputerMask0,678,2880,653,3,2227,4544.000000,13182,9088
instance_spmv_N150_nzP0d2,p8_g1_l20,GreedyRecomputerMask1,691,2880,653,3,2227,4544.000000,13182,9088
instance_spmv_N150_nzP0d2,p8_g1_l20,GreedyRecomputerMask3,852,2855,499,2,2356,4544.000000,13182,9088
instance_spmv_N150_nzP0d2,p8_g1_l20,GreedyRecomputerMask7,1305,2855,499,2,2356,4544.000000,13182,9088
instance_spmv_N150_nzP0d2,p8_g1_l20,GreedyRecomputerMask2,835,2855,499,2,2356,4544.000000,13182,9088
instance_spmv_N150_nzP0d2,p8_g1_l20,GreedyRecomputerMask4,936,2880,653,3,2227,4544.000000,13182,9088
instance_spmv_N150_nzP0d2,p8_g1_l20,GreedyBspHC,585,2886,659,3,2227,4544.000000,13182,9088
elevators.psdd,p8_g1_l20,GreedyRecomputerMask0,232,893,472,8,421,416.375000,6892,3331
elevators.psdd,p8_g1_l20,GreedyRecomputerMask1,245,893,472,8,421,416.375000,6892,3331
elevators.psdd,p8_g1_l20,GreedyRecomputerMask3,334,877,375,7,502,416.375000,6892,3331
elevators.psdd,p8_g1_l20,GreedyRecomputerMask7,629,877,375,7,502,416.375000,6892,3331
elevators.psdd,p8_g1_l20,GreedyRecomputerMask2,326,877,375,7,502,416.375000,6892,3331
elevators.psdd,p8_g1_l20,GreedyRecomputerMask4,439,893,472,8,421,416.375000,6892,3331
elevators.psdd,p8_g1_l20,GreedyBspHC,189,921,500,8,421,416.375000,6892,3331
instance_CG_N35_K8_nzP0d25,p8_g1_l20,GreedyRecomputerMask0,427,4123,1988,55,2135,56.800000,12153,5396
instance_CG_N35_K8_nzP0d25,p8_g1_l20,GreedyRecomputerMask1,459,4117,1982,55,2135,56.800000,12153,5396
instance_CG_N35_K8_nzP0d25,p8_g1_l20,GreedyRecomputerMask3,701,3932,1738,40,2194,56.800000,12153,5396
instance_CG_N35_K8_nzP0d25,p8_g1_l20,GreedyRecomputerMask7,1172,3932,1738,40,2194,56.800000,12153,5396
instance_CG_N35_K8_nzP0d25,p8_g1_l20,GreedyRecomputerMask2,670,3959,1761,40,2198,56.800000,12153,5396
instance_CG_N35_K8_nzP0d25,p8_g1_l20,GreedyRecomputerMask4,747,4122,1987,55,2135,56.800000,12153,5396
instance_CG_N35_K8_nzP0d25,p8_g1_l20,GreedyBspHC,363,4240,2105,55,2135,56.800000,12153,5396
shallow_water1,p8_g1_l20,GreedyRecomputerMask0,3157,20611,5148,38,15463,80.709360,122880,81920
shallow_water1,p8_g1_l20,GreedyRecomputerMask1,9303,19688,4225,38,15463,80.709360,122880,81920
shallow_water1,p8_g1_l20,GreedyRecomputerMask3,11090,19650,4166,35,15484,80.709360,122880,81920
shallow_water1,p8_g1_l20,GreedyRecomputerMask7,18278,19650,4166,35,15484,80.709360,122880,81920
shallow_water1,p8_g1_l20,GreedyRecomputerMask2,5652,20342,4659,33,15683,80.709360,122880,81920
shallow_water1,p8_g1_l20,GreedyRecomputerMask4,8146,20611,5148,38,15463,80.709360,122880,81920
shallow_water1,p8_g1_l20,GreedyBspHC,2421,21076,5612,39,15464,80.709360,122880,81920
bcsstk15,p8_g1_l20,GreedyRecomputerMask0,956,12680,3695,128,8985,10.846154,56934,3948
bcsstk15,p8_g1_l20,GreedyRecomputerMask1,1021,12645,3661,127,8984,10.846154,56934,3948
bcsstk15,p8_g1_l20,GreedyRecomputerMask3,1266,12381,3262,104,9119,10.846154,56934,3948
bcsstk15,p8_g1_l20,GreedyRecomputerMask7,2274,12381,3262,104,9119,10.846154,56934,3948
bcsstk15,p8_g1_l20,GreedyRecomputerMask2,1358,12405,3325,106,9080,10.846154,56934,3948
bcsstk15,p8_g1_l20,GreedyRecomputerMask4,1625,12680,3695,128,8985,10.846154,56934,3948
bcsstk15,p8_g1_l20,GreedyBspHC,761,13372,4379,133,8993,10.846154,56934,3948
accidents.psdd,p8_g1_l20,GreedyRecomputerMask0,2411,7486,2775,14,4711,1561.916667,102111,37486
accidents.psdd,p8_g1_l20,GreedyRecomputerMask1,2772,7471,2761,14,4710,1561.916667,102111,37486
accidents.psdd,p8_g1_l20,GreedyRecomputerMask3,3967,7443,2718,11,4725,1561.916667,102111,37486
accidents.psdd,p8_g1_l20,GreedyRecomputerMask7,7853,7443,2718,11,4725,1561.916667,102111,37486
accidents.psdd,p8_g1_l20,GreedyRecomputerMask2,3775,7458,2732,11,4726,1561.916667,102111,37486
accidents.psdd,p8_g1_l20,GreedyRecomputerMask4,5211,7486,2775,14,4711,1561.916667,102111,37486
accidents.psdd,p8_g1_l20,GreedyBspHC,1905,7721,3011,14,4710,1561.916667,102111,37486
msweb.psdd,p8_g1_l20,GreedyRecomputerMask0,1133,3421,1423,16,1998,493.031250,38289,15777
msweb.psdd,p8_g1_l20,GreedyRecomputerMask1,1261,3412,1414,16,1998,493.031250,38289,15777
msweb.psdd,p8_g1_l20,GreedyRecomputerMask3,1733,3370,1351,12,2019,493.031250,38289,15777
msweb.psdd,p8_g1_l20,GreedyRecomputerMask7,3313,3370,1351,12,2019,493.031250,38289,15777
msweb.psdd,p8_g1_l20,GreedyRecomputerMask2,1659,3379,1359,12,2020,493.031250,38289,15777
msweb.psdd,p8_g1_l20,GreedyRecomputerMask4,2253,3421,1423,16,1998,493.031250,38289,15777
msweb.psdd,p8_g1_l20,GreedyBspHC,935,3582,1584,16,1998,493.031250,38289,15777
instance_exp_N30_K6_nzP0d15,p8_g1_l20,GreedyRecomputerMask0,89,660,338,11,322,90.416667,2268,1085
instance_exp_N30_K6_nzP0d15,p8_g1_l20,GreedyRecomputerMask1,99,654,332,11,322,90.416667,2268,1085
instance_exp_N30_K6_nzP0d15,p8_g1_l20,GreedyRecomputerMask3,135,613,277,9,336,90.416667,2268,1085
instance_exp_N30_K6_nzP0d15,p8_g1_l20,GreedyRecomputerMask7,220,613,277,9,336,90.416667,2268,1085
instance_exp_N30_K6_nzP0d15,p8_g1_l20,GreedyRecomputerMask2,127,625,289,9,336,90.416667,2268,1085
instance_exp_N30_K6_nzP0d15,p8_g1_l20,GreedyRecomputerMask4,118,660,338,11,322,90.416667,2268,1085
instance_exp_N30_K6_nzP0d15,p8_g1_l20,GreedyBspHC,76,679,357,11,322,90.416667,2268,1085
nltcs.clt.psdd,p8_g1_l20,GreedyRecomputerMask0,6,129,112,6,17,9.500000,92,76
nltcs.clt.psdd,p8_g1_l20,GreedyRecomputerMask1,7,129,113,6,16,9.500000,92,76
nltcs.clt.psdd,p8_g1_l20,GreedyRecomputerMask3,9,62,22,2,40,9.500000,92,76
nltcs.clt.psdd,p8_g1_l20,GreedyRecomputerMask7,15,62,22,2,40,9.500000,92,76
nltcs.clt.psdd,p8_g1_l20,GreedyRecomputerMask2,8,62,22,2,40,9.500000,92,76
nltcs.clt.psdd,p8_g1_l20,GreedyRecomputerMask4,10,129,112,6,17,9.500000,92,76
nltcs.clt.psdd,p8_g1_l20,GreedyBspHC,5,133,117,6,16,9.500000,92,76
instance_kNN_N60_K15_nzP0d15,p8_g1_l20,GreedyRecomputerMask0,1089,4595,1635,24,2960,299.933333,22722,8998
instance_kNN_N60_K15_nzP0d15,p8_g1_l20,GreedyRecomputerMask1,1189,4565,1606,24,2959,299.933333,22722,8998
instance_kNN_N60_K15_nzP0d15,p8_g1_l20,GreedyRecomputerMask3,1546,4530,1542,22,2988,299.933333,22722,8998
instance_kNN_N60_K15_nzP0d15,p8_g1_l20,GreedyRecomputerMask7,2405,4530,1542,22,2988,299.933333,22722,8998
instance_kNN_N60_K15_nzP0d15,p8_g1_l20,GreedyRecomputerMask2,1476,4566,1578,22,2988,299.933333,22722,8998
instance_kNN_N60_K15_nzP0d15,p8_g1_l20,GreedyRecomputerMask4,1700,4595,1635,24,2960,299.933333,22722,8998
instance_kNN_N60_K15_nzP0d15,p8_g1_l20,GreedyBspHC,945,4739,1780,24,2959,299.933333,22722,8998
mnist.psdd,p8_g1_l20,GreedyRecomputerMask0,528,1233,612,10,621,490.400000,5916,4904
mnist.psdd,p8_g1_l20,GreedyRecomputerMask1,564,1230,609,10,621,490.400000,5916,4904
mnist.psdd,p8_g1_l20,GreedyRecomputerMask3,623,1186,295,6,891,490.400000,5916,4904
mnist.psdd,p8_g1_l20,GreedyRecomputerMask7,886,1186,295,6,891,490.400000,5916,4904
mnist.psdd,p8_g1_l20,GreedyRecomputerMask2,659,1186,294,6,892,490.400000,5916,4904
mnist.psdd,p8_g1_l20,GreedyRecomputerMask4,669,1233,612,10,621,490.400000,5916,4904
mnist.psdd,p8_g1_l20,GreedyBspHC,480,1234,613,10,621,490.400000,5916,4904
nd3k,p8_g1_l20,GreedyRecomputerMask0,12402,683932,9310,115,674622,2.368421,1635345,9000
nd3k,p8_g1_l20,GreedyRecomputerMask1,15257,683760,9138,115,674622,2.368421,1635345,9000
nd3k,p8_g1_l20,GreedyRecomputerMask3,33533,680177,9724,90,670453,2.368421,1635345,9000
nd3k,p8_g1_l20,GreedyRecomputerMask7,108705,679819,9330,89,670489,2.368421,1635345,9000
nd3k,p8_g1_l20,GreedyRecomputerMask2,31474,680174,9805,87,670369,2.368421,1635345,9000
nd3k,p8_g1_l20,GreedyRecomputerMask4,39702,683901,9279,115,674622,2.368421,1635345,9000
nd3k,p8_g1_l20,GreedyBspHC,6831,687650,12973,125,674677,2.368421,1635345,9000
bcsstk28,p8_g1_l20,GreedyRecomputerMask0,911,31236,3687,121,27549,4.809160,107307,4410
bcsstk28,p8_g1_l20,GreedyRecomputerMask1,981,31233,3684,121,27549,4.809160,107307,4410
bcsstk28,p8_g1_l20,GreedyRecomputerMask3,1349,30921,3377,104,27544,4.809160,107307,4410
bcsstk28,p8_g1_l20,GreedyRecomputerMask7,3108,30889,3345,104,27544,4.809160,107307,4410
bcsstk28,p8_g1_l20,GreedyRecomputerMask2,1321,30924,3380,104,27544,4.809160,107307,4410
bcsstk28,p8_g1_l20,GreedyRecomputerMask4,2726,31169,3620,118,27549,4.809160,107307,4410
bcsstk28,p8_g1_l20,GreedyBspHC,674,32003,4425,135,27578,4.809160,107307,4410
instance_CG_N25_K17_nzP0d15,p8_g1_l20,GreedyRecomputerMask0,616,5814,3363,110,2451,27.871921,12072,5658
instance_CG_N25_K17_nzP0d15,p8_g1_l20,GreedyRecomputerMask1,651,5811,3360,110,2451,27.871921,12072,5658
instance_CG_N25_K17_nzP0d15,p8_g1_l20,GreedyRecomputerMask3,1084,5102,2485,58,2617,27.871921,12072,5658
instance_CG_N25_K17_nzP0d15,p8_g1_l20,GreedyRecomputerMask7,1722,5102,2485,58,2617,27.871921,12072,5658
instance_CG_N25_K17_nzP0d15,p8_g1_l20,GreedyRecomputerMask2,1053,5128,2502,58,2626,27.871921,12072,5658
instance_CG_N25_K17_nzP0d15,p8_g1_l20,GreedyRecomputerMask4,925,5812,3361,110,2451,27.871921,12072,5658
instance_CG_N25_K17_nzP0d15,p8_g1_l20,GreedyBspHC,555,5947,3496,119,2451,27.871921,12072,5658
instance_kNN_N75_K9_nzP0d15,p8_g1_l20,GreedyRecomputerMask0,665,3701,1266,13,2435,419.444444,18231,7550
instance_kNN_N75_K9_nzP0d15,p8_g1_l20,GreedyRecomputerMask1,777,3677,1242,13,2435,419.444444,18231,7550
instance_kNN_N75_K9_nzP0d15,p8_g1_l20,GreedyRecomputerMask3,1099,3657,1188,12,2469,419.444444,18231,7550
instance_kNN_N75_K9_nzP0d15,p8_g1_l20,GreedyRecomputerMask7,1855,3657,1188,12,2469,419.444444,18231,7550
instance_kNN_N75_K9_nzP0d15,p8_g1_l20,GreedyRecomputerMask2,1011,3691,1223,12,2468,419.444444,18231,7550
instance_kNN_N75_K9_nzP0d15,p8_g1_l20,GreedyRecomputerMask4,1195,3701,1266,13,2435,419.444444,18231,7550
instance_kNN_N75_K9_nzP0d15,p8_g1_l20,GreedyBspHC,554,3764,1329,13,2435,419.444444,18231,7550
instance_CG_N30_K24_nzP0d15,p8_g1_l20,GreedyRecomputerMask0,1078,9405,5127,158,4278,34.637631,21754,9941
instance_CG_N30_K24_nzP0d15,p8_g1_l20,GreedyRecomputerMask1,1129,9404,5127,158,4277,34.637631,21754,9941
instance_CG_N30_K24_nzP0d15,p8_g1_l20,GreedyRecomputerMask3,1654,8660,4154,93,4506,34.637631,21754,9941
instance_CG_N30_K24_nzP0d15,p8_g1_l20,GreedyRecomputerMask7,3011,8649,4136,93,4513,34.637631,21754,9941
instance_CG_N30_K24_nzP0d15,p8_g1_l20,GreedyRecomputerMask2,1596,8685,4172,94,4513,34.637631,21754,9941
instance_CG_N30_K24_nzP0d15,p8_g1_l20,GreedyRecomputerMask4,1925,9373,5088,156,4285,34.637631,21754,9941
instance_CG_N30_K24_nzP0d15,p8_g1_l20,GreedyBspHC,966,9626,5349,170,4277,34.637631,21754,9941
instance_kNN_N40_K5_nzP0d15,p8_g1_l20,GreedyRecomputerMask0,92,599,295,9,304,107.300000,2007,1073
instance_kNN_N40_K5_nzP0d15,p8_g1_l20,GreedyRecomputerMask1,100,591,288,9,303,107.300000,2007,1073
instance_kNN_N40_K5_nzP0d15,p8_g1_l20,GreedyRecomputerMask3,133,560,230,7,330,107.300000,2007,1073
instance_kNN_N40_K5_nzP0d15,p8_g1_l20,GreedyRecomputerMask7,227,560,230,7,330,107.300000,2007,1073
instance_kNN_N40_K5_nzP0d15,p8_g1_l20,GreedyRecomputerMask2,114,574,245,7,329,107.300000,2007,1073
instance_kNN_N40_K5_nzP0d15,p8_g1_l20,GreedyRecomputerMask4,153,599,295,9,304,107.300000,2007,1073
instance_kNN_N40_K5_nzP0d15,p8_g1_l20,GreedyBspHC,80,611,308,9,303,107.300000,2007,1073
instance_CG_N60_K55_nzP0d12,p8_g1_l20,GreedyRecomputerMask0,6706,38795,16332,359,22463,82.433991,127658,54324
instance_CG_N60_K55_nzP0d12,p8_g1_l20,GreedyRecomputerMask1,7065,38779,16316,359,22463,82.433991,127658,54324
instance_CG_N60_K55_nzP0d12,p8_g1_l20,GreedyRecomputerMask3,10614,38050,15285,289,22765,82.433991,127658,54324
instance_CG_N60_K55_nzP0d12,p8_g1_l20,GreedyRecomputerMask7,17272,38050,15285,289,22765,82.433991,127658,54324
instance_CG_N60_K55_nzP0d12,p8_g1_l20,GreedyRecomputerMask2,10140,38113,15325,287,22788,82.433991,127658,54324
instance_CG_N60_K55_nzP0d12,p8_g1_l20,GreedyRecomputerMask4,11809,38776,16313,359,22463,82.433991,127658,54324
instance_CG_N60_K55_nzP0d12,p8_g1_l20,GreedyBspHC,5945,39835,17372,364,22463,82.433991,127658,54324
s3rmt3m3,p8_g1_l20,GreedyRecomputerMask0,337,21926,1720,42,20206,4.654214,101169,5357
s3rmt3m3,p8_g1_l20,GreedyRecomputerMask1,405,21889,1683,42,20206,4.654214,101169,5357
s3rmt3m3,p8_g1_l20,GreedyRecomputerMask3,809,21768,1571,39,20197,4.654214,101169,5357
s3rmt3m3,p8_g1_l20,GreedyRecomputerMask7,2470,21762,1565,39,20197,4.654214,101169,5357
s3rmt3m3,p8_g1_l20,GreedyRecomputerMask2,742,21785,1594,39,20191,4.654214,101169,5357
s3rmt3m3,p8_g1_l20,GreedyRecomputerMask4,892,21926,1720,42,20206,4.654214,101169,5357
s3rmt3m3,p8_g1_l20,GreedyBspHC,138,22305,2099,42,20206,4.654214,101169,5357
instance_kNN_N45_K15_nzP0d16,p8_g1_l20,GreedyRecomputerMask0,466,2857,1112,23,1745,179.733333,13275,5392
instance_kNN_N45_K15_nzP0d16,p8_g1_l20,GreedyRecomputerMask1,512,2833,1088,23,1745,179.733333,13275,5392
instance_kNN_N45_K15_nzP0d16,p8_g1_l20,GreedyRecomputerMask3,719,2799,1021,21,1778,179.733333,13275,5392
instance_kNN_N45_K15_nzP0d16,p8_g1_l20,GreedyRecomputerMask7,1205,2799,1021,21,1778,179.733333,13275,5392
instance_kNN_N45_K15_nzP0d16,p8_g1_l20,GreedyRecomputerMask2,682,2831,1055,21,1776,179.733333,13275,5392
instance_kNN_N45_K15_nzP0d16,p8_g1_l20,GreedyRecomputerMask4,618,2857,1112,23,1745,179.733333,13275,5392
instance_kNN_N45_K15_nzP0d16,p8_g1_l20,GreedyBspHC,384,2965,1220,23,1745,179.733333,13275,5392
Dubcova3,p8_g1_l20,GreedyRecomputerMask0,36577,238784,14237,312,224547,44.927718,1744980,146689
Dubcova3,p8_g1_l20,GreedyRecomputerMask1,47299,237738,13150,307,224588,44.927718,1744980,146689
Dubcova3,p8_g1_l20,GreedyRecomputerMask3,55464,236994,12116,250,224878,44.927718,1744980,146689
Dubcova3,p8_g1_l20,GreedyRecomputerMask7,99301,236979,12101,250,224878,44.927718,1744980,146689
Dubcova3,p8_g1_l20,GreedyRecomputerMask2,50058,237682,12599,248,225083,44.927718,1744980,146689
Dubcova3,p8_g1_l20,GreedyRecomputerMask4,72804,238754,14212,311,224542,44.927718,1744980,146689
Dubcova3,p8_g1_l20,GreedyBspHC,31013,242028,17496,347,224532,44.927718,1744980,146689
mnist-antonio.psdd,p8_g1_l20,GreedyRecomputerMask0,531,1233,612,10,621,490.400000,5916,4904
mnist-antonio.psdd,p8_g1_l20,GreedyRecomputerMask1,569,1230,609,10,621,490.400000,5916,4904
mnist-antonio.psdd,p8_g1_l20,GreedyRecomputerMask3,627,1186,295,6,891,490.400000,5916,4904
mnist-antonio.psdd,p8_g1_l20,GreedyRecomputerMask7,891,1186,295,6,891,490.400000,5916,4904
mnist-antonio.psdd,p8_g1_l20,GreedyRecomputerMask2,651,1186,294,6,892,490.400000,5916,4904
mnist-antonio.psdd,p8_g1_l20,GreedyRecomputerMask4,666,1233,612,10,621,490.400000,5916,4904
mnist-antonio.psdd,p8_g1_l20,GreedyBspHC,480,1234,613,10,621,490.400000,5916,4904
instance_exp_N35_K4_nzP0d15,p8_g1_l20,GreedyRecomputerMask0,81,544,253,7,291,127.500000,2028,1020
instance_exp_N35_K4_nzP0d15,p8_g1_l20,GreedyRecomputerMask1,91,541,250,7,291,127.500000,2028,1020
instance_exp_N35_K4_nzP0d15,p8_g1_l20,GreedyRecomputerMask3,124,521,213,6,308,127.500000,2028,1020
instance_exp_N35_K4_nzP0d15,p8_g1_l20,GreedyRecomputerMask7,206,521,213,6,308,127.500000,2028,1020
instance_exp_N35_K4_nzP0d15,p8_g1_l20,GreedyRecomputerMask2,104,530,222,6,308,127.500000,2028,1020
instance_exp_N35_K4_nzP0d15,p8_g1_l20,GreedyRecomputerMask4,142,544,253,7,291,127.500000,2028,1020
instance_exp_N35_K4_nzP0d15,p8_g1_l20,GreedyBspHC,69,556,265,7,291,127.500000,2028,1020
bcsstk36,p8_g1_l20,GreedyRecomputerMask0,9947,170890,17166,532,153724,5.173250,560044,23052
bcsstk36,p8_g1_l20,GreedyRecomputerMask1,10690,170883,17154,532,153729,5.173250,560044,23052
bcsstk36,p8_g1_l20,GreedyRecomputerMask3,17185,169427,16006,456,153421,5.173250,560044,23052
bcsstk36,p8_g1_l20,GreedyRecomputerMask7,41929,169424,16003,456,153421,5.173250,560044,23052
bcsstk36,p8_g1_l20,GreedyRecomputerMask2,16805,169450,16031,456,153419,5.173250,560044,23052
bcsstk36,p8_g1_l20,GreedyRecomputerMask4,23202,170823,17099,530,153724,5.173250,560044,23052
bcsstk36,p8_g1_l20,GreedyBspHC,8647,175215,21404,590,153811,5.173250,560044,23052
simple2.5.psdd,p8_g1_l20,GreedyRecomputerMask0,0,6,0,1,6,7.000000,5,7
simple2.5.psdd,p8_g1_l20,GreedyRecomputerMask1,0,26,24,2,2,7.000000,5,7
simple2.5.psdd,p8_g1_l20,GreedyRecomputerMask3,0,6,0,1,6,7.000000,5,7
simple2.5.psdd,p8_g1_l20,GreedyRecomputerMask7,1,6,0,1,6,7.000000,5,7
simple2.5.psdd,p8_g1_l20,GreedyRecomputerMask2,0,6,0,1,6,7.000000,5,7
simple2.5.psdd,p8_g1_l20,GreedyRecomputerMask4,0,6,0,1,6,7.000000,5,7
simple2.5.psdd,p8_g1_l20,GreedyBspHC,0,26,24,2,2,7.000000,5,7
instance_exp_N75_K60_nzP0d15,p8_g1_l20,GreedyRecomputerMask0,4267,26247,7605,89,18642,451.908333,146520,54229
instance_exp_N75_K60_nzP0d15,p8_g1_l20,GreedyRecomputerMask1,4798,26195,7561,89,18634,451.908333,146520,54229
instance_exp_N75_K60_nzP0d15,p8_g1_l20,GreedyRecomputerMask3,7241,26177,7451,88,18726,451.908333,146520,54229
instance_exp_N75_K60_nzP0d15,p8_g1_l20,GreedyRecomputerMask7,12682,26177,7451,88,18726,451.908333,146520,54229
instance_exp_N75_K60_nzP0d15,p8_g1_l20,GreedyRecomputerMask2,6882,26238,7504,88,18734,451.908333,146520,54229
instance_exp_N75_K60_nzP0d15,p8_g1_l20,GreedyRecomputerMask4,8108,26247,7605,89,18642,451.908333,146520,54229
instance_exp_N75_K60_nzP0d15,p8_g1_l20,GreedyBspHC,3403,26785,8151,89,18634,451.908333,146520,54229
little_4var.psdd,p8_g1_l20,GreedyRecomputerMask0,1,11,0,1,11,6.000000,10,12
little_4var.psdd,p8_g1_l20,GreedyRecomputerMask1,1,31,27,2,4,6.000000,10,12
little_4var.psdd,p8_g1_l20,GreedyRecomputerMask3,1,11,0,1,11,6.000000,10,12
little_4var.psdd,p8_g1_l20,GreedyRecomputerMask7,1,11,0,1,11,6.000000,10,12
little_4var.psdd,p8_g1_l20,GreedyRecomputerMask2,1,11,0,1,11,6.000000,10,12
little_4var.psdd,p8_g1_l20,GreedyRecomputerMask4,2,11,0,1,11,6.000000,10,12
little_4var.psdd,p8_g1_l20,GreedyBspHC,1,31,27,2,4,6.000000,10,12
pdb1HYS,p8_g1_l20,GreedyRecomputerMask0,15560,1216400,16893,304,1199507,1.892480,2154174,36417
pdb1HYS,p8_g1_l20,GreedyRecomputerMask1,19122,1216290,16783,303,1199507,1.892480,2154174,36417
pdb1HYS,p8_g1_l20,GreedyRecomputerMask3,33844,1213453,14423,212,1199030,1.892480,2154174,36417
pdb1HYS,p8_g1_l20,GreedyRecomputerMask7,119688,1213030,13694,209,1199336,1.892480,2154174,36417
pdb1HYS,p8_g1_l20,GreedyRecomputerMask2,33104,1213488,14454,214,1199034,1.892480,2154174,36417
pdb1HYS,p8_g1_l20,GreedyRecomputerMask4,122217,1215506,15999,297,1199507,1.892480,2154174,36417
pdb1HYS,p8_g1_l20,GreedyBspHC,11673,1224272,24716,367,1199556,1.892480,2154174,36417
instance_kNN_N250_K15_nzP0d1,p8_g1_l20,GreedyRecomputerMask0,11492,46025,13372,22,32653,3155.566667,253986,94667
instance_kNN_N250_K15_nzP0d1,p8_g1_l20,GreedyRecomputerMask1,13557,45961,13308,22,32653,3155.566667,253986,94667
instance_kNN_N250_K15_nzP0d1,p8_g1_l20,GreedyRecomputerMask3,16662,45961,13308,22,32653,3155.566667,253986,94667
instance_kNN_N250_K15_nzP0d1,p8_g1_l20,GreedyRecomputerMask7,24563,45961,13308,22,32653,3155.566667,253986,94667
instance_kNN_N250_K15_nzP0d1,p8_g1_l20,GreedyRecomputerMask2,15268,46025,13372,22,32653,3155.566667,253986,94667
instance_kNN_N250_K15_nzP0d1,p8_g1_l20,GreedyRecomputerMask4,20074,46025,13372,22,32653,3155.566667,253986,94667
instance_kNN_N250_K15_nzP0d1,p8_g1_l20,GreedyBspHC,9651,46669,14016,22,32653,3155.566667,253986,94667
book.psdd,p8_g1_l20,GreedyRecomputerMask0,1506,4567,1775,15,2792,567.128205,53647,22118
book.psdd,p8_g1_l20,GreedyRecomputerMask1,1654,4559,1767,15,2792,567.128205,53647,22118
book.psdd,p8_g1_l20,GreedyRecomputerMask3,2019,4545,1751,14,2794,567.128205,53647,22118
book.psdd,p8_g1_l20,GreedyRecomputerMask7,3571,4545,1751,14,2794,567.128205,53647,22118
book.psdd,p8_g1_l20,GreedyRecomputerMask2,1949,4553,1759,14,2794,567.128205,53647,22118
book.psdd,p8_g1_l20,GreedyRecomputerMask4,3116,4567,1775,15,2792,567.128205,53647,22118
book.psdd,p8_g1_l20,GreedyBspHC,1209,4711,1919,15,2792,567.128205,53647,22118
jester.psdd,p8_g1_l20,GreedyRecomputerMask0,1158,3810,1414,14,2396,758.280000,48220,18957
jester.psdd,p8_g1_l20,GreedyRecomputerMask1,1307,3793,1397,14,2396,758.280000,48220,18957
jester.psdd,p8_g1_l20,GreedyRecomputerMask3,1620,3773,1367,12,2406,758.280000,48220,18957
jester.psdd,p8_g1_l20,GreedyRecomputerMask7,2869,3773,1367,12,2406,758.280000,48220,18957
jester.psdd,p8_g1_l20,GreedyRecomputerMask2,1542,3790,1384,12,2406,758.280000,48220,18957
jester.psdd,p8_g1_l20,GreedyRecomputerMask4,2481,3810,1414,14,2396,758.280000,48220,18957
jester.psdd,p8_g1_l20,GreedyBspHC,913,4018,1622,14,2396,758.280000,48220,18957
instance_exp_N80_K6_nzP0d15,p8_g1_l20,GreedyRecomputerMask0,606,3444,1195,10,2249,588.000000,16704,7056
instance_exp_N80_K6_nzP0d15,p8_g1_l20,GreedyRecomputerMask1,700,3428,1179,10,2249,588.000000,16704,7056
instance_exp_N80_K6_nzP0d15,p8_g1_l20,GreedyRecomputerMask3,1029,3408,1101,9,2307,588.000000,16704,7056
instance_exp_N80_K6_nzP0d15,p8_g1_l20,GreedyRecomputerMask7,1744,3408,1101,9,2307,588.000000,16704,7056
instance_exp_N80_K6_nzP0d15,p8_g1_l20,GreedyRecomputerMask2,949,3430,1125,9,2305,588.000000,16704,7056
instance_exp_N80_K6_nzP0d15,p8_g1_l20,GreedyRecomputerMask4,1126,3444,1195,10,2249,588.000000,16704,7056
instance_exp_N80_K6_nzP0d15,p8_g1_l20,GreedyBspHC,499,3497,1248,10,2249,588.000000,16704,7056
simple2.4.psdd,p8_g1_l20,GreedyRecomputerMask0,0,6,0,1,6,7.000000,5,7
simple2.4.psdd,p8_g1_l20,GreedyRecomputerMask1,0,26,24,2,2,7.000000,5,7
simple2.4.psdd,p8_g1_l20,GreedyRecomputerMask3,0,6,0,1,6,7.000000,5,7
simple2.4.psdd,p8_g1_l20,GreedyRecomputerMask7,1,6,0,1,6,7.000000,5,7
simple2.4.psdd,p8_g1_l20,GreedyRecomputerMask2,0,6,0,1,6,7.000000,5,7
simple2.4.psdd,p8_g1_l20,GreedyRecomputerMask4,0,6,0,1,6,7.000000,5,7
simple2.4.psdd,p8_g1_l20,GreedyBspHC,0,26,24,2,2,7.000000,5,7
instance_kNN_N90_K8_nzP0d15,p8_g1_l20,GreedyRecomputerMask0,890,4465,1547,14,2918,569.250000,21717,9108
instance_kNN_N90_K8_nzP0d15,p8_g1_l20,GreedyRecomputerMask1,1006,4451,1534,14,2917,569.250000,21717,9108
instance_kNN_N90_K8_nzP0d15,p8_g1_l20,GreedyRecomputerMask3,1388,4433,1485,13,2948,569.250000,21717,9108
instance_kNN_N90_K8_nzP0d15,p8_g1_l20,GreedyRecomputerMask7,2317,4433,1485,13,2948,569.250000,21717,9108
instance_kNN_N90_K8_nzP0d15,p8_g1_l20,GreedyRecomputerMask2,1306,4456,1507,13,2949,569.250000,21717,9108
instance_kNN_N90_K8_nzP0d15,p8_g1_l20,GreedyRecomputerMask4,1557,4465,1547,14,2918,569.250000,21717,9108
instance_kNN_N90_K8_nzP0d15,p8_g1_l20,GreedyBspHC,747,4547,1630,14,2917,569.250000,21717,9108
msnbc.psdd,p8_g1_l20,GreedyRecomputerMask0,1197,3913,1818,8,2095,2046.625000,39056,16373
msnbc.psdd,p8_g1_l20,GreedyRecomputerMask1,1333,3912,1837,8,2075,2046.625000,39056,16373
msnbc.psdd,p8_g1_l20,GreedyRecomputerMask3,1886,3873,1771,6,2102,2046.625000,39056,16373
msnbc.psdd,p8_g1_l20,GreedyRecomputerMask7,3491,3873,1771,6,2102,2046.625000,39056,16373
msnbc.psdd,p8_g1_l20,GreedyRecomputerMask2,1754,3874,1759,6,2115,2046.625000,39056,16373
msnbc.psdd,p8_g1_l20,GreedyRecomputerMask4,2341,3913,1818,8,2095,2046.625000,39056,16373
msnbc.psdd,p8_g1_l20,GreedyBspHC,1003,4006,1931,8,2075,2046.625000,39056,16373
instance_CG_N15_K7_nzP0d25,p8_g1_l20,GreedyRecomputerMask0,98,1862,1206,44,656,18.216867,3116,1512
instance_CG_N15_K7_nzP0d25,p8_g1_l20,GreedyRecomputerMask1,106,1861,1206,44,655,18.216867,3116,1512
instance_CG_N15_K7_nzP0d25,p8_g1_l20,GreedyRecomputerMask3,190,1562,835,23,727,18.216867,3116,1512
instance_CG_N15_K7_nzP0d25,p8_g1_l20,GreedyRecomputerMask7,313,1562,835,23,727,18.216867,3116,1512
instance_CG_N15_K7_nzP0d25,p8_g1_l20,GreedyRecomputerMask2,179,1573,843,23,730,18.216867,3116,1512
instance_CG_N15_K7_nzP0d25,p8_g1_l20,GreedyRecomputerMask4,222,1852,1184,43,668,18.216867,3116,1512
instance_CG_N15_K7_nzP0d25,p8_g1_l20,GreedyBspHC,82,1976,1321,48,655,18.216867,3116,1512
simple2.1.psdd,p8_g1_l20,GreedyRecomputerMask0,0,6,0,1,6,7.000000,5,7
simple2.1.psdd,p8_g1_l20,GreedyRecomputerMask1,0,26,24,2,2,7.000000,5,7
simple2.1.psdd,p8_g1_l20,GreedyRecomputerMask3,0,6,0,1,6,7.000000,5,7
simple2.1.psdd,p8_g1_l20,GreedyRecomputerMask7,1,6,0,1,6,7.000000,5,7
simple2.1.psdd,p8_g1_l20,GreedyRecomputerMask2,0,6,0,1,6,7.000000,5,7
simple2.1.psdd,p8_g1_l20,GreedyRecomputerMask4,0,6,0,1,6,7.000000,5,7
simple2.1.psdd,p8_g1_l20,GreedyBspHC,0,26,24,2,2,7.000000,5,7
Dubcova2,p8_g1_l20,GreedyRecomputerMask0,32532,73856,11040,258,62816,39.819351,482600,65025
Dubcova2,p8_g1_l20,GreedyRecomputerMask1,40272,72800,9985,256,62815,39.819351,482600,65025
Dubcova2,p8_g1_l20,GreedyRecomputerMask3,43975,72092,8958,203,63134,39.819351,482600,65025
Dubcova2,p8_g1_l20,GreedyRecomputerMask7,58600,72094,8960,203,63134,39.819351,482600,65025
Dubcova2,p8_g1_l20,GreedyRecomputerMask2,37462,72801,9467,201,63334,39.819351,482600,65025
Dubcova2,p8_g1_l20,GreedyRecomputerMask4,49455,73750,10915,252,62835,39.819351,482600,65025
Dubcova2,p8_g1_l20,GreedyBspHC,30338,76132,13320,282,62812,39.819351,482600,65025
instance_kNN_N30_K10_nzP0d15,p8_g1_l20,GreedyRecomputerMask0,150,1011,524,17,487,79.250000,3519,1585
instance_kNN_N30_K10_nzP0d15,p8_g1_l20,GreedyRecomputerMask1,160,1010,524,17,486,79.250000,3519,1585
instance_kNN_N30_K10_nzP0d15,p8_g1_l20,GreedyRecomputerMask3,210,970,469,15,501,79.250000,3519,1585
instance_kNN_N30_K10_nzP0d15,p8_g1_l20,GreedyRecomputerMask7,343,970,469,15,501,79.250000,3519,1585
instance_kNN_N30_K10_nzP0d15,p8_g1_l20,GreedyRecomputerMask2,205,976,476,15,500,79.250000,3519,1585
instance_kNN_N30_K10_nzP0d15,p8_g1_l20,GreedyRecomputerMask4,243,1011,524,17,487,79.250000,3519,1585
instance_kNN_N30_K10_nzP0d15,p8_g1_l20,GreedyBspHC,126,1049,563,17,486,79.250000,3519,1585
sts4098,p8_g1_l20,GreedyRecomputerMask0,611,7361,2260,76,5101,22.893855,34129,4098
sts4098,p8_g1_l20,GreedyRecomputerMask1,668,7322,2218,75,5104,22.893855,34129,4098
sts4098,p8_g1_l20,GreedyRecomputerMask3,966,7024,1769,50,5255,22.893855,34129,4098
sts4098,p8_g1_l20,GreedyRecomputerMask7,1846,7024,1768,50,5256,22.893855,34129,4098
sts4098,p8_g1_l20,GreedyRecomputerMask2,932,7051,1796,50,5255,22.893855,34129,4098
sts4098,p8_g1_l20,GreedyRecomputerMask4,1071,7340,2239,75,5101,22.893855,34129,4098
sts4098,p8_g1_l20,GreedyBspHC,498,7668,2567,81,5101,22.893855,34129,4098
instance_conjugate_gradient_gyro_m,p8_g1_l20,GreedyRecomputerMask0,4326,142540,92396,3984,50144,2.363321,70893,47023
instance_conjugate_gradient_gyro_m,p8_g1_l20,GreedyRecomputerMask1,7306,141729,91584,3983,50145,2.363321,70893,47023
instance_conjugate_gradient_gyro_m,p8_g1_l20,GreedyRecomputerMask3,35490,83981,0,1,83981,2.363321,70893,47023
instance_conjugate_gradient_gyro_m,p8_g1_l20,GreedyRecomputerMask7,40339,83981,0,1,83981,2.363321,70893,47023
instance_conjugate_gradient_gyro_m,p8_g1_l20,GreedyRecomputerMask2,39877,83981,0,1,83981,2.363321,70893,47023
instance_conjugate_gradient_gyro_m,p8_g1_l20,GreedyRecomputerMask4,7111,142538,92394,3984,50144,2.363321,70893,47023
instance_conjugate_gradient_gyro_m,p8_g1_l20,GreedyBspHC,3676,145724,95580,3984,50144,2.363321,70893,47023
instance_kNN_N30_K12_nzP0d15,p8_g1_l20,GreedyRecomputerMask0,225,1227,620,20,607,81.291667,4437,1951
instance_kNN_N30_K12_nzP0d15,p8_g1_l20,GreedyRecomputerMask1,238,1217,610,20,607,81.291667,4437,1951
instance_kNN_N30_K12_nzP0d15,p8_g1_l20,GreedyRecomputerMask3,300,1159,539,17,620,81.291667,4437,1951
instance_kNN_N30_K12_nzP0d15,p8_g1_l20,GreedyRecomputerMask7,478,1159,539,17,620,81.291667,4437,1951
instance_kNN_N30_K12_nzP0d15,p8_g1_l20,GreedyRecomputerMask2,309,1170,552,17,618,81.291667,4437,1951
instance_kNN_N30_K12_nzP0d15,p8_g1_l20,GreedyRecomputerMask4,274,1227,620,20,607,81.291667,4437,1951
instance_kNN_N30_K12_nzP0d15,p8_g1_l20,GreedyBspHC,197,1281,674,20,607,81.291667,4437,1951
bcsstk13,p8_g1_l20,GreedyRecomputerMask0,2815,22936,5126,203,17810,3.477431,40940,2003
bcsstk13,p8_g1_l20,GreedyRecomputerMask1,2899,22898,5088,202,17810,3.477431,40940,2003
bcsstk13,p8_g1_l20,GreedyRecomputerMask3,3295,21450,3584,112,17866,3.477431,40940,2003
bcsstk13,p8_g1_l20,GreedyRecomputerMask7,4553,21371,3524,113,17847,3.477431,40940,2003
bcsstk13,p8_g1_l20,GreedyRecomputerMask2,3155,21429,3588,111,17841,3.477431,40940,2003
bcsstk13,p8_g1_l20,GreedyRecomputerMask4,3281,22936,5126,203,17810,3.477431,40940,2003
bcsstk13,p8_g1_l20,GreedyBspHC,2685,23877,6049,240,17828,3.477431,40940,2003
pumsb_star.psdd,p8_g1_l20,GreedyRecomputerMask0,2633,7993,2957,16,5036,1429.785714,110115,40034
pumsb_star.psdd,p8_g1_l20,GreedyRecomputerMask1,2987,7974,2938,16,5036,1429.785714,110115,40034
pumsb_star.psdd,p8_g1_l20,GreedyRecomputerMask3,3707,7962,2923,15,5039,1429.785714,110115,40034
pumsb_star.psdd,p8_g1_l20,GreedyRecomputerMask7,6557,7962,2923,15,5039,1429.785714,110115,40034
pumsb_star.psdd,p8_g1_l20,GreedyRecomputerMask2,3532,7981,2942,15,5039,1429.785714,110115,40034
pumsb_star.psdd,p8_g1_l20,GreedyRecomputerMask4,5671,7993,2957,16,5036,1429.785714,110115,40034
pumsb_star.psdd,p8_g1_l20,GreedyBspHC,2051,8492,3456,16,5036,1429.785714,110115,40034
m_t1,p8_g1_l20,GreedyRecomputerMask0,19943,683957,21906,240,662051,22.878781,4827996,97578
m_t1,p8_g1_l20,GreedyRecomputerMask1,25576,683906,21855,240,662051,22.878781,4827996,97578
m_t1,p8_g1_l20,GreedyRecomputerMask3,49289,683801,21784,232,662017,22.878781,4827996,97578
m_t1,p8_g1_l20,GreedyRecomputerMask7,162240,683789,21772,232,662017,22.878781,4827996,97578
m_t1,p8_g1_l20,GreedyRecomputerMask2,47690,683853,21836,232,662017,22.878781,4827996,97578
m_t1,p8_g1_l20,GreedyRecomputerMask4,109371,683949,21898,240,662051,22.878781,4827996,97578
m_t1,p8_g1_l20,GreedyBspHC,8568,692602,30435,256,662167,22.878781,4827996,97578
dna-500.psdd,p8_g1_l20,GreedyRecomputerMask0,5982,24428,2605,26,21823,2098.012048,552352,174135
dna-500.psdd,p8_g1_l20,GreedyRecomputerMask1,6893,24416,2597,26,21819,2098.012048,552352,174135
dna-500.psdd,p8_g1_l20,GreedyRecomputerMask3,12136,24402,2579,25,21823,2098.012048,552352,174135
dna-500.psdd,p8_g1_l20,GreedyRecomputerMask7,27965,24402,2579,25,21823,2098.012048,552352,174135
dna-500.psdd,p8_g1_l20,GreedyRecomputerMask2,11966,24414,2587,25,21827,2098.012048,552352,174135
dna-500.psdd,p8_g1_l20,GreedyRecomputerMask4,17184,24428,2605,26,21823,2098.012048,552352,174135
dna-500.psdd,p8_g1_l20,GreedyBspHC,3750,24857,3038,26,21819,2098.012048,552352,174135
instance_exp_N40_K5_nzP0d15,p8_g1_l20,GreedyRecomputerMask0,118,881,395,10,486,163.200000,3480,1632
instance_exp_N40_K5_nzP0d15,p8_g1_l20,GreedyRecomputerMask1,130,874,388,10,486,163.200000,3480,1632
instance_exp_N40_K5_nzP0d15,p8_g1_l20,GreedyRecomputerMask3,188,854,345,9,509,163.200000,3480,1632
instance_exp_N40_K5_nzP0d15,p8_g1_l20,GreedyRecomputerMask7,328,854,345,9,509,163.200000,3480,1632
instance_exp_N40_K5_nzP0d15,p8_g1_l20,GreedyRecomputerMask2,176,868,361,9,507,163.200000,3480,1632
instance_exp_N40_K5_nzP0d15,p8_g1_l20,GreedyRecomputerMask4,161,881,395,10,486,163.200000,3480,1632
instance_exp_N40_K5_nzP0d15,p8_g1_l20,GreedyBspHC,95,905,419,10,486,163.200000,3480,1632
nltcs.10split.psdd,p8_g1_l20,GreedyRecomputerMask0,11,165,144,7,21,14.875000,192,119
nltcs.10split.psdd,p8_g1_l20,GreedyRecomputerMask1,12,165,145,7,20,14.875000,192,119
nltcs.10split.psdd,p8_g1_l20,GreedyRecomputerMask3,16,83,30,2,53,14.875000,192,119
nltcs.10split.psdd,p8_g1_l20,GreedyRecomputerMask7,26,83,30,2,53,14.875000,192,119
nltcs.10split.psdd,p8_g1_l20,GreedyRecomputerMask2,16,83,28,2,55,14.875000,192,119
nltcs.10split.psdd,p8_g1_l20,GreedyRecomputerMask4,18,165,144,7,21,14.875000,192,119
nltcs.10split.psdd,p8_g1_l20,GreedyBspHC,10,170,150,7,20,14.875000,192,119
nasa4704,p8_g1_l20,GreedyRecomputerMask0,789,11682,3834,135,7848,14.254545,50026,4704
nasa4704,p8_g1_l20,GreedyRecomputerMask1,839,11673,3825,135,7848,14.254545,50026,4704
nasa4704,p8_g1_l20,GreedyRecomputerMask3,1243,11534,3597,120,7937,14.254545,50026,4704
nasa4704,p8_g1_l20,GreedyRecomputerMask7,2476,11527,3590,120,7937,14.254545,50026,4704
nasa4704,p8_g1_l20,GreedyRecomputerMask2,1207,11546,3609,120,7937,14.254545,50026,4704
nasa4704,p8_g1_l20,GreedyRecomputerMask4,1444,11678,3830,135,7848,14.254545,50026,4704
nasa4704,p8_g1_l20,GreedyBspHC,632,12254,4400,140,7854,14.254545,50026,4704
thermal1,p8_g1_l20,GreedyRecomputerMask0,6513,36853,5712,88,31141,85.210309,245902,82654
thermal1,p8_g1_l20,GreedyRecomputerMask1,21659,35191,4051,88,31140,85.210309,245902,82654
thermal1,p8_g1_l20,GreedyRecomputerMask3,25061,35011,3757,73,31254,85.210309,245902,82654
thermal1,p8_g1_l20,GreedyRecomputerMask7,37677,35011,3757,73,31254,85.210309,245902,82654
thermal1,p8_g1_l20,GreedyRecomputerMask2,10477,36561,4975,72,31586,85.210309,245902,82654
thermal1,p8_g1_l20,GreedyRecomputerMask4,13104,36835,5694,87,31141,85.210309,245902,82654
thermal1,p8_g1_l20,GreedyBspHC,5456,37458,6318,89,31140,85.210309,245902,82654
cfd1,p8_g1_l20,GreedyRecomputerMask0,34364,192550,57439,1970,135111,16.283936,878854,70656
cfd1,p8_g1_l20,GreedyRecomputerMask1,36454,192525,57415,1970,135110,16.283936,878854,70656
cfd1,p8_g1_l20,GreedyRecomputerMask3,48682,187558,49463,1468,138095,16.283936,878854,70656
cfd1,p8_g1_l20,GreedyRecomputerMask7,84033,187509,49456,1472,138053,16.283936,878854,70656
cfd1,p8_g1_l20,GreedyRecomputerMask2,47669,187657,49597,1471,138060,16.283936,878854,70656
cfd1,p8_g1_l20,GreedyRecomputerMask4,46676,192550,57439,1970,135111,16.283936,878854,70656
cfd1,p8_g1_l20,GreedyBspHC,30865,205815,70702,1984,135113,16.283936,878854,70656
instance_CG_N45_K13_nzP0d15,p8_g1_l20,GreedyRecomputerMask0,1274,7402,3422,86,3980,63.135484,22088,9786
instance_CG_N45_K13_nzP0d15,p8_g1_l20,GreedyRecomputerMask1,1334,7395,3415,86,3980,63.135484,22088,9786
instance_CG_N45_K13_nzP0d15,p8_g1_l20,GreedyRecomputerMask3,1807,7010,2917,57,4093,63.135484,22088,9786
instance_CG_N45_K13_nzP0d15,p8_g1_l20,GreedyRecomputerMask7,2681,7006,2912,57,4094,63.135484,22088,9786
instance_CG_N45_K13_nzP0d15,p8_g1_l20,GreedyRecomputerMask2,1751,7044,2949,57,4095,63.135484,22088,9786
instance_CG_N45_K13_nzP0d15,p8_g1_l20,GreedyRecomputerMask4,1854,7395,3415,86,3980,63.135484,22088,9786
instance_CG_N45_K13_nzP0d15,p8_g1_l20,GreedyBspHC,1148,7640,3660,94,3980,63.135484,22088,9786
instance_kNN_N30_K8_nzP0d15,p8_g1_l20,GreedyRecomputerMask0,103,739,380,12,359,76.187500,2601,1219
instance_kNN_N30_K8_nzP0d15,p8_g1_l20,GreedyRecomputerMask1,110,736,377,12,359,76.187500,2601,1219
instance_kNN_N30_K8_nzP0d15,p8_g1_l20,GreedyRecomputerMask3,150,681,304,9,377,76.187500,2601,1219
instance_kNN_N30_K8_nzP0d15,p8_g1_l20,GreedyRecomputerMask7,254,681,304,9,377,76.187500,2601,1219
instance_kNN_N30_K8_nzP0d15,p8_g1_l20,GreedyRecomputerMask2,145,688,311,9,377,76.187500,2601,1219
instance_kNN_N30_K8_nzP0d15,p8_g1_l20,GreedyRecomputerMask4,173,739,380,12,359,76.187500,2601,1219
instance_kNN_N30_K8_nzP0d15,p8_g1_l20,GreedyBspHC,86,759,400,12,359,76.187500,2601,1219
instance_spmv_N70_nzP0d19,p8_g1_l20,GreedyRecomputerMask0,141,645,187,3,458,960.000000,2670,1920
instance_spmv_N70_nzP0d19,p8_g1_l20,GreedyRecomputerMask1,152,645,187,3,458,960.000000,2670,1920
instance_spmv_N70_nzP0d19,p8_g1_l20,GreedyRecomputerMask3,178,625,115,2,510,960.000000,2670,1920
instance_spmv_N70_nzP0d19,p8_g1_l20,GreedyRecomputerMask7,265,625,115,2,510,960.000000,2670,1920
instance_spmv_N70_nzP0d19,p8_g1_l20,GreedyRecomputerMask2,173,625,115,2,510,960.000000,2670,1920
instance_spmv_N70_nzP0d19,p8_g1_l20,GreedyRecomputerMask4,250,645,187,3,458,960.000000,2670,1920
instance_spmv_N70_nzP0d19,p8_g1_l20,GreedyBspHC,123,646,188,3,458,960.000000,2670,1920
nasa1824,p8_g1_l20,GreedyRecomputerMask0,444,5318,2037,78,3281,9.859459,18692,1824
nasa1824,p8_g1_l20,GreedyRecomputerMask1,479,5316,2037,78,3279,9.859459,18692,1824
nasa1824,p8_g1_l20,GreedyRecomputerMask3,619,5121,1728,60,3393,9.859459,18692,1824
nasa1824,p8_g1_l20,GreedyRecomputerMask7,1086,5118,1725,60,3393,9.859459,18692,1824
nasa1824,p8_g1_l20,GreedyRecomputerMask2,610,5119,1733,60,3386,9.859459,18692,1824
nasa1824,p8_g1_l20,GreedyRecomputerMask4,810,5314,2033,78,3281,9.859459,18692,1824
nasa1824,p8_g1_l20,GreedyBspHC,387,5590,2298,87,3292,9.859459,18692,1824
kdd.psdd,p8_g1_l20,GreedyRecomputerMask0,1920,6306,2266,11,4040,1601.050000,79972,32021
kdd.psdd,p8_g1_l20,GreedyRecomputerMask1,2139,6299,2260,11,4039,1601.050000,79972,32021
kdd.psdd,p8_g1_l20,GreedyRecomputerMask3,3211,6282,2159,10,4123,1601.050000,79972,32021
kdd.psdd,p8_g1_l20,GreedyRecomputerMask7,6373,6282,2159,10,4123,1601.050000,79972,32021
kdd.psdd,p8_g1_l20,GreedyRecomputerMask2,3001,6299,2175,10,4124,1601.050000,79972,32021
kdd.psdd,p8_g1_l20,GreedyRecomputerMask4,4231,6306,2266,11,4040,1601.050000,79972,32021
kdd.psdd,p8_g1_l20,GreedyBspHC,1545,6651,2612,11,4039,1601.050000,79972,32021
thermomech_TC,p8_g1_l20,GreedyRecomputerMask0,11382,47087,8961,10,38126,318.249221,304700,102158
thermomech_TC,p8_g1_l20,GreedyRecomputerMask1,197783,43689,5564,10,38125,318.249221,304700,102158
thermomech_TC,p8_g1_l20,GreedyRecomputerMask3,201722,43649,5473,5,38176,318.249221,304700,102158
thermomech_TC,p8_g1_l20,GreedyRecomputerMask7,216302,43649,5473,5,38176,318.249221,304700,102158
thermomech_TC,p8_g1_l20,GreedyRecomputerMask2,15879,45527,5271,4,40256,318.249221,304700,102158
thermomech_TC,p8_g1_l20,GreedyRecomputerMask4,22050,47087,8961,10,38126,318.249221,304700,102158
thermomech_TC,p8_g1_l20,GreedyBspHC,9512,47187,9062,10,38125,318.249221,304700,102158
instance_spmv_N120_nzP0d18,p8_g1_l20,GreedyRecomputerMask0,383,1705,413,3,1292,2663.000000,7629,5326
instance_spmv_N120_nzP0d18,p8_g1_l20,GreedyRecomputerMask1,389,1705,413,3,1292,2663.000000,7629,5326
instance_spmv_N120_nzP0d18,p8_g1_l20,GreedyRecomputerMask3,484,1684,294,2,1390,2663.000000,7629,5326
instance_spmv_N120_nzP0d18,p8_g1_l20,GreedyRecomputerMask7,744,1684,294,2,1390,2663.000000,7629,5326
instance_spmv_N120_nzP0d18,p8_g1_l20,GreedyRecomputerMask2,475,1684,294,2,1390,2663.000000,7629,5326
instance_spmv_N120_nzP0d18,p8_g1_l20,GreedyRecomputerMask4,530,1705,413,3,1292,2663.000000,7629,5326
instance_spmv_N120_nzP0d18,p8_g1_l20,GreedyBspHC,327,1708,416,3,1292,2663.000000,7629,5326
raefsky4,p8_g1_l20,GreedyRecomputerMask0,2552,91653,5893,100,85760,54.040984,654416,19779
raefsky4,p8_g1_l20,GreedyRecomputerMask1,3041,91618,5858,100,85760,54.040984,654416,19779
raefsky4,p8_g1_l20,GreedyRecomputerMask3,4312,91581,5821,98,85760,54.040984,654416,19779
raefsky4,p8_g1_l20,GreedyRecomputerMask7,11764,91580,5820,98,85760,54.040984,654416,19779
raefsky4,p8_g1_l20,GreedyRecomputerMask2,4160,91616,5856,98,85760,54.040984,654416,19779
raefsky4,p8_g1_l20,GreedyRecomputerMask4,6277,91653,5893,100,85760,54.040984,654416,19779
raefsky4,p8_g1_l20,GreedyBspHC,1008,93658,7898,102,85760,54.040984,654416,19779
instance_exp_N60_K17_nzP0d13,p8_g1_l20,GreedyRecomputerMask0,668,4588,1617,26,2971,268.382353,22821,9125
instance_exp_N60_K17_nzP0d13,p8_g1_l20,GreedyRecomputerMask1,761,4566,1595,26,2971,268.382353,22821,9125
instance_exp_N60_K17_nzP0d13,p8_g1_l20,GreedyRecomputerMask3,1125,4523,1502,24,3021,268.382353,22821,9125
instance_exp_N60_K17_nzP0d13,p8_g1_l20,GreedyRecomputerMask7,1984,4523,1502,24,3021,268.382353,22821,9125
instance_exp_N60_K17_nzP0d13,p8_g1_l20,GreedyRecomputerMask2,1078,4555,1534,24,3021,268.382353,22821,9125
instance_exp_N60_K17_nzP0d13,p8_g1_l20,GreedyRecomputerMask4,1294,4588,1617,26,2971,268.382353,22821,9125
instance_exp_N60_K17_nzP0d13,p8_g1_l20,GreedyBspHC,534,4714,1743,26,2971,268.382353,22821,9125
instance_spmv_N65_nzP0d18,p8_g1_l20,GreedyRecomputerMask0,113,547,166,3,381,802.000000,2211,1604
instance_spmv_N65_nzP0d18,p8_g1_l20,GreedyRecomputerMask1,124,546,165,3,381,802.000000,2211,1604
instance_spmv_N65_nzP0d18,p8_g1_l20,GreedyRecomputerMask3,154,524,99,2,425,802.000000,2211,1604
instance_spmv_N65_nzP0d18,p8_g1_l20,GreedyRecomputerMask7,223,524,99,2,425,802.000000,2211,1604
instance_spmv_N65_nzP0d18,p8_g1_l20,GreedyRecomputerMask2,140,524,99,2,425,802.000000,2211,1604
instance_spmv_N65_nzP0d18,p8_g1_l20,GreedyRecomputerMask4,203,547,166,3,381,802.000000,2211,1604
instance_spmv_N65_nzP0d18,p8_g1_l20,GreedyBspHC,98,551,170,3,381,802.000000,2211,1604
instance_CG_N40_K10_nzP0d2,p8_g1_l20,GreedyRecomputerMask0,870,5446,2524,64,2922,61.638655,16632,7335
instance_CG_N40_K10_nzP0d2,p8_g1_l20,GreedyRecomputerMask1,923,5438,2516,64,2922,61.638655,16632,7335
instance_CG_N40_K10_nzP0d2,p8_g1_l20,GreedyRecomputerMask3,1253,5249,2261,49,2988,61.638655,16632,7335
instance_CG_N40_K10_nzP0d2,p8_g1_l20,GreedyRecomputerMask7,1895,5249,2261,49,2988,61.638655,16632,7335
instance_CG_N40_K10_nzP0d2,p8_g1_l20,GreedyRecomputerMask2,1205,5267,2272,49,2995,61.638655,16632,7335
instance_CG_N40_K10_nzP0d2,p8_g1_l20,GreedyRecomputerMask4,1076,5446,2524,64,2922,61.638655,16632,7335
instance_CG_N40_K10_nzP0d2,p8_g1_l20,GreedyBspHC,780,5617,2695,69,2922,61.638655,16632,7335
baudio.psdd,p8_g1_l20,GreedyRecomputerMask0,1875,6611,2272,15,4339,1329.500000,94229,34567
baudio.psdd,p8_g1_l20,GreedyRecomputerMask1,2094,6610,2271,15,4339,1329.500000,94229,34567
baudio.psdd,p8_g1_l20,GreedyRecomputerMask3,2685,6603,2259,14,4344,1329.500000,94229,34567
baudio.psdd,p8_g1_l20,GreedyRecomputerMask7,5023,6603,2259,14,4344,1329.500000,94229,34567
baudio.psdd,p8_g1_l20,GreedyRecomputerMask2,2648,6604,2260,14,4344,1329.500000,94229,34567
baudio.psdd,p8_g1_l20,GreedyRecomputerMask4,4338,6611,2272,15,4339,1329.500000,94229,34567
baudio.psdd,p8_g1_l20,GreedyBspHC,1412,6945,2606,15,4339,1329.500000,94229,34567
instance_exp_N100_K40_nzP0d2,p8_g1_l20,GreedyRecomputerMask0,5859,40322,10838,60,29484,1042.425000,232080,83394
instance_exp_N100_K40_nzP0d2,p8_g1_l20,GreedyRecomputerMask1,7018,40242,10761,60,29481,1042.425000,232080,83394
instance_exp_N100_K40_nzP0d2,p8_g1_l20,GreedyRecomputerMask3,9473,40242,10761,60,29481,1042.425000,232080,83394
instance_exp_N100_K40_nzP0d2,p8_g1_l20,GreedyRecomputerMask7,15567,40242,10761,60,29481,1042.425000,232080,83394
instance_exp_N100_K40_nzP0d2,p8_g1_l20,GreedyRecomputerMask2,8839,40322,10838,60,29484,1042.425000,232080,83394
instance_exp_N100_K40_nzP0d2,p8_g1_l20,GreedyRecomputerMask4,12389,40322,10838,60,29484,1042.425000,232080,83394
instance_exp_N100_K40_nzP0d2,p8_g1_l20,GreedyBspHC,4386,40983,11502,60,29481,1042.425000,232080,83394
ad.psdd,p8_g1_l20,GreedyRecomputerMask0,1949,4808,1990,22,2818,464.104167,47345,22277
ad.psdd,p8_g1_l20,GreedyRecomputerMask1,2124,4808,1990,22,2818,464.104167,47345,22277
ad.psdd,p8_g1_l20,GreedyRecomputerMask3,2788,4626,1777,11,2849,464.104167,47345,22277
ad.psdd,p8_g1_l20,GreedyRecomputerMask7,5138,4626,1777,11,2849,464.104167,47345,22277
ad.psdd,p8_g1_l20,GreedyRecomputerMask2,2698,4631,1781,11,2850,464.104167,47345,22277
ad.psdd,p8_g1_l20,GreedyRecomputerMask4,3608,4794,1972,21,2822,464.104167,47345,22277
ad.psdd,p8_g1_l20,GreedyBspHC,1656,4996,2178,22,2818,464.104167,47345,22277
1138_bus,p8_g1_l20,GreedyRecomputerMask0,53,400,202,8,198,56.900000,1458,1138
1138_bus,p8_g1_l20,GreedyRecomputerMask1,61,380,182,8,198,56.900000,1458,1138
1138_bus,p8_g1_l20,GreedyRecomputerMask3,83,334,74,3,260,56.900000,1458,1138
1138_bus,p8_g1_l20,GreedyRecomputerMask7,163,334,74,3,260,56.900000,1458,1138
1138_bus,p8_g1_l20,GreedyRecomputerMask2,78,339,21,2,318,56.900000,1458,1138
1138_bus,p8_g1_l20,GreedyRecomputerMask4,76,400,202,8,198,56.900000,1458,1138
1138_bus,p8_g1_l20,GreedyBspHC,43,408,210,8,198,56.900000,1458,1138
instance_exp_N90_K7_nzP0d14,p8_g1_l20,GreedyRecomputerMask0,850,4716,1599,12,3117,688.000000,23394,9632
instance_exp_N90_K7_nzP0d14,p8_g1_l20,GreedyRecomputerMask1,976,4703,1586,12,3117,688.000000,23394,9632
instance_exp_N90_K7_nzP0d14,p8_g1_l20,GreedyRecomputerMask3,1444,4683,1493,11,3190,688.000000,23394,9632
instance_exp_N90_K7_nzP0d14,p8_g1_l20,GreedyRecomputerMask7,2445,4683,1493,11,3190,688.000000,23394,9632
instance_exp_N90_K7_nzP0d14,p8_g1_l20,GreedyRecomputerMask2,1330,4708,1518,11,3190,688.000000,23394,9632
instance_exp_N90_K7_nzP0d14,p8_g1_l20,GreedyRecomputerMask4,1568,4716,1599,12,3117,688.000000,23394,9632
instance_exp_N90_K7_nzP0d14,p8_g1_l20,GreedyBspHC,688,4797,1680,12,3117,688.000000,23394,9632
bbc.psdd,p8_g1_l20,GreedyRecomputerMask0,1867,5448,2139,17,3309,591.431818,54018,26023
bbc.psdd,p8_g1_l20,GreedyRecomputerMask1,2031,5448,2172,17,3276,591.431818,54018,26023
bbc.psdd,p8_g1_l20,GreedyRecomputerMask3,2842,5418,2136,15,3282,591.431818,54018,26023
bbc.psdd,p8_g1_l20,GreedyRecomputerMask7,5508,5418,2136,15,3282,591.431818,54018,26023
bbc.psdd,p8_g1_l20,GreedyRecomputerMask2,2756,5418,2103,15,3315,591.431818,54018,26023
bbc.psdd,p8_g1_l20,GreedyRecomputerMask4,3725,5448,2139,17,3309,591.431818,54018,26023
bbc.psdd,p8_g1_l20,GreedyBspHC,1542,5559,2283,17,3276,591.431818,54018,26023
Dubcova1,p8_g1_l20,GreedyRecomputerMask0,6662,21897,5472,176,16425,22.878014,118440,16129
Dubcova1,p8_g1_l20,GreedyRecomputerMask1,7600,21605,5182,176,16423,22.878014,118440,16129
Dubcova1,p8_g1_l20,GreedyRecomputerMask3,8377,21072,4466,140,16606,22.878014,118440,16129
Dubcova1,p8_g1_l20,GreedyRecomputerMask7,11779,21072,4466,140,16606,22.878014,118440,16129
Dubcova1,p8_g1_l20,GreedyRecomputerMask2,7528,21271,4620,139,16651,22.878014,118440,16129
Dubcova1,p8_g1_l20,GreedyRecomputerMask4,10346,21814,5387,172,16427,22.878014,118440,16129
Dubcova1,p8_g1_l20,GreedyBspHC,6153,22798,6373,196,16425,22.878014,118440,16129
instance_spmv_N130_nzP0d22,p8_g1_l20,GreedyRecomputerMask0,540,2377,545,3,1832,3741.000000,10833,7482
instance_spmv_N130_nzP0d22,p8_g1_l20,GreedyRecomputerMask1,589,2377,545,3,1832,3741.000000,10833,7482
instance_spmv_N130_nzP0d22,p8_g1_l20,GreedyRecomputerMask3,686,2359,413,2,1946,3741.000000,10833,7482
instance_spmv_N130_nzP0d22,p8_g1_l20,GreedyRecomputerMask7,1064,2359,413,2,1946,3741.000000,10833,7482
instance_spmv_N130_nzP0d22,p8_g1_l20,GreedyRecomputerMask2,669,2359,413,2,1946,3741.000000,10833,7482
instance_spmv_N130_nzP0d22,p8_g1_l20,GreedyRecomputerMask4,1001,2377,545,3,1832,3741.000000,10833,7482
instance_spmv_N130_nzP0d22,p8_g1_l20,GreedyBspHC,460,2382,550,3,1832,3741.000000,10833,7482
Andrews,p8_g1_l20,GreedyRecomputerMask0,8781,55988,12092,14,43896,1304.347826,350077,60000
Andrews,p8_g1_l20,GreedyRecomputerMask1,52445,54401,10505,14,43896,1304.347826,350077,60000
Andrews,p8_g1_l20,GreedyRecomputerMask3,56978,54390,10486,13,43904,1304.347826,350077,60000
Andrews,p8_g1_l20,GreedyRecomputerMask7,69990,54390,10486,13,43904,1304.347826,350077,60000
Andrews,p8_g1_l20,GreedyRecomputerMask2,13717,55662,10926,12,44736,1304.347826,350077,60000
Andrews,p8_g1_l20,GreedyRecomputerMask4,17900,55988,12092,14,43896,1304.347826,350077,60000
Andrews,p8_g1_l20,GreedyBspHC,6591,56190,12294,14,43896,1304.347826,350077,60000
msnbc-yitao-c.psdd,p8_g1_l20,GreedyRecomputerMask0,432,1211,583,6,628,997.800000,7164,4989
msnbc-yitao-c.psdd,p8_g1_l20,GreedyRecomputerMask1,459,1210,582,6,628,997.800000,7164,4989
msnbc-yitao-c.psdd,p8_g1_l20,GreedyRecomputerMask3,583,1188,335,5,853,997.800000,7164,4989
msnbc-yitao-c.psdd,p8_g1_l20,GreedyRecomputerMask7,1001,1188,335,5,853,997.800000,7164,4989
msnbc-yitao-c.psdd,p8_g1_l20,GreedyRecomputerMask2,561,1192,338,5,854,997.800000,7164,4989
msnbc-yitao-c.psdd,p8_g1_l20,GreedyRecomputerMask4,578,1211,583,6,628,997.800000,7164,4989
msnbc-yitao-c.psdd,p8_g1_l20,GreedyBspHC,376,1226,598,6,628,997.800000,7164,4989
bcsstk26,p8_g1_l20,GreedyRecomputerMask0,151,3733,1020,38,2713,11.791411,14207,1922
bcsstk26,p8_g1_l20,GreedyRecomputerMask1,168,3723,1010,38,2713,11.791411,14207,1922
bcsstk26,p8_g1_l20,GreedyRecomputerMask3,247,3492,743,24,2749,11.791411,14207,1922
bcsstk26,p8_g1_l20,GreedyRecomputerMask7,653,3486,737,24,2749,11.791411,14207,1922
bcsstk26,p8_g1_l20,GreedyRecomputerMask2,239,3501,750,24,2751,11.791411,14207,1922
bcsstk26,p8_g1_l20,GreedyRecomputerMask4,444,3713,1000,37,2713,11.791411,14207,1922
bcsstk26,p8_g1_l20,GreedyBspHC,123,3832,1119,41,2713,11.791411,14207,1922
instance_CG_N120_K35_nzP0d11,p8_g1_l20,GreedyRecomputerMask0,9437,57153,18864,238,38289,230.751790,241842,96685
instance_CG_N120_K35_nzP0d11,p8_g1_l20,GreedyRecomputerMask1,11145,57056,18767,238,38289,230.751790,241842,96685
instance_CG_N120_K35_nzP0d11,p8_g1_l20,GreedyRecomputerMask3,14514,56636,18277,208,38359,230.751790,241842,96685
instance_CG_N120_K35_nzP0d11,p8_g1_l20,GreedyRecomputerMask7,24103,56636,18277,208,38359,230.751790,241842,96685
instance_CG_N120_K35_nzP0d11,p8_g1_l20,GreedyRecomputerMask2,13793,56736,18376,208,38360,230.751790,241842,96685
instance_CG_N120_K35_nzP0d11,p8_g1_l20,GreedyRecomputerMask4,16332,57151,18862,238,38289,230.751790,241842,96685
instance_CG_N120_K35_nzP0d11,p8_g1_l20,GreedyBspHC,8024,58945,20656,245,38289,230.751790,241842,96685
nasa2910,p8_g1_l20,GreedyRecomputerMask0,6040,29628,4836,169,24792,6.100629,85693,2910
nasa2910,p8_g1_l20,GreedyRecomputerMask1,6196,29491,4686,166,24805,6.100629,85693,2910
nasa2910,p8_g1_l20,GreedyRecomputerMask3,6683,28765,4005,129,24760,6.100629,85693,2910
nasa2910,p8_g1_l20,GreedyRecomputerMask7,8586,28729,3968,128,24761,6.100629,85693,2910
nasa2910,p8_g1_l20,GreedyRecomputerMask2,6580,28681,3948,120,24733,6.100629,85693,2910
nasa2910,p8_g1_l20,GreedyRecomputerMask4,7398,29614,4822,169,24792,6.100629,85693,2910
nasa2910,p8_g1_l20,GreedyBspHC,5756,30756,5870,219,24886,6.100629,85693,2910
gyro_m,p8_g1_l20,GreedyRecomputerMask0,3392,28921,6404,224,22517,18.647691,161535,17361
gyro_m,p8_g1_l20,GreedyRecomputerMask1,3551,28912,6395,224,22517,18.647691,161535,17361
gyro_m,p8_g1_l20,GreedyRecomputerMask3,4758,28296,5353,164,22943,18.647691,161535,17361
gyro_m,p8_g1_l20,GreedyRecomputerMask7,11521,28244,5313,164,22931,18.647691,161535,17361
gyro_m,p8_g1_l20,GreedyRecomputerMask2,4680,28315,5372,164,22943,18.647691,161535,17361
gyro_m,p8_g1_l20,GreedyRecomputerMask4,5526,28918,6401,224,22517,18.647691,161535,17361
gyro_m,p8_g1_l20,GreedyBspHC,3023,29730,7194,237,22536,18.647691,161535,17361
instance_kNN_N55_K14_nzP0d15,p8_g16_l20,GreedyRecomputerMask0,843,16879,14600,23,2279,247.892857,17244,6941
instance_kNN_N55_K14_nzP0d15,p8_g16_l20,GreedyRecomputerMask1,1048,13730,11272,23,2458,247.892857,17244,6941
instance_kNN_N55_K14_nzP0d15,p8_g16_l20,GreedyRecomputerMask3,1270,13056,10248,19,2808,247.892857,17244,6941
instance_kNN_N55_K14_nzP0d15,p8_g16_l20,GreedyRecomputerMask7,1906,13056,10248,19,2808,247.892857,17244,6941
instance_kNN_N55_K14_nzP0d15,p8_g16_l20,GreedyRecomputerMask2,1143,13682,8684,16,4998,247.892857,17244,6941
instance_kNN_N55_K14_nzP0d15,p8_g16_l20,GreedyRecomputerMask4,1309,16879,14600,23,2279,247.892857,17244,6941
instance_kNN_N55_K14_nzP0d15,p8_g16_l20,GreedyBspHC,740,18559,16280,23,2279,247.892857,17244,6941
instance_exp_N30_K8_nzP0d15,p8_g16_l20,GreedyRecomputerMask0,115,3628,3204,14,424,87.187500,3024,1395
instance_exp_N30_K8_nzP0d15,p8_g16_l20,GreedyRecomputerMask1,132,2796,2324,14,472,87.187500,3024,1395
instance_exp_N30_K8_nzP0d15,p8_g16_l20,GreedyRecomputerMask3,173,2558,2044,12,514,87.187500,3024,1395
instance_exp_N30_K8_nzP0d15,p8_g16_l20,GreedyRecomputerMask7,290,2558,2044,12,514,87.187500,3024,1395
instance_exp_N30_K8_nzP0d15,p8_g16_l20,GreedyRecomputerMask2,153,2713,1360,9,1353,87.187500,3024,1395
instance_exp_N30_K8_nzP0d15,p8_g16_l20,GreedyRecomputerMask4,197,3628,3204,14,424,87.187500,3024,1395
instance_exp_N30_K8_nzP0d15,p8_g16_l20,GreedyBspHC,97,3948,3524,14,424,87.187500,3024,1395
instance_kNN_N100_K50_nzP0d1,p8_g16_l20,GreedyRecomputerMask0,4528,115484,96140,72,19344,565.210000,151731,56521
instance_kNN_N100_K50_nzP0d1,p8_g16_l20,GreedyRecomputerMask1,6392,105732,85804,72,19928,565.210000,151731,56521
instance_kNN_N100_K50_nzP0d1,p8_g16_l20,GreedyRecomputerMask3,8520,104564,84156,68,20408,565.210000,151731,56521
instance_kNN_N100_K50_nzP0d1,p8_g16_l20,GreedyRecomputerMask7,14263,104564,84156,68,20408,565.210000,151731,56521
instance_kNN_N100_K50_nzP0d1,p8_g16_l20,GreedyRecomputerMask2,7384,111924,91916,68,20008,565.210000,151731,56521
instance_kNN_N100_K50_nzP0d1,p8_g16_l20,GreedyRecomputerMask4,8604,115484,96140,72,19344,565.210000,151731,56521
instance_kNN_N100_K50_nzP0d1,p8_g16_l20,GreedyBspHC,3617,123878,104540,72,19338,565.210000,151731,56521
msc10848,p8_g16_l20,GreedyRecomputerMask0,3970,144713,46944,41,97769,18.386441,609465,10848
msc10848,p8_g16_l20,GreedyRecomputerMask1,7313,137899,38608,41,99291,18.386441,609465,10848
msc10848,p8_g16_l20,GreedyRecomputerMask3,9634,137878,38588,40,99290,18.386441,609465,10848
msc10848,p8_g16_l20,GreedyRecomputerMask7,23603,137878,38588,40,99290,18.386441,609465,10848
msc10848,p8_g16_l20,GreedyRecomputerMask2,5459,144692,46924,40,97768,18.386441,609465,10848
msc10848,p8_g16_l20,GreedyRecomputerMask4,11114,144713,46944,41,97769,18.386441,609465,10848
msc10848,p8_g16_l20,GreedyBspHC,1952,161258,63460,45,97798,18.386441,609465,10848
plants.psdd,p8_g16_l20,GreedyRecomputerMask0,3375,63232,55184,13,8048,3341.473684,167486,63488
plants.psdd,p8_g16_l20,GreedyRecomputerMask1,8038,54909,46400,13,8509,3341.473684,167486,63488
plants.psdd,p8_g16_l20,GreedyRecomputerMask3,10793,35781,13784,7,21997,3341.473684,167486,63488
plants.psdd,p8_g16_l20,GreedyRecomputerMask7,19302,35781,13784,7,21997,3341.473684,167486,63488
plants.psdd,p8_g16_l20,GreedyRecomputerMask2,6340,36496,14492,8,22004,3341.473684,167486,63488
plants.psdd,p8_g16_l20,GreedyRecomputerMask4,7948,63232,55184,13,8048,3341.473684,167486,63488
plants.psdd,p8_g16_l20,GreedyBspHC,2559,63631,55584,13,8047,3341.473684,167486,63488
cvxbqp1,p8_g16_l20,GreedyRecomputerMask0,3707,84179,65340,12,18839,2083.333333,149984,50000
cvxbqp1,p8_g16_l20,GreedyRecomputerMask1,30741,65023,45356,12,19667,2083.333333,149984,50000
cvxbqp1,p8_g16_l20,GreedyRecomputerMask3,31356,35031,0,1,35031,2083.333333,149984,50000
cvxbqp1,p8_g16_l20,GreedyRecomputerMask7,36376,35029,0,1,35029,2083.333333,149984,50000
cvxbqp1,p8_g16_l20,GreedyRecomputerMask2,5097,35059,0,1,35059,2083.333333,149984,50000
cvxbqp1,p8_g16_l20,GreedyRecomputerMask4,8422,84179,65340,12,18839,2083.333333,149984,50000
cvxbqp1,p8_g16_l20,GreedyBspHC,2950,84867,66028,12,18839,2083.333333,149984,50000
asia.uai.psdd,p8_g16_l20,GreedyRecomputerMask0,3,236,224,5,12,8.600000,62,43
asia.uai.psdd,p8_g16_l20,GreedyRecomputerMask1,4,171,156,4,15,8.600000,62,43
asia.uai.psdd,p8_g16_l20,GreedyRecomputerMask3,4,42,0,1,42,8.600000,62,43
asia.uai.psdd,p8_g16_l20,GreedyRecomputerMask7,7,42,0,1,42,8.600000,62,43
asia.uai.psdd,p8_g16_l20,GreedyRecomputerMask2,4,42,0,1,42,8.600000,62,43
asia.uai.psdd,p8_g16_l20,GreedyRecomputerMask4,6,236,224,5,12,8.600000,62,43
asia.uai.psdd,p8_g16_l20,GreedyBspHC,2,267,256,5,11,8.600000,62,43
2cubes_sphere,p8_g16_l20,GreedyRecomputerMask0,910712,883470,688244,7678,195226,7.083473,772886,101492
2cubes_sphere,p8_g16_l20,GreedyRecomputerMask1,928449,863235,665024,7677,198211,7.083473,772886,101492
2cubes_sphere,p8_g16_l20,GreedyRecomputerMask3,940804,856546,657896,7331,198650,7.083473,772886,101492
2cubes_sphere,p8_g16_l20,GreedyRecomputerMask7,970395,856472,657696,7329,198776,7.083473,772886,101492
2cubes_sphere,p8_g16_l20,GreedyRecomputerMask2,917780,876957,680648,7327,196309,7.083473,772886,101492
2cubes_sphere,p8_g16_l20,GreedyRecomputerMask4,926821,883434,688180,7674,195254,7.083473,772886,101492
2cubes_sphere,p8_g16_l20,GreedyBspHC,903469,1154160,959032,7967,195128,7.083473,772886,101492
instance_CG_N21_K5_nzP0d3,p8_g16_l20,GreedyRecomputerMask0,207,7083,6332,32,751,32.000000,3996,1888
instance_CG_N21_K5_nzP0d3,p8_g16_l20,GreedyRecomputerMask1,220,6693,5916,32,777,32.000000,3996,1888
instance_CG_N21_K5_nzP0d3,p8_g16_l20,GreedyRecomputerMask3,278,6473,5636,30,837,32.000000,3996,1888
instance_CG_N21_K5_nzP0d3,p8_g16_l20,GreedyRecomputerMask7,434,6432,5572,30,860,32.000000,3996,1888
instance_CG_N21_K5_nzP0d3,p8_g16_l20,GreedyRecomputerMask2,270,6600,5764,30,836,32.000000,3996,1888
instance_CG_N21_K5_nzP0d3,p8_g16_l20,GreedyRecomputerMask4,311,7042,6268,32,774,32.000000,3996,1888
instance_CG_N21_K5_nzP0d3,p8_g16_l20,GreedyBspHC,185,7503,6752,35,751,32.000000,3996,1888
msnbc-yitao-d.psdd,p8_g16_l20,GreedyRecomputerMask0,356,8045,7508,6,537,848.000000,6908,4240
msnbc-yitao-d.psdd,p8_g16_l20,GreedyRecomputerMask1,596,5235,4516,6,719,848.000000,6908,4240
msnbc-yitao-d.psdd,p8_g16_l20,GreedyRecomputerMask3,663,3047,1512,3,1535,848.000000,6908,4240
msnbc-yitao-d.psdd,p8_g16_l20,GreedyRecomputerMask7,956,3047,1512,3,1535,848.000000,6908,4240
msnbc-yitao-d.psdd,p8_g16_l20,GreedyRecomputerMask2,436,3050,1512,3,1538,848.000000,6908,4240
msnbc-yitao-d.psdd,p8_g16_l20,GreedyRecomputerMask4,482,8045,7508,6,537,848.000000,6908,4240
msnbc-yitao-d.psdd,p8_g16_l20,GreedyBspHC,306,8045,7508,6,537,848.000000,6908,4240
smt,p8_g16_l20,GreedyRecomputerMask0,91005,651432,210432,745,441000,5.519536,1863737,25710
smt,p8_g16_l20,GreedyRecomputerMask1,96424,647720,205856,745,441864,5.519536,1863737,25710
smt,p8_g16_l20,GreedyRecomputerMask3,106456,644286,202336,697,441950,5.519536,1863737,25710
smt,p8_g16_l20,GreedyRecomputerMask7,147848,644198,202248,695,441950,5.519536,1863737,25710
smt,p8_g16_l20,GreedyRecomputerMask2,102302,647727,206708,694,441019,5.519536,1863737,25710
smt,p8_g16_l20,GreedyRecomputerMask4,117453,649727,208568,739,441159,5.519536,1863737,25710
smt,p8_g16_l20,GreedyBspHC,83364,809881,368420,853,441461,5.519536,1863737,25710
c20ng.psdd,p8_g16_l20,GreedyRecomputerMask0,2126,32084,28836,14,3248,626.731707,56622,25696
c20ng.psdd,p8_g16_l20,GreedyRecomputerMask1,5059,22127,18212,14,3915,626.731707,56622,25696
c20ng.psdd,p8_g16_l20,GreedyRecomputerMask3,5938,13168,4100,10,9068,626.731707,56622,25696
c20ng.psdd,p8_g16_l20,GreedyRecomputerMask7,9166,13168,4100,10,9068,626.731707,56622,25696
c20ng.psdd,p8_g16_l20,GreedyRecomputerMask2,3075,13750,4692,10,9058,626.731707,56622,25696
c20ng.psdd,p8_g16_l20,GreedyRecomputerMask4,4060,32084,28836,14,3248,626.731707,56622,25696
c20ng.psdd,p8_g16_l20,GreedyBspHC,1790,33842,30596,14,3246,626.731707,56622,25696
instance_hpcg,p8_g16_l20,GreedyRecomputerMask0,16160,523517,459656,6255,63861,8.626276,193610,72685
instance_hpcg,p8_g16_l20,GreedyRecomputerMask1,155482,367675,240852,6246,126823,8.626276,193610,72685
instance_hpcg,p8_g16_l20,GreedyRecomputerMask3,171663,191538,34716,664,156822,8.626276,193610,72685
instance_hpcg,p8_g16_l20,GreedyRecomputerMask7,209516,191352,34492,664,156860,8.626276,193610,72685
instance_hpcg,p8_g16_l20,GreedyRecomputerMask2,59394,204320,51124,494,153196,8.626276,193610,72685
instance_hpcg,p8_g16_l20,GreedyRecomputerMask4,22165,523452,459576,6255,63876,8.626276,193610,72685
instance_hpcg,p8_g16_l20,GreedyBspHC,14656,585140,541384,6256,43756,8.626276,193610,72685
instance_CG_N17_K8_nzP0d25,p8_g16_l20,GreedyRecomputerMask0,247,8681,7816,51,865,20.800000,4134,1976
instance_CG_N17_K8_nzP0d25,p8_g16_l20,GreedyRecomputerMask1,258,8405,7524,50,881,20.800000,4134,1976
instance_CG_N17_K8_nzP0d25,p8_g16_l20,GreedyRecomputerMask3,319,8212,7300,46,912,20.800000,4134,1976
instance_CG_N17_K8_nzP0d25,p8_g16_l20,GreedyRecomputerMask7,478,8067,7092,46,975,20.800000,4134,1976
instance_CG_N17_K8_nzP0d25,p8_g16_l20,GreedyRecomputerMask2,342,8290,7376,45,914,20.800000,4134,1976
instance_CG_N17_K8_nzP0d25,p8_g16_l20,GreedyRecomputerMask4,353,8539,7608,51,931,20.800000,4134,1976
instance_CG_N17_K8_nzP0d25,p8_g16_l20,GreedyBspHC,226,9273,8408,56,865,20.800000,4134,1976
kdd-6k.psdd,p8_g16_l20,GreedyRecomputerMask0,170,4648,4296,11,352,134.300000,6527,2686
kdd-6k.psdd,p8_g16_l20,GreedyRecomputerMask1,211,3731,3320,11,411,134.300000,6527,2686
kdd-6k.psdd,p8_g16_l20,GreedyRecomputerMask3,320,2579,960,5,1619,134.300000,6527,2686
kdd-6k.psdd,p8_g16_l20,GreedyRecomputerMask7,586,2579,960,5,1619,134.300000,6527,2686
kdd-6k.psdd,p8_g16_l20,GreedyRecomputerMask2,290,2596,976,5,1620,134.300000,6527,2686
kdd-6k.psdd,p8_g16_l20,GreedyRecomputerMask4,335,4648,4296,11,352,134.300000,6527,2686
kdd-6k.psdd,p8_g16_l20,GreedyBspHC,137,5256,4904,11,352,134.300000,6527,2686
instance_spmv_N300_nzP0d3,p8_g16_l20,GreedyRecomputerMask0,4184,65011,51512,3,13499,27150.000000,80550,54300
instance_spmv_N300_nzP0d3,p8_g16_l20,GreedyRecomputerMask1,5273,61441,47704,3,13737,27150.000000,80550,54300
instance_spmv_N300_nzP0d3,p8_g16_l20,GreedyRecomputerMask3,6009,22617,0,1,22617,27150.000000,80550,54300
instance_spmv_N300_nzP0d3,p8_g16_l20,GreedyRecomputerMask7,9846,22617,0,1,22617,27150.000000,80550,54300
instance_spmv_N300_nzP0d3,p8_g16_l20,GreedyRecomputerMask2,5201,22617,0,1,22617,27150.000000,80550,54300
instance_spmv_N300_nzP0d3,p8_g16_l20,GreedyRecomputerMask4,6045,65011,51512,3,13499,27150.000000,80550,54300
instance_spmv_N300_nzP0d3,p8_g16_l20,GreedyBspHC,3570,65347,51848,3,13499,27150.000000,80550,54300
instance_exp_N70_K5_nzP0d18,p8_g16_l20,GreedyRecomputerMask0,492,14737,12992,9,1745,555.000000,12825,5550
instance_exp_N70_K5_nzP0d18,p8_g16_l20,GreedyRecomputerMask1,964,10029,7968,9,2061,555.000000,12825,5550
instance_exp_N70_K5_nzP0d18,p8_g16_l20,GreedyRecomputerMask3,1137,8914,6648,7,2266,555.000000,12825,5550
instance_exp_N70_K5_nzP0d18,p8_g16_l20,GreedyRecomputerMask7,1677,8914,6648,7,2266,555.000000,12825,5550
instance_exp_N70_K5_nzP0d18,p8_g16_l20,GreedyRecomputerMask2,745,11380,9240,7,2140,555.000000,12825,5550
instance_exp_N70_K5_nzP0d18,p8_g16_l20,GreedyRecomputerMask4,891,14737,12992,9,1745,555.000000,12825,5550
instance_exp_N70_K5_nzP0d18,p8_g16_l20,GreedyBspHC,410,15057,13312,9,1745,555.000000,12825,5550
asia-bdd.psdd,p8_g16_l20,GreedyRecomputerMask0,4,311,292,6,19,7.142857,104,50
asia-bdd.psdd,p8_g16_l20,GreedyRecomputerMask1,4,214,192,5,22,7.142857,104,50
asia-bdd.psdd,p8_g16_l20,GreedyRecomputerMask3,5,49,0,1,49,7.142857,104,50
asia-bdd.psdd,p8_g16_l20,GreedyRecomputerMask7,8,49,0,1,49,7.142857,104,50
asia-bdd.psdd,p8_g16_l20,GreedyRecomputerMask2,5,49,0,1,49,7.142857,104,50
asia-bdd.psdd,p8_g16_l20,GreedyRecomputerMask4,5,311,292,6,19,7.142857,104,50
asia-bdd.psdd,p8_g16_l20,GreedyBspHC,3,327,308,6,19,7.142857,104,50
instance_CG_N12_K10_nzP0d2,p8_g16_l20,GreedyRecomputerMask0,79,8046,7328,61,718,12.831933,3089,1527
instance_CG_N12_K10_nzP0d2,p8_g16_l20,GreedyRecomputerMask1,88,7924,7200,61,724,12.831933,3089,1527
instance_CG_N12_K10_nzP0d2,p8_g16_l20,GreedyRecomputerMask3,160,2835,0,1,2835,12.831933,3089,1527
instance_CG_N12_K10_nzP0d2,p8_g16_l20,GreedyRecomputerMask7,244,2860,0,1,2860,12.831933,3089,1527
instance_CG_N12_K10_nzP0d2,p8_g16_l20,GreedyRecomputerMask2,158,2835,0,1,2835,12.831933,3089,1527
instance_CG_N12_K10_nzP0d2,p8_g16_l20,GreedyRecomputerMask4,206,7806,6864,61,942,12.831933,3089,1527
instance_CG_N12_K10_nzP0d2,p8_g16_l20,GreedyBspHC,64,8546,7828,62,718,12.831933,3089,1527
instance_bicgstab_gyro_m,p8_g16_l20,GreedyRecomputerMask0,777599,257568,216936,3167,40632,4.970294,80373,50195
instance_bicgstab_gyro_m,p8_g16_l20,GreedyRecomputerMask1,778397,256640,216008,3167,40632,4.970294,80373,50195
instance_bicgstab_gyro_m,p8_g16_l20,GreedyRecomputerMask3,785766,167612,119568,1333,48044,4.970294,80373,50195
instance_bicgstab_gyro_m,p8_g16_l20,GreedyRecomputerMask7,797167,155467,96732,1268,58735,4.970294,80373,50195
instance_bicgstab_gyro_m,p8_g16_l20,GreedyRecomputerMask2,780869,201486,153492,1382,47994,4.970294,80373,50195
instance_bicgstab_gyro_m,p8_g16_l20,GreedyRecomputerMask4,782083,216432,175800,3167,40632,4.970294,80373,50195
instance_bicgstab_gyro_m,p8_g16_l20,GreedyBspHC,776184,284088,243456,4055,40632,4.970294,80373,50195
instance_CG_N24_K22_nzP0d2,p8_g16_l20,GreedyRecomputerMask0,494,30687,27452,140,3235,28.072243,16145,7383
instance_CG_N24_K22_nzP0d2,p8_g16_l20,GreedyRecomputerMask1,535,30218,26940,140,3278,28.072243,16145,7383
instance_CG_N24_K22_nzP0d2,p8_g16_l20,GreedyRecomputerMask3,778,29690,26348,124,3342,28.072243,16145,7383
instance_CG_N24_K22_nzP0d2,p8_g16_l20,GreedyRecomputerMask7,1364,29187,25580,124,3607,28.072243,16145,7383
instance_CG_N24_K22_nzP0d2,p8_g16_l20,GreedyRecomputerMask2,756,29895,26572,124,3323,28.072243,16145,7383
instance_CG_N24_K22_nzP0d2,p8_g16_l20,GreedyRecomputerMask4,1129,30118,26588,140,3530,28.072243,16145,7383
instance_CG_N24_K22_nzP0d2,p8_g16_l20,GreedyBspHC,404,32971,29736,151,3235,28.072243,16145,7383
instance_exp_N30_K10_nzP0d18,p8_g16_l20,GreedyRecomputerMask0,186,5034,4428,16,606,97.500000,4443,1950
instance_exp_N30_K10_nzP0d18,p8_g16_l20,GreedyRecomputerMask1,211,3976,3308,16,668,97.500000,4443,1950
instance_exp_N30_K10_nzP0d18,p8_g16_l20,GreedyRecomputerMask3,279,3712,2996,14,716,97.500000,4443,1950
instance_exp_N30_K10_nzP0d18,p8_g16_l20,GreedyRecomputerMask7,438,3712,2996,14,716,97.500000,4443,1950
instance_exp_N30_K10_nzP0d18,p8_g16_l20,GreedyRecomputerMask2,244,3868,1648,9,2220,97.500000,4443,1950
instance_exp_N30_K10_nzP0d18,p8_g16_l20,GreedyRecomputerMask4,239,5034,4428,16,606,97.500000,4443,1950
instance_exp_N30_K10_nzP0d18,p8_g16_l20,GreedyBspHC,158,5530,4924,16,606,97.500000,4443,1950
msnbc-yitao-b.psdd,p8_g16_l20,GreedyRecomputerMask0,736,10919,10084,6,835,1318.000000,8870,6590
msnbc-yitao-b.psdd,p8_g16_l20,GreedyRecomputerMask1,1413,6434,5300,6,1134,1318.000000,8870,6590
msnbc-yitao-b.psdd,p8_g16_l20,GreedyRecomputerMask3,1513,3807,1464,3,2343,1318.000000,8870,6590
msnbc-yitao-b.psdd,p8_g16_l20,GreedyRecomputerMask7,1977,3807,1464,3,2343,1318.000000,8870,6590
msnbc-yitao-b.psdd,p8_g16_l20,GreedyRecomputerMask2,863,3807,1464,3,2343,1318.000000,8870,6590
msnbc-yitao-b.psdd,p8_g16_l20,GreedyRecomputerMask4,1158,10919,10084,6,835,1318.000000,8870,6590
msnbc-yitao-b.psdd,p8_g16_l20,GreedyBspHC,668,10983,10148,6,835,1318.000000,8870,6590
nltcs.psdd,p8_g16_l20,GreedyRecomputerMask0,243,8175,7576,7,599,584.500000,10592,4676
nltcs.psdd,p8_g16_l20,GreedyRecomputerMask1,363,6919,6248,7,671,584.500000,10592,4676
nltcs.psdd,p8_g16_l20,GreedyRecomputerMask3,452,4675,0,1,4675,584.500000,10592,4676
nltcs.psdd,p8_g16_l20,GreedyRecomputerMask7,843,4675,0,1,4675,584.500000,10592,4676
nltcs.psdd,p8_g16_l20,GreedyRecomputerMask2,354,4675,0,1,4675,584.500000,10592,4676
nltcs.psdd,p8_g16_l20,GreedyRecomputerMask4,378,8175,7576,7,599,584.500000,10592,4676
nltcs.psdd,p8_g16_l20,GreedyBspHC,195,8239,7640,7,599,584.500000,10592,4676
bodyy4,p8_g16_l20,GreedyRecomputerMask0,1288,32365,24768,105,7597,25.209770,52196,17546
bodyy4,p8_g16_l20,GreedyRecomputerMask1,1372,32334,24736,105,7598,25.209770,52196,17546
bodyy4,p8_g16_l20,GreedyRecomputerMask3,2326,31818,24104,87,7714,25.209770,52196,17546
bodyy4,p8_g16_l20,GreedyRecomputerMask7,4880,31652,23792,85,7860,25.209770,52196,17546
bodyy4,p8_g16_l20,GreedyRecomputerMask2,2251,31834,24120,87,7714,25.209770,52196,17546
bodyy4,p8_g16_l20,GreedyRecomputerMask4,2382,32211,24576,101,7635,25.209770,52196,17546
bodyy4,p8_g16_l20,GreedyBspHC,1135,38090,30496,107,7594,25.209770,52196,17546
msnbc-yitao-a.psdd,p8_g16_l20,GreedyRecomputerMask0,544,11229,10388,6,841,1336.400000,8926,6682
msnbc-yitao-a.psdd,p8_g16_l20,GreedyRecomputerMask1,1230,6728,5588,6,1140,1336.400000,8926,6682
msnbc-yitao-a.psdd,p8_g16_l20,GreedyRecomputerMask3,1327,3858,1560,3,2298,1336.400000,8926,6682
msnbc-yitao-a.psdd,p8_g16_l20,GreedyRecomputerMask7,1793,3858,1560,3,2298,1336.400000,8926,6682
msnbc-yitao-a.psdd,p8_g16_l20,GreedyRecomputerMask2,672,3858,1560,3,2298,1336.400000,8926,6682
msnbc-yitao-a.psdd,p8_g16_l20,GreedyRecomputerMask4,745,11229,10388,6,841,1336.400000,8926,6682
msnbc-yitao-a.psdd,p8_g16_l20,GreedyBspHC,480,11245,10404,6,841,1336.400000,8926,6682
simple2.2.psdd,p8_g16_l20,GreedyRecomputerMask0,0,4,0,1,4,7.000000,3,7
simple2.2.psdd,p8_g16_l20,GreedyRecomputerMask1,0,4,0,1,4,7.000000,3,7
simple2.2.psdd,p8_g16_l20,GreedyRecomputerMask3,0,4,0,1,4,7.000000,3,7
simple2.2.psdd,p8_g16_l20,GreedyRecomputerMask7,0,4,0,1,4,7.000000,3,7
simple2.2.psdd,p8_g16_l20,GreedyRecomputerMask2,0,4,0,1,4,7.000000,3,7
simple2.2.psdd,p8_g16_l20,GreedyRecomputerMask4,0,4,0,1,4,7.000000,3,7
simple2.2.psdd,p8_g16_l20,GreedyBspHC,0,4,0,1,4,7.000000,3,7
simple2.3.psdd,p8_g16_l20,GreedyRecomputerMask0,0,4,0,1,4,7.000000,3,7
simple2.3.psdd,p8_g16_l20,GreedyRecomputerMask1,0,4,0,1,4,7.000000,3,7
simple2.3.psdd,p8_g16_l20,GreedyRecomputerMask3,0,4,0,1,4,7.000000,3,7
simple2.3.psdd,p8_g16_l20,GreedyRecomputerMask7,0,4,0,1,4,7.000000,3,7
simple2.3.psdd,p8_g16_l20,GreedyRecomputerMask2,0,4,0,1,4,7.000000,3,7
simple2.3.psdd,p8_g16_l20,GreedyRecomputerMask4,0,4,0,1,4,7.000000,3,7
simple2.3.psdd,p8_g16_l20,GreedyBspHC,0,4,0,1,4,7.000000,3,7
bcsstk38,p8_g16_l20,GreedyRecomputerMask0,12439,119677,54384,329,65293,3.681027,173714,8032
bcsstk38,p8_g16_l20,GreedyRecomputerMask1,12691,118646,52896,329,65750,3.681027,173714,8032
bcsstk38,p8_g16_l20,GreedyRecomputerMask3,13919,117615,51748,298,65867,3.681027,173714,8032
bcsstk38,p8_g16_l20,GreedyRecomputerMask7,18794,117330,51344,297,65986,3.681027,173714,8032
bcsstk38,p8_g16_l20,GreedyRecomputerMask2,13796,118423,52940,296,65483,3.681027,173714,8032
bcsstk38,p8_g16_l20,GreedyRecomputerMask4,14423,119671,54368,329,65303,3.681027,173714,8032
bcsstk38,p8_g16_l20,GreedyBspHC,11936,146852,82144,411,64708,3.681027,173714,8032
bnetflix.psdd,p8_g16_l20,GreedyRecomputerMask0,1011,18336,16380,12,1956,730.476190,40736,15340
bnetflix.psdd,p8_g16_l20,GreedyRecomputerMask1,1406,15706,13596,12,2110,730.476190,40736,15340
bnetflix.psdd,p8_g16_l20,GreedyRecomputerMask3,2031,9823,3284,6,6539,730.476190,40736,15340
bnetflix.psdd,p8_g16_l20,GreedyRecomputerMask7,3832,9928,3396,6,6532,730.476190,40736,15340
bnetflix.psdd,p8_g16_l20,GreedyRecomputerMask2,1681,10511,3988,6,6523,730.476190,40736,15340
bnetflix.psdd,p8_g16_l20,GreedyRecomputerMask4,1514,18336,16380,12,1956,730.476190,40736,15340
bnetflix.psdd,p8_g16_l20,GreedyBspHC,808,20432,18476,12,1956,730.476190,40736,15340
cr52.psdd,p8_g16_l20,GreedyRecomputerMask0,1677,27743,24920,15,2823,543.780488,46968,22295
cr52.psdd,p8_g16_l20,GreedyRecomputerMask1,4456,18215,14760,15,3455,543.780488,46968,22295
cr52.psdd,p8_g16_l20,GreedyRecomputerMask3,5147,11143,2664,11,8479,543.780488,46968,22295
cr52.psdd,p8_g16_l20,GreedyRecomputerMask7,7884,11141,2664,11,8477,543.780488,46968,22295
cr52.psdd,p8_g16_l20,GreedyRecomputerMask2,2491,11531,3048,11,8483,543.780488,46968,22295
cr52.psdd,p8_g16_l20,GreedyRecomputerMask4,3305,27743,24920,15,2823,543.780488,46968,22295
cr52.psdd,p8_g16_l20,GreedyBspHC,1417,28911,26088,15,2823,543.780488,46968,22295
bcsstk23,p8_g16_l20,GreedyRecomputerMask0,463,15199,11992,55,3207,25.274194,21022,3134
bcsstk23,p8_g16_l20,GreedyRecomputerMask1,490,15065,11848,55,3217,25.274194,21022,3134
bcsstk23,p8_g16_l20,GreedyRecomputerMask3,652,14856,11580,52,3276,25.274194,21022,3134
bcsstk23,p8_g16_l20,GreedyRecomputerMask7,1111,14838,11564,52,3274,25.274194,21022,3134
bcsstk23,p8_g16_l20,GreedyRecomputerMask2,639,15006,11740,52,3266,25.274194,21022,3134
bcsstk23,p8_g16_l20,GreedyRecomputerMask4,616,15199,11992,55,3207,25.274194,21022,3134
bcsstk23,p8_g16_l20,GreedyBspHC,385,18127,14920,57,3207,25.274194,21022,3134
instance_kNN_N70_K7_nzP0d16,p8_g16_l20,GreedyRecomputerMask0,681,13300,11656,11,1644,373.428571,11991,5228
instance_kNN_N70_K7_nzP0d16,p8_g16_l20,GreedyRecomputerMask1,994,9690,7800,11,1890,373.428571,11991,5228
instance_kNN_N70_K7_nzP0d16,p8_g16_l20,GreedyRecomputerMask3,1145,8680,5864,7,2816,373.428571,11991,5228
instance_kNN_N70_K7_nzP0d16,p8_g16_l20,GreedyRecomputerMask7,1651,8680,5864,7,2816,373.428571,11991,5228
instance_kNN_N70_K7_nzP0d16,p8_g16_l20,GreedyRecomputerMask2,889,10168,1544,3,8624,373.428571,11991,5228
instance_kNN_N70_K7_nzP0d16,p8_g16_l20,GreedyRecomputerMask4,1046,13300,11656,11,1644,373.428571,11991,5228
instance_kNN_N70_K7_nzP0d16,p8_g16_l20,GreedyBspHC,603,14100,12456,11,1644,373.428571,11991,5228
exp-D15-N1000-C4.psdd,p8_g16_l20,GreedyRecomputerMask0,2,148,140,4,8,7.500000,28,30
exp-D15-N1000-C4.psdd,p8_g16_l20,GreedyRecomputerMask1,2,113,104,3,9,7.500000,28,30
exp-D15-N1000-C4.psdd,p8_g16_l20,GreedyRecomputerMask3,3,30,0,1,30,7.500000,28,30
exp-D15-N1000-C4.psdd,p8_g16_l20,GreedyRecomputerMask7,4,30,0,1,30,7.500000,28,30
exp-D15-N1000-C4.psdd,p8_g16_l20,GreedyRecomputerMask2,3,30,0,1,30,7.500000,28,30
exp-D15-N1000-C4.psdd,p8_g16_l20,GreedyRecomputerMask4,3,148,140,4,8,7.500000,28,30
exp-D15-N1000-C4.psdd,p8_g16_l20,GreedyBspHC,2,148,140,4,8,7.500000,28,30
cwebkb.psdd,p8_g16_l20,GreedyRecomputerMask0,1687,27820,24940,16,2880,633.916667,50251,22821
cwebkb.psdd,p8_g16_l20,GreedyRecomputerMask1,4078,19259,15820,16,3439,633.916667,50251,22821
cwebkb.psdd,p8_g16_l20,GreedyRecomputerMask3,4871,11088,3284,10,7804,633.916667,50251,22821
cwebkb.psdd,p8_g16_l20,GreedyRecomputerMask7,7802,11074,3268,10,7806,633.916667,50251,22821
cwebkb.psdd,p8_g16_l20,GreedyRecomputerMask2,2574,11264,3476,10,7788,633.916667,50251,22821
cwebkb.psdd,p8_g16_l20,GreedyRecomputerMask4,3402,27820,24940,16,2880,633.916667,50251,22821
cwebkb.psdd,p8_g16_l20,GreedyBspHC,1405,29436,26556,16,2880,633.916667,50251,22821
instance_exp_N50_K12_nzP0d15,p8_g16_l20,GreedyRecomputerMask0,578,13473,11720,19,1753,226.416667,13248,5434
instance_exp_N50_K12_nzP0d15,p8_g16_l20,GreedyRecomputerMask1,748,10367,8440,19,1927,226.416667,13248,5434
instance_exp_N50_K12_nzP0d15,p8_g16_l20,GreedyRecomputerMask3,910,9870,7840,17,2030,226.416667,13248,5434
instance_exp_N50_K12_nzP0d15,p8_g16_l20,GreedyRecomputerMask7,1406,9870,7840,17,2030,226.416667,13248,5434
instance_exp_N50_K12_nzP0d15,p8_g16_l20,GreedyRecomputerMask2,823,10655,5580,12,5075,226.416667,13248,5434
instance_exp_N50_K12_nzP0d15,p8_g16_l20,GreedyRecomputerMask4,935,13473,11720,19,1753,226.416667,13248,5434
instance_exp_N50_K12_nzP0d15,p8_g16_l20,GreedyBspHC,496,14561,12808,19,1753,226.416667,13248,5434
msc23052,p8_g16_l20,GreedyRecomputerMask0,3581,121568,47360,9,74208,120.691099,565881,23052
msc23052,p8_g16_l20,GreedyRecomputerMask1,19593,104964,24880,9,80084,120.691099,565881,23052
msc23052,p8_g16_l20,GreedyRecomputerMask3,22952,104706,24524,8,80182,120.691099,565881,23052
msc23052,p8_g16_l20,GreedyRecomputerMask7,43324,104706,24524,8,80182,120.691099,565881,23052
msc23052,p8_g16_l20,GreedyRecomputerMask2,6466,115782,37064,7,78718,120.691099,565881,23052
msc23052,p8_g16_l20,GreedyRecomputerMask4,11936,121568,47360,9,74208,120.691099,565881,23052
msc23052,p8_g16_l20,GreedyBspHC,1719,125298,51112,12,74186,120.691099,565881,23052
instance_CG_N12_K6_nzP0d3,p8_g16_l20,GreedyRecomputerMask0,81,5361,4900,38,461,15.028169,2179,1067
instance_CG_N12_K6_nzP0d3,p8_g16_l20,GreedyRecomputerMask1,86,5209,4740,38,469,15.028169,2179,1067
instance_CG_N12_K6_nzP0d3,p8_g16_l20,GreedyRecomputerMask3,123,2040,0,1,2040,15.028169,2179,1067
instance_CG_N12_K6_nzP0d3,p8_g16_l20,GreedyRecomputerMask7,153,2040,0,1,2040,15.028169,2179,1067
instance_CG_N12_K6_nzP0d3,p8_g16_l20,GreedyRecomputerMask2,156,2038,0,1,2038,15.028169,2179,1067
instance_CG_N12_K6_nzP0d3,p8_g16_l20,GreedyRecomputerMask4,327,5145,4596,38,549,15.028169,2179,1067
instance_CG_N12_K6_nzP0d3,p8_g16_l20,GreedyBspHC,67,5683,5224,39,459,15.028169,2179,1067
ship_001,p8_g16_l20,GreedyRecomputerMask0,46059,672174,216752,429,455422,7.117815,2304655,34920
ship_001,p8_g16_l20,GreedyRecomputerMask1,49201,670818,215152,429,455666,7.117815,2304655,34920
ship_001,p8_g16_l20,GreedyRecomputerMask3,55312,670519,215004,420,455515,7.117815,2304655,34920
ship_001,p8_g16_l20,GreedyRecomputerMask7,89626,670263,214556,420,455707,7.117815,2304655,34920
ship_001,p8_g16_l20,GreedyRecomputerMask2,54522,671588,216380,416,455208,7.117815,2304655,34920
ship_001,p8_g16_l20,GreedyRecomputerMask4,82453,671742,216128,429,455614,7.117815,2304655,34920
ship_001,p8_g16_l20,GreedyBspHC,38178,797145,341224,503,455921,7.117815,2304655,34920
instance_kNN_N50_K4_nzP0d18,p8_g16_l20,GreedyRecomputerMask0,119,3571,3144,7,427,192.625000,2763,1541
instance_kNN_N50_K4_nzP0d18,p8_g16_l20,GreedyRecomputerMask1,148,2642,2152,7,490,192.625000,2763,1541
instance_kNN_N50_K4_nzP0d18,p8_g16_l20,GreedyRecomputerMask3,196,1795,852,2,943,192.625000,2763,1541
instance_kNN_N50_K4_nzP0d18,p8_g16_l20,GreedyRecomputerMask7,330,1795,852,2,943,192.625000,2763,1541
instance_kNN_N50_K4_nzP0d18,p8_g16_l20,GreedyRecomputerMask2,158,1869,0,1,1869,192.625000,2763,1541
instance_kNN_N50_K4_nzP0d18,p8_g16_l20,GreedyRecomputerMask4,213,3571,3144,7,427,192.625000,2763,1541
instance_kNN_N50_K4_nzP0d18,p8_g16_l20,GreedyBspHC,99,3763,3336,7,427,192.625000,2763,1541
instance_spmv_N60_nzP0d15,p8_g16_l20,GreedyRecomputerMask0,81,1866,1592,3,274,585.000000,1575,1170
instance_spmv_N60_nzP0d15,p8_g16_l20,GreedyRecomputerMask1,97,1356,1048,3,308,585.000000,1575,1170
instance_spmv_N60_nzP0d15,p8_g16_l20,GreedyRecomputerMask3,110,490,0,1,490,585.000000,1575,1170
instance_spmv_N60_nzP0d15,p8_g16_l20,GreedyRecomputerMask7,172,490,0,1,490,585.000000,1575,1170
instance_spmv_N60_nzP0d15,p8_g16_l20,GreedyRecomputerMask2,99,490,0,1,490,585.000000,1575,1170
instance_spmv_N60_nzP0d15,p8_g16_l20,GreedyRecomputerMask4,111,1866,1592,3,274,585.000000,1575,1170
instance_spmv_N60_nzP0d15,p8_g16_l20,GreedyBspHC,72,1882,1608,3,274,585.000000,1575,1170
msnbc-yitao-e.psdd,p8_g16_l20,GreedyRecomputerMask0,613,9669,9012,6,657,1043.200000,8074,5216
msnbc-yitao-e.psdd,p8_g16_l20,GreedyRecomputerMask1,1004,6247,5364,6,883,1043.200000,8074,5216
msnbc-yitao-e.psdd,p8_g16_l20,GreedyRecomputerMask3,1087,3633,1800,3,1833,1043.200000,8074,5216
msnbc-yitao-e.psdd,p8_g16_l20,GreedyRecomputerMask7,1458,3633,1800,3,1833,1043.200000,8074,5216
msnbc-yitao-e.psdd,p8_g16_l20,GreedyRecomputerMask2,713,3633,1800,3,1833,1043.200000,8074,5216
msnbc-yitao-e.psdd,p8_g16_l20,GreedyRecomputerMask4,772,9669,9012,6,657,1043.200000,8074,5216
msnbc-yitao-e.psdd,p8_g16_l20,GreedyBspHC,552,9701,9044,6,657,1043.200000,8074,5216
instance_CG_N9_K9_nzP0d35,p8_g16_l20,GreedyRecomputerMask0,73,6501,5960,55,541,10.271028,2242,1099
instance_CG_N9_K9_nzP0d35,p8_g16_l20,GreedyRecomputerMask1,77,6426,5880,55,546,10.271028,2242,1099
instance_CG_N9_K9_nzP0d35,p8_g16_l20,GreedyRecomputerMask3,129,2171,0,1,2171,10.271028,2242,1099
instance_CG_N9_K9_nzP0d35,p8_g16_l20,GreedyRecomputerMask7,158,5545,4532,42,1013,10.271028,2242,1099
instance_CG_N9_K9_nzP0d35,p8_g16_l20,GreedyRecomputerMask2,128,2142,0,1,2142,10.271028,2242,1099
instance_CG_N9_K9_nzP0d35,p8_g16_l20,GreedyRecomputerMask4,131,6290,5560,55,730,10.271028,2242,1099
instance_CG_N9_K9_nzP0d35,p8_g16_l20,GreedyBspHC,61,6853,6312,55,541,10.271028,2242,1099
instance_exp_N55_K14_nzP0d15,p8_g16_l20,GreedyRecomputerMask0,684,17421,15060,22,2361,258.214286,17934,7230
instance_exp_N55_K14_nzP0d15,p8_g16_l20,GreedyRecomputerMask1,913,14076,11508,22,2568,258.214286,17934,7230
instance_exp_N55_K14_nzP0d15,p8_g16_l20,GreedyRecomputerMask3,1133,13430,10728,19,2702,258.214286,17934,7230
instance_exp_N55_K14_nzP0d15,p8_g16_l20,GreedyRecomputerMask7,1797,13430,10728,19,2702,258.214286,17934,7230
instance_exp_N55_K14_nzP0d15,p8_g16_l20,GreedyRecomputerMask2,994,15660,13080,19,2580,258.214286,17934,7230
instance_exp_N55_K14_nzP0d15,p8_g16_l20,GreedyRecomputerMask4,906,17421,15060,22,2361,258.214286,17934,7230
instance_exp_N55_K14_nzP0d15,p8_g16_l20,GreedyBspHC,585,18989,16628,22,2361,258.214286,17934,7230
tretail.psdd,p8_g16_l20,GreedyRecomputerMask0,177,5277,4904,11,373,141.100000,6382,2822
tretail.psdd,p8_g16_l20,GreedyRecomputerMask1,242,3851,3384,11,467,141.100000,6382,2822
tretail.psdd,p8_g16_l20,GreedyRecomputerMask3,329,2249,1144,7,1105,141.100000,6382,2822
tretail.psdd,p8_g16_l20,GreedyRecomputerMask7,631,2249,1144,7,1105,141.100000,6382,2822
tretail.psdd,p8_g16_l20,GreedyRecomputerMask2,276,2284,1176,7,1108,141.100000,6382,2822
tretail.psdd,p8_g16_l20,GreedyRecomputerMask4,354,5277,4904,11,373,141.100000,6382,2822
tretail.psdd,p8_g16_l20,GreedyBspHC,142,5373,5000,11,373,141.100000,6382,2822
msc01440,p8_g16_l20,GreedyRecomputerMask0,652,8302,4464,17,3838,24.000000,22415,1440
msc01440,p8_g16_l20,GreedyRecomputerMask1,765,6731,2616,15,4115,24.000000,22415,1440
msc01440,p8_g16_l20,GreedyRecomputerMask3,859,6676,2524,12,4152,24.000000,22415,1440
msc01440,p8_g16_l20,GreedyRecomputerMask7,1405,6676,2524,12,4152,24.000000,22415,1440
msc01440,p8_g16_l20,GreedyRecomputerMask2,761,7419,3016,11,4403,24.000000,22415,1440
msc01440,p8_g16_l20,GreedyRecomputerMask4,933,8302,4464,17,3838,24.000000,22415,1440
msc01440,p8_g16_l20,GreedyBspHC,583,9310,5476,26,3834,24.000000,22415,1440
instance_exp_N44_K5_nzP0d15,p8_g16_l20,GreedyRecomputerMask0,153,4712,4140,8,572,193.200000,4170,1932
instance_exp_N44_K5_nzP0d15,p8_g16_l20,GreedyRecomputerMask1,195,3466,2812,8,654,193.200000,4170,1932
instance_exp_N44_K5_nzP0d15,p8_g16_l20,GreedyRecomputerMask3,258,3040,2292,6,748,193.200000,4170,1932
instance_exp_N44_K5_nzP0d15,p8_g16_l20,GreedyRecomputerMask7,433,3040,2292,6,748,193.200000,4170,1932
instance_exp_N44_K5_nzP0d15,p8_g16_l20,GreedyRecomputerMask2,239,3418,1388,4,2030,193.200000,4170,1932
instance_exp_N44_K5_nzP0d15,p8_g16_l20,GreedyRecomputerMask4,276,4712,4140,8,572,193.200000,4170,1932
instance_exp_N44_K5_nzP0d15,p8_g16_l20,GreedyBspHC,132,4984,4412,8,572,193.200000,4170,1932
bmw7st_1,p8_g16_l20,GreedyRecomputerMask0,18924,598508,146200,27,452308,200.208215,3599160,141347
bmw7st_1,p8_g16_l20,GreedyRecomputerMask1,131611,574879,108200,27,466679,200.208215,3599160,141347
bmw7st_1,p8_g16_l20,GreedyRecomputerMask3,165361,574524,108348,24,466176,200.208215,3599160,141347
bmw7st_1,p8_g16_l20,GreedyRecomputerMask7,372954,574524,108348,24,466176,200.208215,3599160,141347
bmw7st_1,p8_g16_l20,GreedyRecomputerMask2,36199,598126,146300,24,451826,200.208215,3599160,141347
bmw7st_1,p8_g16_l20,GreedyRecomputerMask4,99981,598481,146168,27,452313,200.208215,3599160,141347
bmw7st_1,p8_g16_l20,GreedyBspHC,11017,605919,153636,32,452283,200.208215,3599160,141347
ex3,p8_g16_l20,GreedyRecomputerMask0,495,24042,11184,57,12858,3.234458,25432,1821
ex3,p8_g16_l20,GreedyRecomputerMask1,546,22817,9232,57,13585,3.234458,25432,1821
ex3,p8_g16_l20,GreedyRecomputerMask3,698,22180,8228,46,13952,3.234458,25432,1821
ex3,p8_g16_l20,GreedyRecomputerMask7,1342,22192,8212,46,13980,3.234458,25432,1821
ex3,p8_g16_l20,GreedyRecomputerMask2,611,23716,10720,53,12996,3.234458,25432,1821
ex3,p8_g16_l20,GreedyRecomputerMask4,804,23974,11116,56,12858,3.234458,25432,1821
ex3,p8_g16_l20,GreedyBspHC,439,27371,15120,72,12251,3.234458,25432,1821
ct20stif,p8_g16_l20,GreedyRecomputerMask0,6974,247728,78620,44,169108,39.345113,1323067,52329
ct20stif,p8_g16_l20,GreedyRecomputerMask1,16347,237809,64312,43,173497,39.345113,1323067,52329
ct20stif,p8_g16_l20,GreedyRecomputerMask3,24405,237809,64312,43,173497,39.345113,1323067,52329
ct20stif,p8_g16_l20,GreedyRecomputerMask7,65839,237809,64312,43,173497,39.345113,1323067,52329
ct20stif,p8_g16_l20,GreedyRecomputerMask2,10974,247654,78552,43,169102,39.345113,1323067,52329
ct20stif,p8_g16_l20,GreedyRecomputerMask4,32895,247654,78552,43,169102,39.345113,1323067,52329
ct20stif,p8_g16_l20,GreedyBspHC,4037,258635,89824,47,168811,39.345113,1323067,52329
thread,p8_g16_l20,GreedyRecomputerMask0,21355,445593,145928,99,299665,20.578547,2220156,29736
thread,p8_g16_l20,GreedyRecomputerMask1,33016,438252,135224,99,303028,20.578547,2220156,29736
thread,p8_g16_l20,GreedyRecomputerMask3,50444,438087,135096,95,302991,20.578547,2220156,29736
thread,p8_g16_l20,GreedyRecomputerMask7,145974,438087,135096,95,302991,20.578547,2220156,29736
thread,p8_g16_l20,GreedyRecomputerMask2,30054,445422,145780,94,299642,20.578547,2220156,29736
thread,p8_g16_l20,GreedyRecomputerMask4,45820,445593,145928,99,299665,20.578547,2220156,29736
thread,p8_g16_l20,GreedyBspHC,13256,506913,207176,103,299737,20.578547,2220156,29736
Pres_Poisson,p8_g16_l20,GreedyRecomputerMask0,7233,112509,42540,144,69969,7.998921,350491,14822
Pres_Poisson,p8_g16_l20,GreedyRecomputerMask1,8245,110057,39148,144,70909,7.998921,350491,14822
Pres_Poisson,p8_g16_l20,GreedyRecomputerMask3,9811,109302,38352,125,70950,7.998921,350491,14822
Pres_Poisson,p8_g16_l20,GreedyRecomputerMask7,17944,109041,38076,124,70965,7.998921,350491,14822
Pres_Poisson,p8_g16_l20,GreedyRecomputerMask2,8840,111695,41632,125,70063,7.998921,350491,14822
Pres_Poisson,p8_g16_l20,GreedyRecomputerMask4,13548,112464,42460,144,70004,7.998921,350491,14822
Pres_Poisson,p8_g16_l20,GreedyBspHC,6427,129764,59764,173,70000,7.998921,350491,14822
insurance.psdd,p8_g16_l20,GreedyRecomputerMask0,1221,21446,19640,7,1806,2390.333333,30060,14342
insurance.psdd,p8_g16_l20,GreedyRecomputerMask1,1842,17873,15832,7,2041,2390.333333,30060,14342
insurance.psdd,p8_g16_l20,GreedyRecomputerMask3,2147,6991,1044,2,5947,2390.333333,30060,14342
insurance.psdd,p8_g16_l20,GreedyRecomputerMask7,3325,6991,1044,2,5947,2390.333333,30060,14342
insurance.psdd,p8_g16_l20,GreedyRecomputerMask2,1592,7005,1044,2,5961,2390.333333,30060,14342
insurance.psdd,p8_g16_l20,GreedyRecomputerMask4,1726,21446,19640,7,1806,2390.333333,30060,14342
insurance.psdd,p8_g16_l20,GreedyBspHC,1049,22166,20360,7,1806,2390.333333,30060,14342
simple2.6.psdd,p8_g16_l20,GreedyRecomputerMask0,0,4,0,1,4,7.000000,3,7
simple2.6.psdd,p8_g16_l20,GreedyRecomputerMask1,0,4,0,1,4,7.000000,3,7
simple2.6.psdd,p8_g16_l20,GreedyRecomputerMask3,0,4,0,1,4,7.000000,3,7
simple2.6.psdd,p8_g16_l20,GreedyRecomputerMask7,0,4,0,1,4,7.000000,3,7
simple2.6.psdd,p8_g16_l20,GreedyRecomputerMask2,0,4,0,1,4,7.000000,3,7
simple2.6.psdd,p8_g16_l20,GreedyRecomputerMask4,0,4,0,1,4,7.000000,3,7
simple2.6.psdd,p8_g16_l20,GreedyBspHC,0,4,0,1,4,7.000000,3,7
bcsstk08,p8_g16_l20,GreedyRecomputerMask0,391,8628,6744,55,1884,13.948052,5943,1074
bcsstk08,p8_g16_l20,GreedyRecomputerMask1,402,8537,6632,55,1905,13.948052,5943,1074
bcsstk08,p8_g16_l20,GreedyRecomputerMask3,460,7678,5564,40,2114,13.948052,5943,1074
bcsstk08,p8_g16_l20,GreedyRecomputerMask7,589,7682,5564,40,2118,13.948052,5943,1074
bcsstk08,p8_g16_l20,GreedyRecomputerMask2,453,7910,5820,40,2090,13.948052,5943,1074
bcsstk08,p8_g16_l20,GreedyRecomputerMask4,533,8596,6712,55,1884,13.948052,5943,1074
bcsstk08,p8_g16_l20,GreedyBspHC,370,10003,8232,59,1771,13.948052,5943,1074
instance_kNN_N50_K5_nzP0d16,p8_g16_l20,GreedyRecomputerMask0,173,4514,3964,8,550,189.600000,3801,1896
instance_kNN_N50_K5_nzP0d16,p8_g16_l20,GreedyRecomputerMask1,208,3460,2844,8,616,189.600000,3801,1896
instance_kNN_N50_K5_nzP0d16,p8_g16_l20,GreedyRecomputerMask3,279,2870,1048,3,1822,189.600000,3801,1896
instance_kNN_N50_K5_nzP0d16,p8_g16_l20,GreedyRecomputerMask7,448,2870,1048,3,1822,189.600000,3801,1896
instance_kNN_N50_K5_nzP0d16,p8_g16_l20,GreedyRecomputerMask2,253,2937,1112,3,1825,189.600000,3801,1896
instance_kNN_N50_K5_nzP0d16,p8_g16_l20,GreedyRecomputerMask4,227,4514,3964,8,550,189.600000,3801,1896
instance_kNN_N50_K5_nzP0d16,p8_g16_l20,GreedyBspHC,150,4834,4284,8,550,189.600000,3801,1896
tmovie.psdd,p8_g16_l20,GreedyRecomputerMask0,6961,108015,96704,21,11311,2292.025641,274214,89389
tmovie.psdd,p8_g16_l20,GreedyRecomputerMask1,12820,98259,86336,21,11923,2292.025641,274214,89389
tmovie.psdd,p8_g16_l20,GreedyRecomputerMask3,17647,57566,21916,12,35650,2292.025641,274214,89389
tmovie.psdd,p8_g16_l20,GreedyRecomputerMask7,30025,57566,21916,12,35650,2292.025641,274214,89389
tmovie.psdd,p8_g16_l20,GreedyRecomputerMask2,12778,56549,2896,9,53653,2292.025641,274214,89389
tmovie.psdd,p8_g16_l20,GreedyRecomputerMask4,14636,108015,96704,21,11311,2292.025641,274214,89389
tmovie.psdd,p8_g16_l20,GreedyBspHC,5478,115247,103936,21,11311,2292.025641,274214,89389
instance_spmv_N150_nzP0d2,p8_g16_l20,GreedyRecomputerMask0,688,12077,9848,3,2229,4544.000000,13182,9088
instance_spmv_N150_nzP0d2,p8_g16_l20,GreedyRecomputerMask1,897,10292,7944,3,2348,4544.000000,13182,9088
instance_spmv_N150_nzP0d2,p8_g16_l20,GreedyRecomputerMask3,998,3793,0,1,3793,4544.000000,13182,9088
instance_spmv_N150_nzP0d2,p8_g16_l20,GreedyRecomputerMask7,1555,3793,0,1,3793,4544.000000,13182,9088
instance_spmv_N150_nzP0d2,p8_g16_l20,GreedyRecomputerMask2,831,3793,0,1,3793,4544.000000,13182,9088
instance_spmv_N150_nzP0d2,p8_g16_l20,GreedyRecomputerMask4,1266,12077,9848,3,2229,4544.000000,13182,9088
instance_spmv_N150_nzP0d2,p8_g16_l20,GreedyBspHC,591,12125,9896,3,2229,4544.000000,13182,9088
elevators.psdd,p8_g16_l20,GreedyRecomputerMask0,231,5797,5372,8,425,416.375000,6892,3331
elevators.psdd,p8_g16_l20,GreedyRecomputerMask1,283,4610,4108,8,502,416.375000,6892,3331
elevators.psdd,p8_g16_l20,GreedyRecomputerMask3,359,2579,872,3,1707,416.375000,6892,3331
elevators.psdd,p8_g16_l20,GreedyRecomputerMask7,579,2579,872,3,1707,416.375000,6892,3331
elevators.psdd,p8_g16_l20,GreedyRecomputerMask2,319,2579,872,3,1707,416.375000,6892,3331
elevators.psdd,p8_g16_l20,GreedyRecomputerMask4,447,5797,5372,8,425,416.375000,6892,3331
elevators.psdd,p8_g16_l20,GreedyBspHC,192,6101,5676,8,425,416.375000,6892,3331
instance_CG_N35_K8_nzP0d25,p8_g16_l20,GreedyRecomputerMask0,527,17813,15668,54,2145,56.800000,12153,5396
instance_CG_N35_K8_nzP0d25,p8_g16_l20,GreedyRecomputerMask1,577,16954,14756,54,2198,56.800000,12153,5396
instance_CG_N35_K8_nzP0d25,p8_g16_l20,GreedyRecomputerMask3,762,16478,14184,51,2294,56.800000,12153,5396
instance_CG_N35_K8_nzP0d25,p8_g16_l20,GreedyRecomputerMask7,1214,16478,14184,51,2294,56.800000,12153,5396
instance_CG_N35_K8_nzP0d25,p8_g16_l20,GreedyRecomputerMask2,727,16678,14392,51,2286,56.800000,12153,5396
instance_CG_N35_K8_nzP0d25,p8_g16_l20,GreedyRecomputerMask4,849,17813,15668,54,2145,56.800000,12153,5396
instance_CG_N35_K8_nzP0d25,p8_g16_l20,GreedyBspHC,459,19529,17384,55,2145,56.800000,12153,5396
shallow_water1,p8_g16_l20,GreedyRecomputerMask0,3774,86768,71252,38,15516,80.709360,122880,81920
shallow_water1,p8_g16_l20,GreedyRecomputerMask1,13878,59172,42900,38,16272,80.709360,122880,81920
shallow_water1,p8_g16_l20,GreedyRecomputerMask3,16717,48513,24880,33,23633,80.709360,122880,81920
shallow_water1,p8_g16_l20,GreedyRecomputerMask7,27533,48513,24880,33,23633,80.709360,122880,81920
shallow_water1,p8_g16_l20,GreedyRecomputerMask2,6247,54870,31472,33,23398,80.709360,122880,81920
shallow_water1,p8_g16_l20,GreedyRecomputerMask4,8870,86768,71252,38,15516,80.709360,122880,81920
shallow_water1,p8_g16_l20,GreedyBspHC,3017,93397,77880,39,15517,80.709360,122880,81920
bcsstk15,p8_g16_l20,GreedyRecomputerMask0,1413,30268,20712,127,9556,10.846154,56934,3948
bcsstk15,p8_g16_l20,GreedyRecomputerMask1,1476,29915,20340,126,9575,10.846154,56934,3948
bcsstk15,p8_g16_l20,GreedyRecomputerMask3,1737,29845,20236,124,9609,10.846154,56934,3948
bcsstk15,p8_g16_l20,GreedyRecomputerMask7,2724,29845,20236,124,9609,10.846154,56934,3948
bcsstk15,p8_g16_l20,GreedyRecomputerMask2,1713,30106,20524,124,9582,10.846154,56934,3948
bcsstk15,p8_g16_l20,GreedyRecomputerMask4,2108,30268,20712,127,9556,10.846154,56934,3948
bcsstk15,p8_g16_l20,GreedyBspHC,1236,37283,27740,133,9543,10.846154,56934,3948
accidents.psdd,p8_g16_l20,GreedyRecomputerMask0,2453,44659,39908,14,4751,1561.916667,102111,37486
accidents.psdd,p8_g16_l20,GreedyRecomputerMask1,4326,39222,34148,14,5074,1561.916667,102111,37486
accidents.psdd,p8_g16_l20,GreedyRecomputerMask3,8499,22405,3964,8,18441,1561.916667,102111,37486
accidents.psdd,p8_g16_l20,GreedyRecomputerMask7,13687,22408,3964,8,18444,1561.916667,102111,37486
accidents.psdd,p8_g16_l20,GreedyRecomputerMask2,4494,23340,4508,8,18832,1561.916667,102111,37486
accidents.psdd,p8_g16_l20,GreedyRecomputerMask4,3796,44659,39908,14,4751,1561.916667,102111,37486
accidents.psdd,p8_g16_l20,GreedyBspHC,1937,48659,43908,14,4751,1561.916667,102111,37486
msweb.psdd,p8_g16_l20,GreedyRecomputerMask0,1149,20283,18268,16,2015,493.031250,38289,15777
msweb.psdd,p8_g16_l20,GreedyRecomputerMask1,1867,15836,13532,16,2304,493.031250,38289,15777
msweb.psdd,p8_g16_l20,GreedyRecomputerMask3,2431,8949,2520,11,6429,493.031250,38289,15777
msweb.psdd,p8_g16_l20,GreedyRecomputerMask7,4401,8949,2520,11,6429,493.031250,38289,15777
msweb.psdd,p8_g16_l20,GreedyRecomputerMask2,1789,9017,2568,11,6449,493.031250,38289,15777
msweb.psdd,p8_g16_l20,GreedyRecomputerMask4,2284,20283,18268,16,2015,493.031250,38289,15777
msweb.psdd,p8_g16_l20,GreedyBspHC,939,22267,20252,16,2015,493.031250,38289,15777
instance_exp_N30_K6_nzP0d15,p8_g16_l20,GreedyRecomputerMask0,91,2732,2408,11,324,90.416667,2268,1085
instance_exp_N30_K6_nzP0d15,p8_g16_l20,GreedyRecomputerMask1,103,2094,1736,11,358,90.416667,2268,1085
instance_exp_N30_K6_nzP0d15,p8_g16_l20,GreedyRecomputerMask3,135,1791,1372,8,419,90.416667,2268,1085
instance_exp_N30_K6_nzP0d15,p8_g16_l20,GreedyRecomputerMask7,225,1791,1372,8,419,90.416667,2268,1085
instance_exp_N30_K6_nzP0d15,p8_g16_l20,GreedyRecomputerMask2,128,1940,524,4,1416,90.416667,2268,1085
instance_exp_N30_K6_nzP0d15,p8_g16_l20,GreedyRecomputerMask4,119,2732,2408,11,324,90.416667,2268,1085
instance_exp_N30_K6_nzP0d15,p8_g16_l20,GreedyBspHC,76,3036,2712,11,324,90.416667,2268,1085
nltcs.clt.psdd,p8_g16_l20,GreedyRecomputerMask0,6,309,292,6,17,9.500000,92,76
nltcs.clt.psdd,p8_g16_l20,GreedyRecomputerMask1,6,214,192,5,22,9.500000,92,76
nltcs.clt.psdd,p8_g16_l20,GreedyRecomputerMask3,8,63,0,1,63,9.500000,92,76
nltcs.clt.psdd,p8_g16_l20,GreedyRecomputerMask7,12,63,0,1,63,9.500000,92,76
nltcs.clt.psdd,p8_g16_l20,GreedyRecomputerMask2,7,63,0,1,63,9.500000,92,76
nltcs.clt.psdd,p8_g16_l20,GreedyRecomputerMask4,10,309,292,6,17,9.500000,92,76
nltcs.clt.psdd,p8_g16_l20,GreedyBspHC,5,373,356,6,17,9.500000,92,76
instance_kNN_N60_K15_nzP0d15,p8_g16_l20,GreedyRecomputerMask0,783,22342,19356,24,2986,299.933333,22722,8998
instance_kNN_N60_K15_nzP0d15,p8_g16_l20,GreedyRecomputerMask1,1091,17932,14700,24,3232,299.933333,22722,8998
instance_kNN_N60_K15_nzP0d15,p8_g16_l20,GreedyRecomputerMask3,1378,16841,13016,19,3825,299.933333,22722,8998
instance_kNN_N60_K15_nzP0d15,p8_g16_l20,GreedyRecomputerMask7,2218,16841,13016,19,3825,299.933333,22722,8998
instance_kNN_N60_K15_nzP0d15,p8_g16_l20,GreedyRecomputerMask2,1178,19679,15976,19,3703,299.933333,22722,8998
instance_kNN_N60_K15_nzP0d15,p8_g16_l20,GreedyRecomputerMask4,1396,22342,19356,24,2986,299.933333,22722,8998
instance_kNN_N60_K15_nzP0d15,p8_g16_l20,GreedyBspHC,638,24133,21148,24,2985,299.933333,22722,8998
mnist.psdd,p8_g16_l20,GreedyRecomputerMask0,393,7665,7044,10,621,490.400000,5916,4904
mnist.psdd,p8_g16_l20,GreedyRecomputerMask1,837,3929,3060,10,869,490.400000,5916,4904
mnist.psdd,p8_g16_l20,GreedyRecomputerMask3,904,2416,760,7,1656,490.400000,5916,4904
mnist.psdd,p8_g16_l20,GreedyRecomputerMask7,1234,2416,760,7,1656,490.400000,5916,4904
mnist.psdd,p8_g16_l20,GreedyRecomputerMask2,482,2416,760,7,1656,490.400000,5916,4904
mnist.psdd,p8_g16_l20,GreedyRecomputerMask4,533,7665,7044,10,621,490.400000,5916,4904
mnist.psdd,p8_g16_l20,GreedyBspHC,344,7697,7076,10,621,490.400000,5916,4904
nd3k,p8_g16_l20,GreedyRecomputerMask0,14365,785385,112188,112,673197,2.368421,1635345,9000
nd3k,p8_g16_l20,GreedyRecomputerMask1,17073,782737,109452,112,673285,2.368421,1635345,9000
nd3k,p8_g16_l20,GreedyRecomputerMask3,35000,774499,100760,95,673739,2.368421,1635345,9000
nd3k,p8_g16_l20,GreedyRecomputerMask7,71560,766327,92512,101,673815,2.368421,1635345,9000
nd3k,p8_g16_l20,GreedyRecomputerMask2,32981,776016,102356,94,673660,2.368421,1635345,9000
nd3k,p8_g16_l20,GreedyRecomputerMask4,42393,781729,108012,112,673717,2.368421,1635345,9000
nd3k,p8_g16_l20,GreedyBspHC,8621,834955,161736,123,673219,2.368421,1635345,9000
bcsstk28,p8_g16_l20,GreedyRecomputerMask0,935,50495,22708,122,27787,4.809160,107307,4410
bcsstk28,p8_g16_l20,GreedyRecomputerMask1,1075,50284,22260,122,28024,4.809160,107307,4410
bcsstk28,p8_g16_l20,GreedyRecomputerMask3,1380,49537,21268,110,28269,4.809160,107307,4410
bcsstk28,p8_g16_l20,GreedyRecomputerMask7,3149,49537,21268,110,28269,4.809160,107307,4410
bcsstk28,p8_g16_l20,GreedyRecomputerMask2,1347,49731,21700,110,28031,4.809160,107307,4410
bcsstk28,p8_g16_l20,GreedyRecomputerMask4,2143,50265,22348,120,27917,4.809160,107307,4410
bcsstk28,p8_g16_l20,GreedyBspHC,685,60755,33052,136,27703,4.809160,107307,4410
instance_CG_N25_K17_nzP0d15,p8_g16_l20,GreedyRecomputerMask0,633,23565,21080,111,2485,27.871921,12072,5658
instance_CG_N25_K17_nzP0d15,p8_g16_l20,GreedyRecomputerMask1,663,23234,20728,111,2506,27.871921,12072,5658
instance_CG_N25_K17_nzP0d15,p8_g16_l20,GreedyRecomputerMask3,840,22810,20236,100,2574,27.871921,12072,5658
instance_CG_N25_K17_nzP0d15,p8_g16_l20,GreedyRecomputerMask7,1276,22644,19996,100,2648,27.871921,12072,5658
instance_CG_N25_K17_nzP0d15,p8_g16_l20,GreedyRecomputerMask2,826,22928,20360,99,2568,27.871921,12072,5658
instance_CG_N25_K17_nzP0d15,p8_g16_l20,GreedyRecomputerMask4,942,23405,20840,111,2565,27.871921,12072,5658
instance_CG_N25_K17_nzP0d15,p8_g16_l20,GreedyBspHC,564,24955,22472,119,2483,27.871921,12072,5658
instance_kNN_N75_K9_nzP0d15,p8_g16_l20,GreedyRecomputerMask0,677,19138,16688,13,2450,419.444444,18231,7550
instance_kNN_N75_K9_nzP0d15,p8_g16_l20,GreedyRecomputerMask1,1089,14642,11932,12,2710,419.444444,18231,7550
instance_kNN_N75_K9_nzP0d15,p8_g16_l20,GreedyRecomputerMask3,1345,13594,10404,10,3190,419.444444,18231,7550
instance_kNN_N75_K9_nzP0d15,p8_g16_l20,GreedyRecomputerMask7,2096,13594,10404,10,3190,419.444444,18231,7550
instance_kNN_N75_K9_nzP0d15,p8_g16_l20,GreedyRecomputerMask2,1056,14480,6840,7,7640,419.444444,18231,7550
instance_kNN_N75_K9_nzP0d15,p8_g16_l20,GreedyRecomputerMask4,1217,19138,16688,13,2450,419.444444,18231,7550
instance_kNN_N75_K9_nzP0d15,p8_g16_l20,GreedyBspHC,560,19886,17440,13,2446,419.444444,18231,7550
instance_CG_N30_K24_nzP0d15,p8_g16_l20,GreedyRecomputerMask0,827,39269,34940,160,4329,34.637631,21754,9941
instance_CG_N30_K24_nzP0d15,p8_g16_l20,GreedyRecomputerMask1,895,38737,34364,160,4373,34.637631,21754,9941
instance_CG_N30_K24_nzP0d15,p8_g16_l20,GreedyRecomputerMask3,1204,38335,33888,149,4447,34.637631,21754,9941
instance_CG_N30_K24_nzP0d15,p8_g16_l20,GreedyRecomputerMask7,1984,38215,33728,149,4487,34.637631,21754,9941
instance_CG_N30_K24_nzP0d15,p8_g16_l20,GreedyRecomputerMask2,1174,38525,34096,149,4429,34.637631,21754,9941
instance_CG_N30_K24_nzP0d15,p8_g16_l20,GreedyRecomputerMask4,1397,39149,34780,160,4369,34.637631,21754,9941
instance_CG_N30_K24_nzP0d15,p8_g16_l20,GreedyBspHC,713,41861,37536,170,4325,34.637631,21754,9941
instance_kNN_N40_K5_nzP0d15,p8_g16_l20,GreedyRecomputerMask0,105,2659,2352,9,307,107.300000,2007,1073
instance_kNN_N40_K5_nzP0d15,p8_g16_l20,GreedyRecomputerMask1,119,2086,1744,9,342,107.300000,2007,1073
instance_kNN_N40_K5_nzP0d15,p8_g16_l20,GreedyRecomputerMask3,154,1513,732,4,781,107.300000,2007,1073
instance_kNN_N40_K5_nzP0d15,p8_g16_l20,GreedyRecomputerMask7,245,1513,732,4,781,107.300000,2007,1073
instance_kNN_N40_K5_nzP0d15,p8_g16_l20,GreedyRecomputerMask2,146,1562,780,4,782,107.300000,2007,1073
instance_kNN_N40_K5_nzP0d15,p8_g16_l20,GreedyRecomputerMask4,135,2659,2352,9,307,107.300000,2007,1073
instance_kNN_N40_K5_nzP0d15,p8_g16_l20,GreedyBspHC,93,2819,2512,9,307,107.300000,2007,1073
instance_CG_N60_K55_nzP0d12,p8_g16_l20,GreedyRecomputerMask0,5472,176257,153664,361,22593,82.433991,127658,54324
instance_CG_N60_K55_nzP0d12,p8_g16_l20,GreedyRecomputerMask1,5977,173731,150928,361,22803,82.433991,127658,54324
instance_CG_N60_K55_nzP0d12,p8_g16_l20,GreedyRecomputerMask3,8714,172650,149668,338,22982,82.433991,127658,54324
instance_CG_N60_K55_nzP0d12,p8_g16_l20,GreedyRecomputerMask7,15080,172458,149476,338,22982,82.433991,127658,54324
instance_CG_N60_K55_nzP0d12,p8_g16_l20,GreedyRecomputerMask2,7630,173956,151092,338,22864,82.433991,127658,54324
instance_CG_N60_K55_nzP0d12,p8_g16_l20,GreedyRecomputerMask4,10693,176065,153472,361,22593,82.433991,127658,54324
instance_CG_N60_K55_nzP0d12,p8_g16_l20,GreedyBspHC,4755,190347,167760,366,22587,82.433991,127658,54324
s3rmt3m3,p8_g16_l20,GreedyRecomputerMask0,350,35427,15140,42,20287,4.654214,101169,5357
s3rmt3m3,p8_g16_l20,GreedyRecomputerMask1,419,34802,14468,42,20334,4.654214,101169,5357
s3rmt3m3,p8_g16_l20,GreedyRecomputerMask3,823,33694,13304,39,20390,4.654214,101169,5357
s3rmt3m3,p8_g16_l20,GreedyRecomputerMask7,2549,33349,12372,38,20977,4.654214,101169,5357
s3rmt3m3,p8_g16_l20,GreedyRecomputerMask2,767,33985,13624,39,20361,4.654214,101169,5357
s3rmt3m3,p8_g16_l20,GreedyRecomputerMask4,1534,35427,15140,42,20287,4.654214,101169,5357
s3rmt3m3,p8_g16_l20,GreedyBspHC,147,41069,20788,42,20281,4.654214,101169,5357
instance_kNN_N45_K15_nzP0d16,p8_g16_l20,GreedyRecomputerMask0,407,12994,11240,23,1754,179.733333,13275,5392
instance_kNN_N45_K15_nzP0d16,p8_g16_l20,GreedyRecomputerMask1,507,11024,9160,23,1864,179.733333,13275,5392
instance_kNN_N45_K15_nzP0d16,p8_g16_l20,GreedyRecomputerMask3,687,10568,8004,18,2564,179.733333,13275,5392
instance_kNN_N45_K15_nzP0d16,p8_g16_l20,GreedyRecomputerMask7,1170,10568,8004,18,2564,179.733333,13275,5392
instance_kNN_N45_K15_nzP0d16,p8_g16_l20,GreedyRecomputerMask2,635,10723,7260,16,3463,179.733333,13275,5392
instance_kNN_N45_K15_nzP0d16,p8_g16_l20,GreedyRecomputerMask4,761,12994,11240,23,1754,179.733333,13275,5392
instance_kNN_N45_K15_nzP0d16,p8_g16_l20,GreedyBspHC,334,14578,12824,23,1754,179.733333,13275,5392
Dubcova3,p8_g16_l20,GreedyRecomputerMask0,64266,359719,134376,307,225343,44.927718,1744980,146689
Dubcova3,p8_g16_l20,GreedyRecomputerMask1,78771,330347,100844,304,229503,44.927718,1744980,146689
Dubcova3,p8_g16_l20,GreedyRecomputerMask3,90193,322041,85388,284,236653,44.927718,1744980,146689
Dubcova3,p8_g16_l20,GreedyRecomputerMask7,145000,321968,85276,284,236692,44.927718,1744980,146689
Dubcova3,p8_g16_l20,GreedyRecomputerMask2,73948,332781,99192,279,233589,44.927718,1744980,146689
Dubcova3,p8_g16_l20,GreedyRecomputerMask4,100549,359650,134216,307,225434,44.927718,1744980,146689
Dubcova3,p8_g16_l20,GreedyBspHC,58644,395585,170552,340,225033,44.927718,1744980,146689
mnist-antonio.psdd,p8_g16_l20,GreedyRecomputerMask0,397,7665,7044,10,621,490.400000,5916,4904
mnist-antonio.psdd,p8_g16_l20,GreedyRecomputerMask1,837,3929,3060,10,869,490.400000,5916,4904
mnist-antonio.psdd,p8_g16_l20,GreedyRecomputerMask3,904,2416,760,7,1656,490.400000,5916,4904
mnist-antonio.psdd,p8_g16_l20,GreedyRecomputerMask7,1234,2416,760,7,1656,490.400000,5916,4904
mnist-antonio.psdd,p8_g16_l20,GreedyRecomputerMask2,481,2416,760,7,1656,490.400000,5916,4904
mnist-antonio.psdd,p8_g16_l20,GreedyRecomputerMask4,533,7665,7044,10,621,490.400000,5916,4904
mnist-antonio.psdd,p8_g16_l20,GreedyBspHC,345,7697,7076,10,621,490.400000,5916,4904
instance_exp_N35_K4_nzP0d15,p8_g16_l20,GreedyRecomputerMask0,80,2496,2200,7,296,127.500000,2028,1020
instance_exp_N35_K4_nzP0d15,p8_g16_l20,GreedyRecomputerMask1,97,1740,1400,7,340,127.500000,2028,1020
instance_exp_N35_K4_nzP0d15,p8_g16_l20,GreedyRecomputerMask3,132,1435,732,4,703,127.500000,2028,1020
instance_exp_N35_K4_nzP0d15,p8_g16_l20,GreedyRecomputerMask7,220,1435,732,4,703,127.500000,2028,1020
instance_exp_N35_K4_nzP0d15,p8_g16_l20,GreedyRecomputerMask2,120,1514,812,4,702,127.500000,2028,1020
instance_exp_N35_K4_nzP0d15,p8_g16_l20,GreedyRecomputerMask4,142,2496,2200,7,296,127.500000,2028,1020
instance_exp_N35_K4_nzP0d15,p8_g16_l20,GreedyBspHC,68,2687,2392,7,295,127.500000,2028,1020
bcsstk36,p8_g16_l20,GreedyRecomputerMask0,15656,270499,114420,526,156079,5.173250,560044,23052
bcsstk36,p8_g16_l20,GreedyRecomputerMask1,16434,269778,113412,526,156366,5.173250,560044,23052
bcsstk36,p8_g16_l20,GreedyRecomputerMask3,18156,268039,111608,499,156431,5.173250,560044,23052
bcsstk36,p8_g16_l20,GreedyRecomputerMask7,27404,268050,111608,499,156442,5.173250,560044,23052
bcsstk36,p8_g16_l20,GreedyRecomputerMask2,17956,268793,112916,502,155877,5.173250,560044,23052
bcsstk36,p8_g16_l20,GreedyRecomputerMask4,25444,270371,114208,525,156163,5.173250,560044,23052
bcsstk36,p8_g16_l20,GreedyBspHC,14239,322336,166752,587,155584,5.173250,560044,23052
simple2.5.psdd,p8_g16_l20,GreedyRecomputerMask0,0,6,0,1,6,7.000000,5,7
simple2.5.psdd,p8_g16_l20,GreedyRecomputerMask1,0,6,0,1,6,7.000000,5,7
simple2.5.psdd,p8_g16_l20,GreedyRecomputerMask3,0,6,0,1,6,7.000000,5,7
simple2.5.psdd,p8_g16_l20,GreedyRecomputerMask7,0,6,0,1,6,7.000000,5,7
simple2.5.psdd,p8_g16_l20,GreedyRecomputerMask2,0,6,0,1,6,7.000000,5,7
simple2.5.psdd,p8_g16_l20,GreedyRecomputerMask4,0,6,0,1,6,7.000000,5,7
simple2.5.psdd,p8_g16_l20,GreedyBspHC,0,6,0,1,6,7.000000,5,7
instance_exp_N75_K60_nzP0d15,p8_g16_l20,GreedyRecomputerMask0,5253,113744,95040,89,18704,451.908333,146520,54229
instance_exp_N75_K60_nzP0d15,p8_g16_l20,GreedyRecomputerMask1,6853,105074,85840,89,19234,451.908333,146520,54229
instance_exp_N75_K60_nzP0d15,p8_g16_l20,GreedyRecomputerMask3,8865,103976,84520,87,19456,451.908333,146520,54229
instance_exp_N75_K60_nzP0d15,p8_g16_l20,GreedyRecomputerMask7,14279,103976,84520,87,19456,451.908333,146520,54229
instance_exp_N75_K60_nzP0d15,p8_g16_l20,GreedyRecomputerMask2,7898,106119,85028,86,21091,451.908333,146520,54229
instance_exp_N75_K60_nzP0d15,p8_g16_l20,GreedyRecomputerMask4,9063,113744,95040,89,18704,451.908333,146520,54229
instance_exp_N75_K60_nzP0d15,p8_g16_l20,GreedyBspHC,4365,120774,102096,89,18678,451.908333,146520,54229
little_4var.psdd,p8_g16_l20,GreedyRecomputerMask0,1,107,104,3,3,6.000000,10,12
little_4var.psdd,p8_g16_l20,GreedyRecomputerMask1,1,42,36,2,6,6.000000,10,12
little_4var.psdd,p8_g16_l20,GreedyRecomputerMask3,1,11,0,1,11,6.000000,10,12
little_4var.psdd,p8_g16_l20,GreedyRecomputerMask7,2,11,0,1,11,6.000000,10,12
little_4var.psdd,p8_g16_l20,GreedyRecomputerMask2,1,11,0,1,11,6.000000,10,12
little_4var.psdd,p8_g16_l20,GreedyRecomputerMask4,1,107,104,3,3,6.000000,10,12
little_4var.psdd,p8_g16_l20,GreedyBspHC,1,107,104,3,3,6.000000,10,12
pdb1HYS,p8_g16_l20,GreedyRecomputerMask0,21778,1379569,179604,302,1199965,1.892480,2154174,36417
pdb1HYS,p8_g16_l20,GreedyRecomputerMask1,24261,1377745,177664,301,1200081,1.892480,2154174,36417
pdb1HYS,p8_g16_l20,GreedyRecomputerMask3,40009,1364290,163940,254,1200350,1.892480,2154174,36417
pdb1HYS,p8_g16_l20,GreedyRecomputerMask7,121889,1358009,156572,248,1201437,1.892480,2154174,36417
pdb1HYS,p8_g16_l20,GreedyRecomputerMask2,38957,1362620,162120,247,1200500,1.892480,2154174,36417
pdb1HYS,p8_g16_l20,GreedyRecomputerMask4,144918,1360883,157588,282,1203295,1.892480,2154174,36417
pdb1HYS,p8_g16_l20,GreedyBspHC,17768,1488790,288692,367,1200098,1.892480,2154174,36417
instance_kNN_N250_K15_nzP0d1,p8_g16_l20,GreedyRecomputerMask0,10562,239983,207300,22,32683,3155.566667,253986,94667
instance_kNN_N250_K15_nzP0d1,p8_g16_l20,GreedyRecomputerMask1,51587,183285,146804,22,36481,3155.566667,253986,94667
instance_kNN_N250_K15_nzP0d1,p8_g16_l20,GreedyRecomputerMask3,55969,176538,137112,19,39426,3155.566667,253986,94667
instance_kNN_N250_K15_nzP0d1,p8_g16_l20,GreedyRecomputerMask7,66724,176538,137112,19,39426,3155.566667,253986,94667
instance_kNN_N250_K15_nzP0d1,p8_g16_l20,GreedyRecomputerMask2,16171,213841,176744,19,37097,3155.566667,253986,94667
instance_kNN_N250_K15_nzP0d1,p8_g16_l20,GreedyRecomputerMask4,18962,239983,207300,22,32683,3155.566667,253986,94667
instance_kNN_N250_K15_nzP0d1,p8_g16_l20,GreedyBspHC,8736,247869,215188,22,32681,3155.566667,253986,94667
book.psdd,p8_g16_l20,GreedyRecomputerMask0,1664,27072,24264,15,2808,567.128205,53647,22118
book.psdd,p8_g16_l20,GreedyRecomputerMask1,3000,20145,16888,15,3257,567.128205,53647,22118
book.psdd,p8_g16_l20,GreedyRecomputerMask3,3850,14041,6296,11,7745,567.128205,53647,22118
book.psdd,p8_g16_l20,GreedyRecomputerMask7,6573,14041,6296,11,7745,567.128205,53647,22118
book.psdd,p8_g16_l20,GreedyRecomputerMask2,2234,15263,7528,11,7735,567.128205,53647,22118
book.psdd,p8_g16_l20,GreedyRecomputerMask4,2396,27072,24264,15,2808,567.128205,53647,22118
book.psdd,p8_g16_l20,GreedyBspHC,1372,28736,25928,15,2808,567.128205,53647,22118
jester.psdd,p8_g16_l20,GreedyRecomputerMask0,1143,21100,18692,14,2408,758.280000,48220,18957
jester.psdd,p8_g16_l20,GreedyRecomputerMask1,1702,17759,15140,14,2619,758.280000,48220,18957
jester.psdd,p8_g16_l20,GreedyRecomputerMask3,2502,11758,4896,9,6862,758.280000,48220,18957
jester.psdd,p8_g16_l20,GreedyRecomputerMask7,4677,11758,4896,9,6862,758.280000,48220,18957
jester.psdd,p8_g16_l20,GreedyRecomputerMask2,1977,12705,5856,9,6849,758.280000,48220,18957
jester.psdd,p8_g16_l20,GreedyRecomputerMask4,2428,21100,18692,14,2408,758.280000,48220,18957
jester.psdd,p8_g16_l20,GreedyBspHC,907,23740,21332,14,2408,758.280000,48220,18957
instance_exp_N80_K6_nzP0d15,p8_g16_l20,GreedyRecomputerMask0,699,18580,16308,10,2272,588.000000,16704,7056
instance_exp_N80_K6_nzP0d15,p8_g16_l20,GreedyRecomputerMask1,1336,12531,9844,10,2687,588.000000,16704,7056
instance_exp_N80_K6_nzP0d15,p8_g16_l20,GreedyRecomputerMask3,1547,11400,8492,8,2908,588.000000,16704,7056
instance_exp_N80_K6_nzP0d15,p8_g16_l20,GreedyRecomputerMask7,2250,11400,8492,8,2908,588.000000,16704,7056
instance_exp_N80_K6_nzP0d15,p8_g16_l20,GreedyRecomputerMask2,1022,12831,7784,7,5047,588.000000,16704,7056
instance_exp_N80_K6_nzP0d15,p8_g16_l20,GreedyRecomputerMask4,935,18580,16308,10,2272,588.000000,16704,7056
instance_exp_N80_K6_nzP0d15,p8_g16_l20,GreedyBspHC,591,19460,17188,10,2272,588.000000,16704,7056
simple2.4.psdd,p8_g16_l20,GreedyRecomputerMask0,0,6,0,1,6,7.000000,5,7
simple2.4.psdd,p8_g16_l20,GreedyRecomputerMask1,0,6,0,1,6,7.000000,5,7
simple2.4.psdd,p8_g16_l20,GreedyRecomputerMask3,0,6,0,1,6,7.000000,5,7
simple2.4.psdd,p8_g16_l20,GreedyRecomputerMask7,0,6,0,1,6,7.000000,5,7
simple2.4.psdd,p8_g16_l20,GreedyRecomputerMask2,0,6,0,1,6,7.000000,5,7
simple2.4.psdd,p8_g16_l20,GreedyRecomputerMask4,0,6,0,1,6,7.000000,5,7
simple2.4.psdd,p8_g16_l20,GreedyBspHC,0,6,0,1,6,7.000000,5,7
instance_kNN_N90_K8_nzP0d15,p8_g16_l20,GreedyRecomputerMask0,890,23806,20884,14,2922,569.250000,21717,9108
instance_kNN_N90_K8_nzP0d15,p8_g16_l20,GreedyRecomputerMask1,1537,17782,14468,14,3314,569.250000,21717,9108
instance_kNN_N90_K8_nzP0d15,p8_g16_l20,GreedyRecomputerMask3,1846,16454,12404,10,4050,569.250000,21717,9108
instance_kNN_N90_K8_nzP0d15,p8_g16_l20,GreedyRecomputerMask7,2785,16454,12404,10,4050,569.250000,21717,9108
instance_kNN_N90_K8_nzP0d15,p8_g16_l20,GreedyRecomputerMask2,1338,17346,8120,7,9226,569.250000,21717,9108
instance_kNN_N90_K8_nzP0d15,p8_g16_l20,GreedyRecomputerMask4,1551,23806,20884,14,2922,569.250000,21717,9108
instance_kNN_N90_K8_nzP0d15,p8_g16_l20,GreedyBspHC,753,24589,21668,14,2921,569.250000,21717,9108
msnbc.psdd,p8_g16_l20,GreedyRecomputerMask0,1316,29356,27260,8,2096,2046.625000,39056,16373
msnbc.psdd,p8_g16_l20,GreedyRecomputerMask1,2296,27254,25020,8,2234,2046.625000,39056,16373
msnbc.psdd,p8_g16_l20,GreedyRecomputerMask3,2653,15266,10100,2,5166,2046.625000,39056,16373
msnbc.psdd,p8_g16_l20,GreedyRecomputerMask7,3905,15266,10100,2,5166,2046.625000,39056,16373
msnbc.psdd,p8_g16_l20,GreedyRecomputerMask2,1735,15282,10100,2,5182,2046.625000,39056,16373
msnbc.psdd,p8_g16_l20,GreedyRecomputerMask4,1843,29356,27260,8,2096,2046.625000,39056,16373
msnbc.psdd,p8_g16_l20,GreedyBspHC,1119,30156,28060,8,2096,2046.625000,39056,16373
instance_CG_N15_K7_nzP0d25,p8_g16_l20,GreedyRecomputerMask0,97,7125,6464,45,661,18.216867,3116,1512
instance_CG_N15_K7_nzP0d25,p8_g16_l20,GreedyRecomputerMask1,107,6914,6240,45,674,18.216867,3116,1512
instance_CG_N15_K7_nzP0d25,p8_g16_l20,GreedyRecomputerMask3,177,6382,5244,32,1138,18.216867,3116,1512
instance_CG_N15_K7_nzP0d25,p8_g16_l20,GreedyRecomputerMask7,402,5965,4536,31,1429,18.216867,3116,1512
instance_CG_N15_K7_nzP0d25,p8_g16_l20,GreedyRecomputerMask2,173,6412,5276,32,1136,18.216867,3116,1512
instance_CG_N15_K7_nzP0d25,p8_g16_l20,GreedyRecomputerMask4,180,6954,6220,44,734,18.216867,3116,1512
instance_CG_N15_K7_nzP0d25,p8_g16_l20,GreedyBspHC,81,7648,6988,48,660,18.216867,3116,1512
simple2.1.psdd,p8_g16_l20,GreedyRecomputerMask0,0,6,0,1,6,7.000000,5,7
simple2.1.psdd,p8_g16_l20,GreedyRecomputerMask1,0,6,0,1,6,7.000000,5,7
simple2.1.psdd,p8_g16_l20,GreedyRecomputerMask3,0,6,0,1,6,7.000000,5,7
simple2.1.psdd,p8_g16_l20,GreedyRecomputerMask7,0,6,0,1,6,7.000000,5,7
simple2.1.psdd,p8_g16_l20,GreedyRecomputerMask2,0,6,0,1,6,7.000000,5,7
simple2.1.psdd,p8_g16_l20,GreedyRecomputerMask4,0,6,0,1,6,7.000000,5,7
simple2.1.psdd,p8_g16_l20,GreedyBspHC,0,6,0,1,6,7.000000,5,7
Dubcova2,p8_g16_l20,GreedyRecomputerMask0,37422,161416,97928,247,63488,39.819351,482600,65025
Dubcova2,p8_g16_l20,GreedyRecomputerMask1,47765,131820,64900,246,66920,39.819351,482600,65025
Dubcova2,p8_g16_l20,GreedyRecomputerMask3,52096,123544,50504,219,73040,39.819351,482600,65025
Dubcova2,p8_g16_l20,GreedyRecomputerMask7,70572,123520,50488,219,73032,39.819351,482600,65025
Dubcova2,p8_g16_l20,GreedyRecomputerMask2,42116,135604,65132,220,70472,39.819351,482600,65025
Dubcova2,p8_g16_l20,GreedyRecomputerMask4,49484,161353,97868,244,63485,39.819351,482600,65025
Dubcova2,p8_g16_l20,GreedyBspHC,35312,188555,125332,286,63223,39.819351,482600,65025
instance_kNN_N30_K10_nzP0d15,p8_g16_l20,GreedyRecomputerMask0,157,4138,3648,17,490,79.250000,3519,1585
instance_kNN_N30_K10_nzP0d15,p8_g16_l20,GreedyRecomputerMask1,166,3398,2860,16,538,79.250000,3519,1585
instance_kNN_N30_K10_nzP0d15,p8_g16_l20,GreedyRecomputerMask3,211,3033,2252,12,781,79.250000,3519,1585
instance_kNN_N30_K10_nzP0d15,p8_g16_l20,GreedyRecomputerMask7,343,3033,2252,12,781,79.250000,3519,1585
instance_kNN_N30_K10_nzP0d15,p8_g16_l20,GreedyRecomputerMask2,213,3108,1924,10,1184,79.250000,3519,1585
instance_kNN_N30_K10_nzP0d15,p8_g16_l20,GreedyRecomputerMask4,243,4138,3648,17,490,79.250000,3519,1585
instance_kNN_N30_K10_nzP0d15,p8_g16_l20,GreedyBspHC,129,4618,4128,17,490,79.250000,3519,1585
sts4098,p8_g16_l20,GreedyRecomputerMask0,786,19027,13708,76,5319,22.893855,34129,4098
sts4098,p8_g16_l20,GreedyRecomputerMask1,890,18068,12588,76,5480,22.893855,34129,4098
sts4098,p8_g16_l20,GreedyRecomputerMask3,1038,17806,12324,70,5482,22.893855,34129,4098
sts4098,p8_g16_l20,GreedyRecomputerMask7,1697,17795,12308,70,5487,22.893855,34129,4098
sts4098,p8_g16_l20,GreedyRecomputerMask2,999,18646,13040,69,5606,22.893855,34129,4098
sts4098,p8_g16_l20,GreedyRecomputerMask4,1243,18975,13656,75,5319,22.893855,34129,4098
sts4098,p8_g16_l20,GreedyBspHC,658,22584,17292,81,5292,22.893855,34129,4098
instance_conjugate_gradient_gyro_m,p8_g16_l20,GreedyRecomputerMask0,4144,322894,270760,3983,52134,2.363321,70893,47023
instance_conjugate_gradient_gyro_m,p8_g16_l20,GreedyRecomputerMask1,5834,322843,270708,3982,52135,2.363321,70893,47023
instance_conjugate_gradient_gyro_m,p8_g16_l20,GreedyRecomputerMask3,27305,83981,0,1,83981,2.363321,70893,47023
instance_conjugate_gradient_gyro_m,p8_g16_l20,GreedyRecomputerMask7,32116,83981,0,1,83981,2.363321,70893,47023
instance_conjugate_gradient_gyro_m,p8_g16_l20,GreedyRecomputerMask2,26629,83981,0,1,83981,2.363321,70893,47023
instance_conjugate_gradient_gyro_m,p8_g16_l20,GreedyRecomputerMask4,8606,278120,223000,3983,55120,2.363321,70893,47023
instance_conjugate_gradient_gyro_m,p8_g16_l20,GreedyBspHC,3643,322894,270760,3984,52134,2.363321,70893,47023
instance_kNN_N30_K12_nzP0d15,p8_g16_l20,GreedyRecomputerMask0,177,4788,4172,20,616,81.291667,4437,1951
instance_kNN_N30_K12_nzP0d15,p8_g16_l20,GreedyRecomputerMask1,195,4052,3400,19,652,81.291667,4437,1951
instance_kNN_N30_K12_nzP0d15,p8_g16_l20,GreedyRecomputerMask3,252,3791,3000,15,791,81.291667,4437,1951
instance_kNN_N30_K12_nzP0d15,p8_g16_l20,GreedyRecomputerMask7,414,3791,3000,15,791,81.291667,4437,1951
instance_kNN_N30_K12_nzP0d15,p8_g16_l20,GreedyRecomputerMask2,256,3785,1956,10,1829,81.291667,4437,1951
instance_kNN_N30_K12_nzP0d15,p8_g16_l20,GreedyRecomputerMask4,225,4788,4172,20,616,81.291667,4437,1951
instance_kNN_N30_K12_nzP0d15,p8_g16_l20,GreedyBspHC,148,5636,5020,20,616,81.291667,4437,1951
bcsstk13,p8_g16_l20,GreedyRecomputerMask0,4173,38384,19732,194,18652,3.477431,40940,2003
bcsstk13,p8_g16_l20,GreedyRecomputerMask1,4240,38062,19344,193,18718,3.477431,40940,2003
bcsstk13,p8_g16_l20,GreedyRecomputerMask3,4452,37675,18944,177,18731,3.477431,40940,2003
bcsstk13,p8_g16_l20,GreedyRecomputerMask7,5342,37653,18912,177,18741,3.477431,40940,2003
bcsstk13,p8_g16_l20,GreedyRecomputerMask2,4425,37987,19344,177,18643,3.477431,40940,2003
bcsstk13,p8_g16_l20,GreedyRecomputerMask4,4886,38372,19716,194,18656,3.477431,40940,2003
bcsstk13,p8_g16_l20,GreedyBspHC,4041,49102,30424,235,18678,3.477431,40940,2003
pumsb_star.psdd,p8_g16_l20,GreedyRecomputerMask0,2606,47847,42780,16,5067,1429.785714,110115,40034
pumsb_star.psdd,p8_g16_l20,GreedyRecomputerMask1,4290,42531,37116,16,5415,1429.785714,110115,40034
pumsb_star.psdd,p8_g16_l20,GreedyRecomputerMask3,6187,29732,14784,9,14948,1429.785714,110115,40034
pumsb_star.psdd,p8_g16_l20,GreedyRecomputerMask7,11225,29732,14784,9,14948,1429.785714,110115,40034
pumsb_star.psdd,p8_g16_l20,GreedyRecomputerMask2,4567,30156,15200,9,14956,1429.785714,110115,40034
pumsb_star.psdd,p8_g16_l20,GreedyRecomputerMask4,4073,47847,42780,16,5067,1429.785714,110115,40034
pumsb_star.psdd,p8_g16_l20,GreedyBspHC,2047,54023,48956,16,5067,1429.785714,110115,40034
m_t1,p8_g16_l20,GreedyRecomputerMask0,30573,940938,277276,240,663662,22.878781,4827996,97578
m_t1,p8_g16_l20,GreedyRecomputerMask1,41689,938935,273980,240,664955,22.878781,4827996,97578
m_t1,p8_g16_l20,GreedyRecomputerMask3,67365,938935,273980,240,664955,22.878781,4827996,97578
m_t1,p8_g16_l20,GreedyRecomputerMask7,208433,938751,273772,240,664979,22.878781,4827996,97578
m_t1,p8_g16_l20,GreedyRecomputerMask2,43535,940938,277276,240,663662,22.878781,4827996,97578
m_t1,p8_g16_l20,GreedyRecomputerMask4,119294,940599,276956,240,663643,22.878781,4827996,97578
m_t1,p8_g16_l20,GreedyBspHC,19477,1054904,391184,256,663720,22.878781,4827996,97578
dna-500.psdd,p8_g16_l20,GreedyRecomputerMask0,5704,55160,33316,26,21844,2098.012048,552352,174135
dna-500.psdd,p8_g16_l20,GreedyRecomputerMask1,7795,51404,29348,26,22056,2098.012048,552352,174135
dna-500.psdd,p8_g16_l20,GreedyRecomputerMask3,13144,50531,28300,24,22231,2098.012048,552352,174135
dna-500.psdd,p8_g16_l20,GreedyRecomputerMask7,29389,50531,28300,24,22231,2098.012048,552352,174135
dna-500.psdd,p8_g16_l20,GreedyRecomputerMask2,11252,50368,26180,22,24188,2098.012048,552352,174135
dna-500.psdd,p8_g16_l20,GreedyRecomputerMask4,17032,55160,33316,26,21844,2098.012048,552352,174135
dna-500.psdd,p8_g16_l20,GreedyBspHC,3493,59335,37492,26,21843,2098.012048,552352,174135
instance_exp_N40_K5_nzP0d15,p8_g16_l20,GreedyRecomputerMask0,119,4081,3588,10,493,163.200000,3480,1632
instance_exp_N40_K5_nzP0d15,p8_g16_l20,GreedyRecomputerMask1,156,3068,2516,10,552,163.200000,3480,1632
instance_exp_N40_K5_nzP0d15,p8_g16_l20,GreedyRecomputerMask3,196,2671,2044,8,627,163.200000,3480,1632
instance_exp_N40_K5_nzP0d15,p8_g16_l20,GreedyRecomputerMask7,337,2671,2044,8,627,163.200000,3480,1632
instance_exp_N40_K5_nzP0d15,p8_g16_l20,GreedyRecomputerMask2,188,3001,928,5,2073,163.200000,3480,1632
instance_exp_N40_K5_nzP0d15,p8_g16_l20,GreedyRecomputerMask4,162,4081,3588,10,493,163.200000,3480,1632
instance_exp_N40_K5_nzP0d15,p8_g16_l20,GreedyBspHC,94,4449,3956,10,493,163.200000,3480,1632
nltcs.10split.psdd,p8_g16_l20,GreedyRecomputerMask0,13,510,488,7,22,14.875000,192,119
nltcs.10split.psdd,p8_g16_l20,GreedyRecomputerMask1,14,338,308,6,30,14.875000,192,119
nltcs.10split.psdd,p8_g16_l20,GreedyRecomputerMask3,16,110,0,1,110,14.875000,192,119
nltcs.10split.psdd,p8_g16_l20,GreedyRecomputerMask7,23,110,0,1,110,14.875000,192,119
nltcs.10split.psdd,p8_g16_l20,GreedyRecomputerMask2,16,110,0,1,110,14.875000,192,119
nltcs.10split.psdd,p8_g16_l20,GreedyRecomputerMask4,16,510,488,7,22,14.875000,192,119
nltcs.10split.psdd,p8_g16_l20,GreedyBspHC,11,542,520,7,22,14.875000,192,119
nasa4704,p8_g16_l20,GreedyRecomputerMask0,740,28834,20508,136,8326,14.254545,50026,4704
nasa4704,p8_g16_l20,GreedyRecomputerMask1,844,28489,20060,136,8429,14.254545,50026,4704
nasa4704,p8_g16_l20,GreedyRecomputerMask3,1064,28233,19716,130,8517,14.254545,50026,4704
nasa4704,p8_g16_l20,GreedyRecomputerMask7,1983,28175,19652,130,8523,14.254545,50026,4704
nasa4704,p8_g16_l20,GreedyRecomputerMask2,1031,28583,20180,130,8403,14.254545,50026,4704
nasa4704,p8_g16_l20,GreedyRecomputerMask4,1740,28776,20444,136,8332,14.254545,50026,4704
nasa4704,p8_g16_l20,GreedyBspHC,589,35301,26972,140,8329,14.254545,50026,4704
thermal1,p8_g16_l20,GreedyRecomputerMask0,6189,96313,65068,88,31245,85.210309,245902,82654
thermal1,p8_g16_l20,GreedyRecomputerMask1,23001,62300,30540,88,31760,85.210309,245902,82654
thermal1,p8_g16_l20,GreedyRecomputerMask3,25256,61041,29184,81,31857,85.210309,245902,82654
thermal1,p8_g16_l20,GreedyRecomputerMask7,34615,61022,29168,81,31854,85.210309,245902,82654
thermal1,p8_g16_l20,GreedyRecomputerMask2,9138,85556,44812,80,40744,85.210309,245902,82654
thermal1,p8_g16_l20,GreedyRecomputerMask4,12755,96293,65048,87,31245,85.210309,245902,82654
thermal1,p8_g16_l20,GreedyBspHC,5131,104371,73132,89,31239,85.210309,245902,82654
cfd1,p8_g16_l20,GreedyRecomputerMask0,41601,467677,321604,1966,146073,16.283936,878854,70656
cfd1,p8_g16_l20,GreedyRecomputerMask1,43765,465819,318612,1966,147207,16.283936,878854,70656
cfd1,p8_g16_l20,GreedyRecomputerMask3,48123,465463,318284,1944,147179,16.283936,878854,70656
cfd1,p8_g16_l20,GreedyRecomputerMask7,65477,465463,318284,1944,147179,16.283936,878854,70656
cfd1,p8_g16_l20,GreedyRecomputerMask2,47466,467406,321372,1944,146034,16.283936,878854,70656
cfd1,p8_g16_l20,GreedyRecomputerMask4,53855,467677,321604,1966,146073,16.283936,878854,70656
cfd1,p8_g16_l20,GreedyBspHC,38255,619131,473140,1981,145991,16.283936,878854,70656
instance_CG_N45_K13_nzP0d15,p8_g16_l20,GreedyRecomputerMask0,1201,32964,28948,86,4016,63.135484,22088,9786
instance_CG_N45_K13_nzP0d15,p8_g16_l20,GreedyRecomputerMask1,1285,31837,27748,86,4089,63.135484,22088,9786
instance_CG_N45_K13_nzP0d15,p8_g16_l20,GreedyRecomputerMask3,1753,31237,27032,79,4205,63.135484,22088,9786
instance_CG_N45_K13_nzP0d15,p8_g16_l20,GreedyRecomputerMask7,2830,31173,26968,79,4205,63.135484,22088,9786
instance_CG_N45_K13_nzP0d15,p8_g16_l20,GreedyRecomputerMask2,1537,31566,27384,79,4182,63.135484,22088,9786
instance_CG_N45_K13_nzP0d15,p8_g16_l20,GreedyRecomputerMask4,1767,32900,28884,86,4016,63.135484,22088,9786
instance_CG_N45_K13_nzP0d15,p8_g16_l20,GreedyBspHC,1071,35876,31868,90,4008,63.135484,22088,9786
instance_kNN_N30_K8_nzP0d15,p8_g16_l20,GreedyRecomputerMask0,100,3094,2732,12,362,76.187500,2601,1219
instance_kNN_N30_K8_nzP0d15,p8_g16_l20,GreedyRecomputerMask1,114,2443,2040,11,403,76.187500,2601,1219
instance_kNN_N30_K8_nzP0d15,p8_g16_l20,GreedyRecomputerMask3,158,2037,1024,5,1013,76.187500,2601,1219
instance_kNN_N30_K8_nzP0d15,p8_g16_l20,GreedyRecomputerMask7,257,2037,1024,5,1013,76.187500,2601,1219
instance_kNN_N30_K8_nzP0d15,p8_g16_l20,GreedyRecomputerMask2,157,2190,748,4,1442,76.187500,2601,1219
instance_kNN_N30_K8_nzP0d15,p8_g16_l20,GreedyRecomputerMask4,172,3094,2732,12,362,76.187500,2601,1219
instance_kNN_N30_K8_nzP0d15,p8_g16_l20,GreedyBspHC,86,3414,3052,12,362,76.187500,2601,1219
instance_spmv_N70_nzP0d19,p8_g16_l20,GreedyRecomputerMask0,140,2867,2408,3,459,960.000000,2670,1920
instance_spmv_N70_nzP0d19,p8_g16_l20,GreedyRecomputerMask1,170,2208,1704,3,504,960.000000,2670,1920
instance_spmv_N70_nzP0d19,p8_g16_l20,GreedyRecomputerMask3,192,802,0,1,802,960.000000,2670,1920
instance_spmv_N70_nzP0d19,p8_g16_l20,GreedyRecomputerMask7,296,802,0,1,802,960.000000,2670,1920
instance_spmv_N70_nzP0d19,p8_g16_l20,GreedyRecomputerMask2,170,802,0,1,802,960.000000,2670,1920
instance_spmv_N70_nzP0d19,p8_g16_l20,GreedyRecomputerMask4,247,2867,2408,3,459,960.000000,2670,1920
instance_spmv_N70_nzP0d19,p8_g16_l20,GreedyBspHC,122,2883,2424,3,459,960.000000,2670,1920
nasa1824,p8_g16_l20,GreedyRecomputerMask0,391,12784,9336,79,3448,9.859459,18692,1824
nasa1824,p8_g16_l20,GreedyRecomputerMask1,408,12703,9240,79,3463,9.859459,18692,1824
nasa1824,p8_g16_l20,GreedyRecomputerMask3,509,12420,8904,75,3516,9.859459,18692,1824
nasa1824,p8_g16_l20,GreedyRecomputerMask7,852,12419,8904,75,3515,9.859459,18692,1824
nasa1824,p8_g16_l20,GreedyRecomputerMask2,501,12515,9016,75,3499,9.859459,18692,1824
nasa1824,p8_g16_l20,GreedyRecomputerMask4,633,12736,9288,79,3448,9.859459,18692,1824
nasa1824,p8_g16_l20,GreedyBspHC,333,15803,12348,87,3455,9.859459,18692,1824
kdd.psdd,p8_g16_l20,GreedyRecomputerMask0,2214,38174,34088,11,4086,1601.050000,79972,32021
kdd.psdd,p8_g16_l20,GreedyRecomputerMask1,3285,34937,30664,11,4273,1601.050000,79972,32021
kdd.psdd,p8_g16_l20,GreedyRecomputerMask3,4615,23152,13096,7,10056,1601.050000,79972,32021
kdd.psdd,p8_g16_l20,GreedyRecomputerMask7,8374,23152,13096,7,10056,1601.050000,79972,32021
kdd.psdd,p8_g16_l20,GreedyRecomputerMask2,3460,23944,13848,7,10096,1601.050000,79972,32021
kdd.psdd,p8_g16_l20,GreedyRecomputerMask4,4480,38174,34088,11,4086,1601.050000,79972,32021
kdd.psdd,p8_g16_l20,GreedyBspHC,1813,41212,37128,11,4084,1601.050000,79972,32021
thermomech_TC,p8_g16_l20,GreedyRecomputerMask0,10470,178747,140608,9,38139,318.249221,304700,102158
thermomech_TC,p8_g16_l20,GreedyRecomputerMask1,272273,93918,52496,9,41422,318.249221,304700,102158
thermomech_TC,p8_g16_l20,GreedyRecomputerMask3,273428,60102,220,4,59882,318.249221,304700,102158
thermomech_TC,p8_g16_l20,GreedyRecomputerMask7,288995,60079,204,4,59875,318.249221,304700,102158
thermomech_TC,p8_g16_l20,GreedyRecomputerMask2,14869,60619,248,3,60371,318.249221,304700,102158
thermomech_TC,p8_g16_l20,GreedyRecomputerMask4,21129,178730,140592,9,38138,318.249221,304700,102158
thermomech_TC,p8_g16_l20,GreedyBspHC,8652,179995,141860,10,38135,318.249221,304700,102158
instance_spmv_N120_nzP0d18,p8_g16_l20,GreedyRecomputerMask0,381,7300,6008,3,1292,2663.000000,7629,5326
instance_spmv_N120_nzP0d18,p8_g16_l20,GreedyRecomputerMask1,483,5996,4616,3,1380,2663.000000,7629,5326
instance_spmv_N120_nzP0d18,p8_g16_l20,GreedyRecomputerMask3,549,2218,0,1,2218,2663.000000,7629,5326
instance_spmv_N120_nzP0d18,p8_g16_l20,GreedyRecomputerMask7,850,2218,0,1,2218,2663.000000,7629,5326
instance_spmv_N120_nzP0d18,p8_g16_l20,GreedyRecomputerMask2,461,2218,0,1,2218,2663.000000,7629,5326
instance_spmv_N120_nzP0d18,p8_g16_l20,GreedyRecomputerMask4,524,7300,6008,3,1292,2663.000000,7629,5326
instance_spmv_N120_nzP0d18,p8_g16_l20,GreedyBspHC,326,7332,6040,3,1292,2663.000000,7629,5326
raefsky4,p8_g16_l20,GreedyRecomputerMask0,3166,150428,63756,100,86672,54.040984,654416,19779
raefsky4,p8_g16_l20,GreedyRecomputerMask1,4212,148852,61404,100,87448,54.040984,654416,19779
raefsky4,p8_g16_l20,GreedyRecomputerMask3,6106,148812,61364,98,87448,54.040984,654416,19779
raefsky4,p8_g16_l20,GreedyRecomputerMask7,17272,148812,61364,98,87448,54.040984,654416,19779
raefsky4,p8_g16_l20,GreedyRecomputerMask2,5750,150388,63716,98,86672,54.040984,654416,19779
raefsky4,p8_g16_l20,GreedyRecomputerMask4,10880,150428,63756,100,86672,54.040984,654416,19779
raefsky4,p8_g16_l20,GreedyBspHC,1648,175623,88972,102,86651,54.040984,654416,19779
instance_exp_N60_K17_nzP0d13,p8_g16_l20,GreedyRecomputerMask0,665,21330,18356,26,2974,268.382353,22821,9125
instance_exp_N60_K17_nzP0d13,p8_g16_l20,GreedyRecomputerMask1,940,17441,14212,26,3229,268.382353,22821,9125
instance_exp_N60_K17_nzP0d13,p8_g16_l20,GreedyRecomputerMask3,1219,16831,13496,23,3335,268.382353,22821,9125
instance_exp_N60_K17_nzP0d13,p8_g16_l20,GreedyRecomputerMask7,2047,16831,13496,23,3335,268.382353,22821,9125
instance_exp_N60_K17_nzP0d13,p8_g16_l20,GreedyRecomputerMask2,1045,17468,12032,21,5436,268.382353,22821,9125
instance_exp_N60_K17_nzP0d13,p8_g16_l20,GreedyRecomputerMask4,936,21330,18356,26,2974,268.382353,22821,9125
instance_exp_N60_K17_nzP0d13,p8_g16_l20,GreedyBspHC,528,23106,20132,26,2974,268.382353,22821,9125
instance_spmv_N65_nzP0d18,p8_g16_l20,GreedyRecomputerMask0,112,2469,2088,3,381,802.000000,2211,1604
instance_spmv_N65_nzP0d18,p8_g16_l20,GreedyRecomputerMask1,135,1853,1432,3,421,802.000000,2211,1604
instance_spmv_N65_nzP0d18,p8_g16_l20,GreedyRecomputerMask3,154,669,0,1,669,802.000000,2211,1604
instance_spmv_N65_nzP0d18,p8_g16_l20,GreedyRecomputerMask7,242,669,0,1,669,802.000000,2211,1604
instance_spmv_N65_nzP0d18,p8_g16_l20,GreedyRecomputerMask2,137,669,0,1,669,802.000000,2211,1604
instance_spmv_N65_nzP0d18,p8_g16_l20,GreedyRecomputerMask4,153,2469,2088,3,381,802.000000,2211,1604
instance_spmv_N65_nzP0d18,p8_g16_l20,GreedyBspHC,97,2501,2120,3,381,802.000000,2211,1604
instance_CG_N40_K10_nzP0d2,p8_g16_l20,GreedyRecomputerMask0,878,24450,21488,65,2962,61.638655,16632,7335
instance_CG_N40_K10_nzP0d2,p8_g16_l20,GreedyRecomputerMask1,939,23282,20240,65,3042,61.638655,16632,7335
instance_CG_N40_K10_nzP0d2,p8_g16_l20,GreedyRecomputerMask3,1172,22745,19596,60,3149,61.638655,16632,7335
instance_CG_N40_K10_nzP0d2,p8_g16_l20,GreedyRecomputerMask7,1790,22745,19596,60,3149,61.638655,16632,7335
instance_CG_N40_K10_nzP0d2,p8_g16_l20,GreedyRecomputerMask2,1135,23158,20028,60,3130,61.638655,16632,7335
instance_CG_N40_K10_nzP0d2,p8_g16_l20,GreedyRecomputerMask4,1299,24450,21488,65,2962,61.638655,16632,7335
instance_CG_N40_K10_nzP0d2,p8_g16_l20,GreedyBspHC,771,26736,23776,69,2960,61.638655,16632,7335
baudio.psdd,p8_g16_l20,GreedyRecomputerMask0,1874,36782,32408,15,4374,1329.500000,94229,34567
baudio.psdd,p8_g16_l20,GreedyRecomputerMask1,3072,32958,28340,14,4618,1329.500000,94229,34567
baudio.psdd,p8_g16_l20,GreedyRecomputerMask3,4681,21129,4748,8,16381,1329.500000,94229,34567
baudio.psdd,p8_g16_l20,GreedyRecomputerMask7,9051,21129,4748,8,16381,1329.500000,94229,34567
baudio.psdd,p8_g16_l20,GreedyRecomputerMask2,3609,21193,4812,8,16381,1329.500000,94229,34567
baudio.psdd,p8_g16_l20,GreedyRecomputerMask4,4315,36782,32408,15,4374,1329.500000,94229,34567
baudio.psdd,p8_g16_l20,GreedyBspHC,1410,40894,36520,15,4374,1329.500000,94229,34567
instance_exp_N100_K40_nzP0d2,p8_g16_l20,GreedyRecomputerMask0,5804,184700,155148,60,29552,1042.425000,232080,83394
instance_exp_N100_K40_nzP0d2,p8_g16_l20,GreedyRecomputerMask1,11517,163608,132636,60,30972,1042.425000,232080,83394
instance_exp_N100_K40_nzP0d2,p8_g16_l20,GreedyRecomputerMask3,14966,161132,129700,58,31432,1042.425000,232080,83394
instance_exp_N100_K40_nzP0d2,p8_g16_l20,GreedyRecomputerMask7,23461,161132,129700,58,31432,1042.425000,232080,83394
instance_exp_N100_K40_nzP0d2,p8_g16_l20,GreedyRecomputerMask2,10540,175509,144996,58,30513,1042.425000,232080,83394
instance_exp_N100_K40_nzP0d2,p8_g16_l20,GreedyRecomputerMask4,12275,184700,155148,60,29552,1042.425000,232080,83394
instance_exp_N100_K40_nzP0d2,p8_g16_l20,GreedyBspHC,4353,193516,163980,60,29536,1042.425000,232080,83394
ad.psdd,p8_g16_l20,GreedyRecomputerMask0,1932,28152,25316,22,2836,464.104167,47345,22277
ad.psdd,p8_g16_l20,GreedyRecomputerMask1,4394,19536,16144,21,3392,464.104167,47345,22277
ad.psdd,p8_g16_l20,GreedyRecomputerMask3,5154,10666,3100,12,7566,464.104167,47345,22277
ad.psdd,p8_g16_l20,GreedyRecomputerMask7,7888,10666,3100,12,7566,464.104167,47345,22277
ad.psdd,p8_g16_l20,GreedyRecomputerMask2,2770,11386,1928,11,9458,464.104167,47345,22277
ad.psdd,p8_g16_l20,GreedyRecomputerMask4,3574,28152,25316,22,2836,464.104167,47345,22277
ad.psdd,p8_g16_l20,GreedyBspHC,1652,31064,28228,22,2836,464.104167,47345,22277
1138_bus,p8_g16_l20,GreedyRecomputerMask0,48,1350,1148,8,202,56.900000,1458,1138
1138_bus,p8_g16_l20,GreedyRecomputerMask1,55,983,780,8,203,56.900000,1458,1138
1138_bus,p8_g16_l20,GreedyRecomputerMask3,68,340,0,1,340,56.900000,1458,1138
1138_bus,p8_g16_l20,GreedyRecomputerMask7,122,340,0,1,340,56.900000,1458,1138
1138_bus,p8_g16_l20,GreedyRecomputerMask2,62,340,0,1,340,56.900000,1458,1138
1138_bus,p8_g16_l20,GreedyRecomputerMask4,71,1350,1148,8,202,56.900000,1458,1138
1138_bus,p8_g16_l20,GreedyBspHC,38,1446,1244,8,202,56.900000,1458,1138
instance_exp_N90_K7_nzP0d14,p8_g16_l20,GreedyRecomputerMask0,833,25423,22300,12,3123,688.000000,23394,9632
instance_exp_N90_K7_nzP0d14,p8_g16_l20,GreedyRecomputerMask1,1805,18242,14636,12,3606,688.000000,23394,9632
instance_exp_N90_K7_nzP0d14,p8_g16_l20,GreedyRecomputerMask3,2135,16909,13028,10,3881,688.000000,23394,9632
instance_exp_N90_K7_nzP0d14,p8_g16_l20,GreedyRecomputerMask7,3088,16909,13028,10,3881,688.000000,23394,9632
instance_exp_N90_K7_nzP0d14,p8_g16_l20,GreedyRecomputerMask2,1307,20984,17332,10,3652,688.000000,23394,9632
instance_exp_N90_K7_nzP0d14,p8_g16_l20,GreedyRecomputerMask4,1554,25423,22300,12,3123,688.000000,23394,9632
instance_exp_N90_K7_nzP0d14,p8_g16_l20,GreedyBspHC,679,26543,23420,12,3123,688.000000,23394,9632
bbc.psdd,p8_g16_l20,GreedyRecomputerMask0,1844,32675,29360,17,3315,591.431818,54018,26023
bbc.psdd,p8_g16_l20,GreedyRecomputerMask1,4955,22537,18544,17,3993,591.431818,54018,26023
bbc.psdd,p8_g16_l20,GreedyRecomputerMask3,5951,15406,6092,12,9314,591.431818,54018,26023
bbc.psdd,p8_g16_l20,GreedyRecomputerMask7,9007,15381,6060,12,9321,591.431818,54018,26023
bbc.psdd,p8_g16_l20,GreedyRecomputerMask2,2830,16684,7404,12,9280,591.431818,54018,26023
bbc.psdd,p8_g16_l20,GreedyRecomputerMask4,3694,32675,29360,17,3315,591.431818,54018,26023
bbc.psdd,p8_g16_l20,GreedyBspHC,1536,34112,30816,17,3296,591.431818,54018,26023
Dubcova1,p8_g16_l20,GreedyRecomputerMask0,8082,50931,34128,173,16803,22.878014,118440,16129
Dubcova1,p8_g16_l20,GreedyRecomputerMask1,9177,43522,26032,173,17490,22.878014,118440,16129
Dubcova1,p8_g16_l20,GreedyRecomputerMask3,10195,40572,21424,149,19148,22.878014,118440,16129
Dubcova1,p8_g16_l20,GreedyRecomputerMask7,14436,40547,21340,148,19207,22.878014,118440,16129
Dubcova1,p8_g16_l20,GreedyRecomputerMask2,9230,43026,23572,146,19454,22.878014,118440,16129
Dubcova1,p8_g16_l20,GreedyRecomputerMask4,10838,50832,33992,171,16840,22.878014,118440,16129
Dubcova1,p8_g16_l20,GreedyBspHC,7577,61762,45004,196,16758,22.878014,118440,16129
instance_spmv_N130_nzP0d22,p8_g16_l20,GreedyRecomputerMask0,536,9952,8120,3,1832,3741.000000,10833,7482
instance_spmv_N130_nzP0d22,p8_g16_l20,GreedyRecomputerMask1,689,8497,6568,3,1929,3741.000000,10833,7482
instance_spmv_N130_nzP0d22,p8_g16_l20,GreedyRecomputerMask3,764,3123,0,1,3123,3741.000000,10833,7482
instance_spmv_N130_nzP0d22,p8_g16_l20,GreedyRecomputerMask7,1211,3123,0,1,3123,3741.000000,10833,7482
instance_spmv_N130_nzP0d22,p8_g16_l20,GreedyRecomputerMask2,649,3123,0,1,3123,3741.000000,10833,7482
instance_spmv_N130_nzP0d22,p8_g16_l20,GreedyRecomputerMask4,990,9952,8120,3,1832,3741.000000,10833,7482
instance_spmv_N130_nzP0d22,p8_g16_l20,GreedyBspHC,454,10032,8200,3,1832,3741.000000,10833,7482
Andrews,p8_g16_l20,GreedyRecomputerMask0,9132,232201,188064,13,44137,1304.347826,350077,60000
Andrews,p8_g16_l20,GreedyRecomputerMask1,121701,169219,118832,13,50387,1304.347826,350077,60000
Andrews,p8_g16_l20,GreedyRecomputerMask3,129795,132237,37468,8,94769,1304.347826,350077,60000
Andrews,p8_g16_l20,GreedyRecomputerMask7,144476,132222,37468,8,94754,1304.347826,350077,60000
Andrews,p8_g16_l20,GreedyRecomputerMask2,15310,148298,22696,7,125602,1304.347826,350077,60000
Andrews,p8_g16_l20,GreedyRecomputerMask4,18126,232201,188064,13,44137,1304.347826,350077,60000
Andrews,p8_g16_l20,GreedyBspHC,6993,234057,189920,14,44137,1304.347826,350077,60000
msnbc-yitao-c.psdd,p8_g16_l20,GreedyRecomputerMask0,429,8600,7972,6,628,997.800000,7164,4989
msnbc-yitao-c.psdd,p8_g16_l20,GreedyRecomputerMask1,791,5315,4468,6,847,997.800000,7164,4989
msnbc-yitao-c.psdd,p8_g16_l20,GreedyRecomputerMask3,870,3018,1288,3,1730,997.800000,7164,4989
msnbc-yitao-c.psdd,p8_g16_l20,GreedyRecomputerMask7,1202,3018,1288,3,1730,997.800000,7164,4989
msnbc-yitao-c.psdd,p8_g16_l20,GreedyRecomputerMask2,524,3018,1288,3,1730,997.800000,7164,4989
msnbc-yitao-c.psdd,p8_g16_l20,GreedyRecomputerMask4,745,8600,7972,6,628,997.800000,7164,4989
msnbc-yitao-c.psdd,p8_g16_l20,GreedyBspHC,373,8696,8068,6,628,997.800000,7164,4989
bcsstk26,p8_g16_l20,GreedyRecomputerMask0,231,7571,4700,32,2871,11.791411,14207,1922
bcsstk26,p8_g16_l20,GreedyRecomputerMask1,252,7322,4396,32,2926,11.791411,14207,1922
bcsstk26,p8_g16_l20,GreedyRecomputerMask3,326,7102,4088,27,3014,11.791411,14207,1922
bcsstk26,p8_g16_l20,GreedyRecomputerMask7,604,7102,4088,27,3014,11.791411,14207,1922
bcsstk26,p8_g16_l20,GreedyRecomputerMask2,351,7117,3844,26,3273,11.791411,14207,1922
bcsstk26,p8_g16_l20,GreedyRecomputerMask4,525,7471,4600,31,2871,11.791411,14207,1922
bcsstk26,p8_g16_l20,GreedyBspHC,202,8536,5704,41,2832,11.791411,14207,1922
instance_CG_N120_K35_nzP0d11,p8_g16_l20,GreedyRecomputerMask0,9384,268379,229976,239,38403,230.751790,241842,96685
instance_CG_N120_K35_nzP0d11,p8_g16_l20,GreedyRecomputerMask1,12525,256901,217528,239,39373,230.751790,241842,96685
instance_CG_N120_K35_nzP0d11,p8_g16_l20,GreedyRecomputerMask3,15687,254642,214828,220,39814,230.751790,241842,96685
instance_CG_N120_K35_nzP0d11,p8_g16_l20,GreedyRecomputerMask7,24958,254641,214828,220,39813,230.751790,241842,96685
instance_CG_N120_K35_nzP0d11,p8_g16_l20,GreedyRecomputerMask2,13536,261259,222060,220,39199,230.751790,241842,96685
instance_CG_N120_K35_nzP0d11,p8_g16_l20,GreedyRecomputerMask4,16217,268363,229960,239,38403,230.751790,241842,96685
instance_CG_N120_K35_nzP0d11,p8_g16_l20,GreedyBspHC,7939,294853,256452,245,38401,230.751790,241842,96685
nasa2910,p8_g16_l20,GreedyRecomputerMask0,7549,51949,25552,165,26397,6.100629,85693,2910
nasa2910,p8_g16_l20,GreedyRecomputerMask1,7758,50020,23024,161,26996,6.100629,85693,2910
nasa2910,p8_g16_l20,GreedyRecomputerMask3,8206,49356,22308,138,27048,6.100629,85693,2910
nasa2910,p8_g16_l20,GreedyRecomputerMask7,10103,48953,21884,136,27069,6.100629,85693,2910
nasa2910,p8_g16_l20,GreedyRecomputerMask2,8221,50938,24480,133,26458,6.100629,85693,2910
nasa2910,p8_g16_l20,GreedyRecomputerMask4,8934,51600,25200,165,26400,6.100629,85693,2910
nasa2910,p8_g16_l20,GreedyBspHC,7294,64127,37988,212,26139,6.100629,85693,2910
gyro_m,p8_g16_l20,GreedyRecomputerMask0,3951,58116,35020,224,23096,18.647691,161535,17361
gyro_m,p8_g16_l20,GreedyRecomputerMask1,4257,57495,34252,224,23243,18.647691,161535,17361
gyro_m,p8_g16_l20,GreedyRecomputerMask3,5274,56912,33560,207,23352,18.647691,161535,17361
gyro_m,p8_g16_l20,GreedyRecomputerMask7,7931,56917,33560,207,23357,18.647691,161535,17361
gyro_m,p8_g16_l20,GreedyRecomputerMask2,4872,57553,34344,207,23209,18.647691,161535,17361
gyro_m,p8_g16_l20,GreedyRecomputerMask4,8293,57959,34836,222,23123,18.647691,161535,17361
gyro_m,p8_g16_l20,GreedyBspHC,3594,65891,42844,236,23047,18.647691,161535,17361
instance_kNN_N55_K14_nzP0d15,p4_g4_l20,GreedyRecomputerMask0,332,9880,5416,19,4464,247.892857,17244,6941
instance_kNN_N55_K14_nzP0d15,p4_g4_l20,GreedyRecomputerMask1,506,8992,4208,19,4784,247.892857,17244,6941
instance_kNN_N55_K14_nzP0d15,p4_g4_l20,GreedyRecomputerMask3,656,8894,4032,16,4862,247.892857,17244,6941
instance_kNN_N55_K14_nzP0d15,p4_g4_l20,GreedyRecomputerMask7,962,8894,4032,16,4862,247.892857,17244,6941
instance_kNN_N55_K14_nzP0d15,p4_g4_l20,GreedyRecomputerMask2,534,9352,4368,15,4984,247.892857,17244,6941
instance_kNN_N55_K14_nzP0d15,p4_g4_l20,GreedyRecomputerMask4,568,9880,5416,19,4464,247.892857,17244,6941
instance_kNN_N55_K14_nzP0d15,p4_g4_l20,GreedyBspHC,250,9962,5500,19,4462,247.892857,17244,6941
instance_exp_N30_K8_nzP0d15,p4_g4_l20,GreedyRecomputerMask0,72,2013,1204,15,809,87.187500,3024,1395
instance_exp_N30_K8_nzP0d15,p4_g4_l20,GreedyRecomputerMask1,87,1821,952,15,869,87.187500,3024,1395
instance_exp_N30_K8_nzP0d15,p4_g4_l20,GreedyRecomputerMask3,114,1737,800,12,937,87.187500,3024,1395
instance_exp_N30_K8_nzP0d15,p4_g4_l20,GreedyRecomputerMask7,165,1737,800,12,937,87.187500,3024,1395
instance_exp_N30_K8_nzP0d15,p4_g4_l20,GreedyRecomputerMask2,106,1824,904,12,920,87.187500,3024,1395
instance_exp_N30_K8_nzP0d15,p4_g4_l20,GreedyRecomputerMask4,91,2013,1204,15,809,87.187500,3024,1395
instance_exp_N30_K8_nzP0d15,p4_g4_l20,GreedyBspHC,59,2073,1264,15,809,87.187500,3024,1395
instance_kNN_N100_K50_nzP0d1,p4_g4_l20,GreedyRecomputerMask0,2483,75277,36916,62,38361,565.210000,151731,56521
instance_kNN_N100_K50_nzP0d1,p4_g4_l20,GreedyRecomputerMask1,3855,73107,33956,62,39151,565.210000,151731,56521
instance_kNN_N100_K50_nzP0d1,p4_g4_l20,GreedyRecomputerMask3,6143,72976,33704,60,39272,565.210000,151731,56521
instance_kNN_N100_K50_nzP0d1,p4_g4_l20,GreedyRecomputerMask7,9700,72976,33704,60,39272,565.210000,151731,56521
instance_kNN_N100_K50_nzP0d1,p4_g4_l20,GreedyRecomputerMask2,4450,74237,34960,59,39277,565.210000,151731,56521
instance_kNN_N100_K50_nzP0d1,p4_g4_l20,GreedyRecomputerMask4,4616,75277,36916,62,38361,565.210000,151731,56521
instance_kNN_N100_K50_nzP0d1,p4_g4_l20,GreedyBspHC,1790,76060,37756,62,38304,565.210000,151731,56521
msc10848,p4_g4_l20,GreedyRecomputerMask0,2220,180748,12552,26,168196,18.386441,609465,10848
msc10848,p4_g4_l20,GreedyRecomputerMask1,4394,179839,11440,26,168399,18.386441,609465,10848
msc10848,p4_g4_l20,GreedyRecomputerMask3,6600,179773,11400,25,168373,18.386441,609465,10848
msc10848,p4_g4_l20,GreedyRecomputerMask7,12942,179773,11400,25,168373,18.386441,609465,10848
msc10848,p4_g4_l20,GreedyRecomputerMask2,4415,180556,12416,25,168140,18.386441,609465,10848
msc10848,p4_g4_l20,GreedyRecomputerMask4,7576,180708,12512,26,168196,18.386441,609465,10848
msc10848,p4_g4_l20,GreedyBspHC,679,183847,15752,28,168095,18.386441,609465,10848
plants.psdd,p4_g4_l20,GreedyRecomputerMask0,2098,34449,18500,11,15949,3341.473684,167486,63488
plants.psdd,p4_g4_l20,GreedyRecomputerMask1,6002,32470,16032,11,16438,3341.473684,167486,63488
plants.psdd,p4_g4_l20,GreedyRecomputerMask3,7696,30659,11496,9,19163,3341.473684,167486,63488
plants.psdd,p4_g4_l20,GreedyRecomputerMask7,10705,30659,11496,9,19163,3341.473684,167486,63488
plants.psdd,p4_g4_l20,GreedyRecomputerMask2,3768,31720,12768,9,18952,3341.473684,167486,63488
plants.psdd,p4_g4_l20,GreedyRecomputerMask4,4412,34449,18500,11,15949,3341.473684,167486,63488
plants.psdd,p4_g4_l20,GreedyBspHC,1474,34731,18784,11,15947,3341.473684,167486,63488
cvxbqp1,p4_g4_l20,GreedyRecomputerMask0,2104,63280,25712,14,37568,2083.333333,149984,50000
cvxbqp1,p4_g4_l20,GreedyRecomputerMask1,41804,55745,16780,14,38965,2083.333333,149984,50000
cvxbqp1,p4_g4_l20,GreedyRecomputerMask3,43477,55670,16640,8,39030,2083.333333,149984,50000
cvxbqp1,p4_g4_l20,GreedyRecomputerMask7,47905,55662,16640,8,39022,2083.333333,149984,50000
cvxbqp1,p4_g4_l20,GreedyRecomputerMask2,4108,57436,13364,7,44072,2083.333333,149984,50000
cvxbqp1,p4_g4_l20,GreedyRecomputerMask4,4418,63280,25712,14,37568,2083.333333,149984,50000
cvxbqp1,p4_g4_l20,GreedyBspHC,1503,63340,25780,15,37560,2083.333333,149984,50000
asia.uai.psdd,p4_g4_l20,GreedyRecomputerMask0,2,136,120,5,16,8.600000,62,43
asia.uai.psdd,p4_g4_l20,GreedyRecomputerMask1,2,107,88,4,19,8.600000,62,43
asia.uai.psdd,p4_g4_l20,GreedyRecomputerMask3,3,42,0,1,42,8.600000,62,43
asia.uai.psdd,p4_g4_l20,GreedyRecomputerMask7,4,42,0,1,42,8.600000,62,43
asia.uai.psdd,p4_g4_l20,GreedyRecomputerMask2,3,42,0,1,42,8.600000,62,43
asia.uai.psdd,p4_g4_l20,GreedyRecomputerMask4,4,123,104,4,19,8.600000,62,43
asia.uai.psdd,p4_g4_l20,GreedyBspHC,2,142,128,5,14,8.600000,62,43
2cubes_sphere,p4_g4_l20,GreedyRecomputerMask0,599090,496437,260824,5818,235613,7.083473,772886,101492
2cubes_sphere,p4_g4_l20,GreedyRecomputerMask1,624701,488843,251040,5816,237803,7.083473,772886,101492
2cubes_sphere,p4_g4_l20,GreedyRecomputerMask3,631381,472776,230452,4717,242324,7.083473,772886,101492
2cubes_sphere,p4_g4_l20,GreedyRecomputerMask7,645630,472725,230400,4720,242325,7.083473,772886,101492
2cubes_sphere,p4_g4_l20,GreedyRecomputerMask2,612049,480795,240580,4681,240215,7.083473,772886,101492
2cubes_sphere,p4_g4_l20,GreedyRecomputerMask4,614802,496393,260772,5817,235621,7.083473,772886,101492
2cubes_sphere,p4_g4_l20,GreedyBspHC,601146,547391,311780,6116,235611,7.083473,772886,101492
instance_CG_N21_K5_nzP0d3,p4_g4_l20,GreedyRecomputerMask0,109,3284,2052,32,1232,32.000000,3996,1888
instance_CG_N21_K5_nzP0d3,p4_g4_l20,GreedyRecomputerMask1,123,3158,1884,32,1274,32.000000,3996,1888
instance_CG_N21_K5_nzP0d3,p4_g4_l20,GreedyRecomputerMask3,158,3014,1676,25,1338,32.000000,3996,1888
instance_CG_N21_K5_nzP0d3,p4_g4_l20,GreedyRecomputerMask7,232,3010,1672,25,1338,32.000000,3996,1888
instance_CG_N21_K5_nzP0d3,p4_g4_l20,GreedyRecomputerMask2,151,3034,1704,25,1330,32.000000,3996,1888
instance_CG_N21_K5_nzP0d3,p4_g4_l20,GreedyRecomputerMask4,159,3276,2044,32,1232,32.000000,3996,1888
instance_CG_N21_K5_nzP0d3,p4_g4_l20,GreedyBspHC,89,3444,2212,35,1232,32.000000,3996,1888
msnbc-yitao-d.psdd,p4_g4_l20,GreedyRecomputerMask0,208,3795,2728,6,1067,848.000000,6908,4240
msnbc-yitao-d.psdd,p4_g4_l20,GreedyRecomputerMask1,557,2877,1508,6,1369,848.000000,6908,4240
msnbc-yitao-d.psdd,p4_g4_l20,GreedyRecomputerMask3,648,2589,744,4,1845,848.000000,6908,4240
msnbc-yitao-d.psdd,p4_g4_l20,GreedyRecomputerMask7,795,2589,744,4,1845,848.000000,6908,4240
msnbc-yitao-d.psdd,p4_g4_l20,GreedyRecomputerMask2,264,2607,760,4,1847,848.000000,6908,4240
msnbc-yitao-d.psdd,p4_g4_l20,GreedyRecomputerMask4,269,3795,2728,6,1067,848.000000,6908,4240
msnbc-yitao-d.psdd,p4_g4_l20,GreedyBspHC,166,3807,2740,6,1067,848.000000,6908,4240
smt,p4_g4_l20,GreedyRecomputerMask0,23179,613514,45056,340,568458,5.519536,1863737,25710
smt,p4_g4_l20,GreedyRecomputerMask1,26289,612877,44380,340,568497,5.519536,1863737,25710
smt,p4_g4_l20,GreedyRecomputerMask3,33293,611503,43136,296,568367,5.519536,1863737,25710
smt,p4_g4_l20,GreedyRecomputerMask7,50018,611507,43140,296,568367,5.519536,1863737,25710
smt,p4_g4_l20,GreedyRecomputerMask2,32577,611968,43600,295,568368,5.519536,1863737,25710
smt,p4_g4_l20,GreedyRecomputerMask4,42131,613063,44604,335,568459,5.519536,1863737,25710
smt,p4_g4_l20,GreedyBspHC,18207,632016,63488,398,568528,5.519536,1863737,25710
c20ng.psdd,p4_g4_l20,GreedyRecomputerMask0,1336,17655,11184,18,6471,626.731707,56622,25696
c20ng.psdd,p4_g4_l20,GreedyRecomputerMask1,5191,14559,7096,18,7463,626.731707,56622,25696
c20ng.psdd,p4_g4_l20,GreedyRecomputerMask3,5945,13770,4432,14,9338,626.731707,56622,25696
c20ng.psdd,p4_g4_l20,GreedyRecomputerMask7,7065,13770,4432,14,9338,626.731707,56622,25696
c20ng.psdd,p4_g4_l20,GreedyRecomputerMask2,1970,14355,2924,13,11431,626.731707,56622,25696
c20ng.psdd,p4_g4_l20,GreedyRecomputerMask4,2273,17653,11180,17,6473,626.731707,56622,25696
c20ng.psdd,p4_g4_l20,GreedyBspHC,1064,17918,11448,18,6470,626.731707,56622,25696
instance_hpcg,p4_g4_l20,GreedyRecomputerMask0,19736,287482,213000,6255,74482,8.626276,193610,72685
instance_hpcg,p4_g4_l20,GreedyRecomputerMask1,31822,267933,191660,6255,76273,8.626276,193610,72685
instance_hpcg,p4_g4_l20,GreedyRecomputerMask3,35492,178837,3068,67,175769,8.626276,193610,72685
instance_hpcg,p4_g4_l20,GreedyRecomputerMask7,39156,178777,3008,67,175769,8.626276,193610,72685
instance_hpcg,p4_g4_l20,GreedyRecomputerMask2,23638,179521,3972,68,175549,8.626276,193610,72685
instance_hpcg,p4_g4_l20,GreedyRecomputerMask4,22631,287482,213000,6255,74482,8.626276,193610,72685
instance_hpcg,p4_g4_l20,GreedyBspHC,18601,305444,231020,6255,74424,8.626276,193610,72685
instance_CG_N17_K8_nzP0d25,p4_g4_l20,GreedyRecomputerMask0,77,3737,2380,45,1357,20.800000,4134,1976
instance_CG_N17_K8_nzP0d25,p4_g4_l20,GreedyRecomputerMask1,87,3652,2256,45,1396,20.800000,4134,1976
instance_CG_N17_K8_nzP0d25,p4_g4_l20,GreedyRecomputerMask3,124,3497,2056,38,1441,20.800000,4134,1976
instance_CG_N17_K8_nzP0d25,p4_g4_l20,GreedyRecomputerMask7,198,3497,2056,38,1441,20.800000,4134,1976
instance_CG_N17_K8_nzP0d25,p4_g4_l20,GreedyRecomputerMask2,119,3537,2112,38,1425,20.800000,4134,1976
instance_CG_N17_K8_nzP0d25,p4_g4_l20,GreedyRecomputerMask4,156,3729,2372,45,1357,20.800000,4134,1976
instance_CG_N17_K8_nzP0d25,p4_g4_l20,GreedyBspHC,54,3935,2580,47,1355,20.800000,4134,1976
kdd-6k.psdd,p4_g4_l20,GreedyRecomputerMask0,105,2139,1456,8,683,134.300000,6527,2686
kdd-6k.psdd,p4_g4_l20,GreedyRecomputerMask1,149,1849,1076,8,773,134.300000,6527,2686
kdd-6k.psdd,p4_g4_l20,GreedyRecomputerMask3,207,1700,724,6,976,134.300000,6527,2686
kdd-6k.psdd,p4_g4_l20,GreedyRecomputerMask7,312,1700,724,6,976,134.300000,6527,2686
kdd-6k.psdd,p4_g4_l20,GreedyRecomputerMask2,170,1762,796,6,966,134.300000,6527,2686
kdd-6k.psdd,p4_g4_l20,GreedyRecomputerMask4,144,2139,1456,8,683,134.300000,6527,2686
kdd-6k.psdd,p4_g4_l20,GreedyBspHC,81,2187,1504,8,683,134.300000,6527,2686
instance_spmv_N300_nzP0d3,p4_g4_l20,GreedyRecomputerMask0,2281,47950,21016,3,26934,27150.000000,80550,54300
instance_spmv_N300_nzP0d3,p4_g4_l20,GreedyRecomputerMask1,2792,47281,20124,3,27157,27150.000000,80550,54300
instance_spmv_N300_nzP0d3,p4_g4_l20,GreedyRecomputerMask3,3327,42210,0,1,42210,27150.000000,80550,54300
instance_spmv_N300_nzP0d3,p4_g4_l20,GreedyRecomputerMask7,4864,42210,0,1,42210,27150.000000,80550,54300
instance_spmv_N300_nzP0d3,p4_g4_l20,GreedyRecomputerMask2,3050,42210,0,1,42210,27150.000000,80550,54300
instance_spmv_N300_nzP0d3,p4_g4_l20,GreedyRecomputerMask4,3192,47950,21016,3,26934,27150.000000,80550,54300
instance_spmv_N300_nzP0d3,p4_g4_l20,GreedyBspHC,1802,47950,21016,3,26934,27150.000000,80550,54300
instance_exp_N70_K5_nzP0d18,p4_g4_l20,GreedyRecomputerMask0,255,8308,4848,8,3460,555.000000,12825,5550
instance_exp_N70_K5_nzP0d18,p4_g4_l20,GreedyRecomputerMask1,876,6794,2732,8,4062,555.000000,12825,5550
instance_exp_N70_K5_nzP0d18,p4_g4_l20,GreedyRecomputerMask3,952,6633,2396,6,4237,555.000000,12825,5550
instance_exp_N70_K5_nzP0d18,p4_g4_l20,GreedyRecomputerMask7,1201,6633,2396,6,4237,555.000000,12825,5550
instance_exp_N70_K5_nzP0d18,p4_g4_l20,GreedyRecomputerMask2,425,7287,3236,6,4051,555.000000,12825,5550
instance_exp_N70_K5_nzP0d18,p4_g4_l20,GreedyRecomputerMask4,348,8308,4848,8,3460,555.000000,12825,5550
instance_exp_N70_K5_nzP0d18,p4_g4_l20,GreedyBspHC,187,8416,4956,8,3460,555.000000,12825,5550
asia-bdd.psdd,p4_g4_l20,GreedyRecomputerMask0,2,148,128,5,20,7.142857,104,50
asia-bdd.psdd,p4_g4_l20,GreedyRecomputerMask1,3,105,80,4,25,7.142857,104,50
asia-bdd.psdd,p4_g4_l20,GreedyRecomputerMask3,4,49,0,1,49,7.142857,104,50
asia-bdd.psdd,p4_g4_l20,GreedyRecomputerMask7,5,49,0,1,49,7.142857,104,50
asia-bdd.psdd,p4_g4_l20,GreedyRecomputerMask2,3,49,0,1,49,7.142857,104,50
asia-bdd.psdd,p4_g4_l20,GreedyRecomputerMask4,4,148,128,5,20,7.142857,104,50
asia-bdd.psdd,p4_g4_l20,GreedyBspHC,2,151,132,5,19,7.142857,104,50
instance_CG_N12_K10_nzP0d2,p4_g4_l20,GreedyRecomputerMask0,95,3409,2344,55,1065,12.831933,3089,1527
instance_CG_N12_K10_nzP0d2,p4_g4_l20,GreedyRecomputerMask1,100,3379,2308,55,1071,12.831933,3089,1527
instance_CG_N12_K10_nzP0d2,p4_g4_l20,GreedyRecomputerMask3,137,3198,2056,42,1142,12.831933,3089,1527
instance_CG_N12_K10_nzP0d2,p4_g4_l20,GreedyRecomputerMask7,193,3198,2056,42,1142,12.831933,3089,1527
instance_CG_N12_K10_nzP0d2,p4_g4_l20,GreedyRecomputerMask2,134,3215,2076,42,1139,12.831933,3089,1527
instance_CG_N12_K10_nzP0d2,p4_g4_l20,GreedyRecomputerMask4,136,3405,2340,55,1065,12.831933,3089,1527
instance_CG_N12_K10_nzP0d2,p4_g4_l20,GreedyBspHC,82,3549,2484,56,1065,12.831933,3089,1527
instance_bicgstab_gyro_m,p4_g4_l20,GreedyRecomputerMask0,663279,165147,120492,4061,44655,4.970294,80373,50195
instance_bicgstab_gyro_m,p4_g4_l20,GreedyRecomputerMask1,663462,163939,119280,4060,44659,4.970294,80373,50195
instance_bicgstab_gyro_m,p4_g4_l20,GreedyRecomputerMask3,667408,88306,32108,530,56198,4.970294,80373,50195
instance_bicgstab_gyro_m,p4_g4_l20,GreedyRecomputerMask7,670159,87611,31384,540,56227,4.970294,80373,50195
instance_bicgstab_gyro_m,p4_g4_l20,GreedyRecomputerMask2,665173,99923,44792,522,55131,4.970294,80373,50195
instance_bicgstab_gyro_m,p4_g4_l20,GreedyRecomputerMask4,665471,149667,101556,3080,48111,4.970294,80373,50195
instance_bicgstab_gyro_m,p4_g4_l20,GreedyBspHC,662133,172383,127728,5242,44655,4.970294,80373,50195
instance_CG_N24_K22_nzP0d2,p4_g4_l20,GreedyRecomputerMask0,591,13363,8276,132,5087,28.072243,16145,7383
instance_CG_N24_K22_nzP0d2,p4_g4_l20,GreedyRecomputerMask1,632,13173,8004,132,5169,28.072243,16145,7383
instance_CG_N24_K22_nzP0d2,p4_g4_l20,GreedyRecomputerMask3,873,12826,7508,110,5318,28.072243,16145,7383
instance_CG_N24_K22_nzP0d2,p4_g4_l20,GreedyRecomputerMask7,1248,12827,7508,110,5319,28.072243,16145,7383
instance_CG_N24_K22_nzP0d2,p4_g4_l20,GreedyRecomputerMask2,777,12887,7620,110,5267,28.072243,16145,7383
instance_CG_N24_K22_nzP0d2,p4_g4_l20,GreedyRecomputerMask4,801,13331,8244,131,5087,28.072243,16145,7383
instance_CG_N24_K22_nzP0d2,p4_g4_l20,GreedyBspHC,521,14042,8960,137,5082,28.072243,16145,7383
instance_exp_N30_K10_nzP0d18,p4_g4_l20,GreedyRecomputerMask0,74,2797,1628,15,1169,97.500000,4443,1950
instance_exp_N30_K10_nzP0d18,p4_g4_l20,GreedyRecomputerMask1,96,2533,1276,15,1257,97.500000,4443,1950
instance_exp_N30_K10_nzP0d18,p4_g4_l20,GreedyRecomputerMask3,138,2489,1160,13,1329,97.500000,4443,1950
instance_exp_N30_K10_nzP0d18,p4_g4_l20,GreedyRecomputerMask7,215,2489,1160,13,1329,97.500000,4443,1950
instance_exp_N30_K10_nzP0d18,p4_g4_l20,GreedyRecomputerMask2,127,2589,1296,13,1293,97.500000,4443,1950
instance_exp_N30_K10_nzP0d18,p4_g4_l20,GreedyRecomputerMask4,134,2797,1628,15,1169,97.500000,4443,1950
instance_exp_N30_K10_nzP0d18,p4_g4_l20,GreedyBspHC,54,2875,1708,15,1167,97.500000,4443,1950
msnbc-yitao-b.psdd,p4_g4_l20,GreedyRecomputerMask0,384,5483,3824,6,1659,1318.000000,8870,6590
msnbc-yitao-b.psdd,p4_g4_l20,GreedyRecomputerMask1,1379,3960,1804,6,2156,1318.000000,8870,6590
msnbc-yitao-b.psdd,p4_g4_l20,GreedyRecomputerMask3,1430,3584,696,4,2888,1318.000000,8870,6590
msnbc-yitao-b.psdd,p4_g4_l20,GreedyRecomputerMask7,1596,3584,696,4,2888,1318.000000,8870,6590
msnbc-yitao-b.psdd,p4_g4_l20,GreedyRecomputerMask2,467,3595,696,4,2899,1318.000000,8870,6590
msnbc-yitao-b.psdd,p4_g4_l20,GreedyRecomputerMask4,479,5483,3824,6,1659,1318.000000,8870,6590
msnbc-yitao-b.psdd,p4_g4_l20,GreedyBspHC,327,5487,3828,6,1659,1318.000000,8870,6590
nltcs.psdd,p4_g4_l20,GreedyRecomputerMask0,142,3405,2220,6,1185,584.500000,10592,4676
nltcs.psdd,p4_g4_l20,GreedyRecomputerMask1,227,3145,1884,6,1261,584.500000,10592,4676
nltcs.psdd,p4_g4_l20,GreedyRecomputerMask3,280,2824,1204,4,1620,584.500000,10592,4676
nltcs.psdd,p4_g4_l20,GreedyRecomputerMask7,402,2824,1204,4,1620,584.500000,10592,4676
nltcs.psdd,p4_g4_l20,GreedyRecomputerMask2,243,2829,1204,4,1625,584.500000,10592,4676
nltcs.psdd,p4_g4_l20,GreedyRecomputerMask4,206,3405,2220,6,1185,584.500000,10592,4676
nltcs.psdd,p4_g4_l20,GreedyBspHC,103,3421,2236,6,1185,584.500000,10592,4676
bodyy4,p4_g4_l20,GreedyRecomputerMask0,743,22121,8332,102,13789,25.209770,52196,17546
bodyy4,p4_g4_l20,GreedyRecomputerMask1,798,22085,8296,102,13789,25.209770,52196,17546
bodyy4,p4_g4_l20,GreedyRecomputerMask3,1310,21696,7688,72,14008,25.209770,52196,17546
bodyy4,p4_g4_l20,GreedyRecomputerMask7,1914,21729,7732,74,13997,25.209770,52196,17546
bodyy4,p4_g4_l20,GreedyRecomputerMask2,1139,21754,7772,74,13982,25.209770,52196,17546
bodyy4,p4_g4_l20,GreedyRecomputerMask4,1603,21966,8156,94,13810,25.209770,52196,17546
bodyy4,p4_g4_l20,GreedyBspHC,633,23062,9276,103,13786,25.209770,52196,17546
msnbc-yitao-a.psdd,p4_g4_l20,GreedyRecomputerMask0,305,5599,3920,6,1679,1336.400000,8926,6682
msnbc-yitao-a.psdd,p4_g4_l20,GreedyRecomputerMask1,1297,4097,1920,6,2177,1336.400000,8926,6682
msnbc-yitao-a.psdd,p4_g4_l20,GreedyRecomputerMask3,1359,3728,760,4,2968,1336.400000,8926,6682
msnbc-yitao-a.psdd,p4_g4_l20,GreedyRecomputerMask7,1527,3728,760,4,2968,1336.400000,8926,6682
msnbc-yitao-a.psdd,p4_g4_l20,GreedyRecomputerMask2,390,3729,760,4,2969,1336.400000,8926,6682
msnbc-yitao-a.psdd,p4_g4_l20,GreedyRecomputerMask4,404,5599,3920,6,1679,1336.400000,8926,6682
msnbc-yitao-a.psdd,p4_g4_l20,GreedyBspHC,249,5611,3932,6,1679,1336.400000,8926,6682
simple2.2.psdd,p4_g4_l20,GreedyRecomputerMask0,0,4,0,1,4,7.000000,3,7
simple2.2.psdd,p4_g4_l20,GreedyRecomputerMask1,0,4,0,1,4,7.000000,3,7
simple2.2.psdd,p4_g4_l20,GreedyRecomputerMask3,0,4,0,1,4,7.000000,3,7
simple2.2.psdd,p4_g4_l20,GreedyRecomputerMask7,0,4,0,1,4,7.000000,3,7
simple2.2.psdd,p4_g4_l20,GreedyRecomputerMask2,0,4,0,1,4,7.000000,3,7
simple2.2.psdd,p4_g4_l20,GreedyRecomputerMask4,0,4,0,1,4,7.000000,3,7
simple2.2.psdd,p4_g4_l20,GreedyBspHC,0,4,0,1,4,7.000000,3,7
simple2.3.psdd,p4_g4_l20,GreedyRecomputerMask0,0,4,0,1,4,7.000000,3,7
simple2.3.psdd,p4_g4_l20,GreedyRecomputerMask1,0,4,0,1,4,7.000000,3,7
simple2.3.psdd,p4_g4_l20,GreedyRecomputerMask3,0,4,0,1,4,7.000000,3,7
simple2.3.psdd,p4_g4_l20,GreedyRecomputerMask7,0,4,0,1,4,7.000000,3,7
simple2.3.psdd,p4_g4_l20,GreedyRecomputerMask2,0,4,0,1,4,7.000000,3,7
simple2.3.psdd,p4_g4_l20,GreedyRecomputerMask4,0,4,0,1,4,7.000000,3,7
simple2.3.psdd,p4_g4_l20,GreedyBspHC,0,4,0,1,4,7.000000,3,7
bcsstk38,p4_g4_l20,GreedyRecomputerMask0,6257,85225,17564,260,67661,3.681027,173714,8032
bcsstk38,p4_g4_l20,GreedyRecomputerMask1,6456,85054,17376,260,67678,3.681027,173714,8032
bcsstk38,p4_g4_l20,GreedyRecomputerMask3,7249,84278,16584,231,67694,3.681027,173714,8032
bcsstk38,p4_g4_l20,GreedyRecomputerMask7,9081,83883,16164,229,67719,3.681027,173714,8032
bcsstk38,p4_g4_l20,GreedyRecomputerMask2,7171,84494,16804,231,67690,3.681027,173714,8032
bcsstk38,p4_g4_l20,GreedyRecomputerMask4,7698,84726,17056,259,67670,3.681027,173714,8032
bcsstk38,p4_g4_l20,GreedyBspHC,5861,90772,23060,322,67712,3.681027,173714,8032
bnetflix.psdd,p4_g4_l20,GreedyRecomputerMask0,566,9699,5824,11,3875,730.476190,40736,15340
bnetflix.psdd,p4_g4_l20,GreedyRecomputerMask1,1040,8806,4632,11,4174,730.476190,40736,15340
bnetflix.psdd,p4_g4_l20,GreedyRecomputerMask3,1432,8213,2444,8,5769,730.476190,40736,15340
bnetflix.psdd,p4_g4_l20,GreedyRecomputerMask7,2099,8213,2444,8,5769,730.476190,40736,15340
bnetflix.psdd,p4_g4_l20,GreedyRecomputerMask2,959,8336,2596,8,5740,730.476190,40736,15340
bnetflix.psdd,p4_g4_l20,GreedyRecomputerMask4,1095,9699,5824,11,3875,730.476190,40736,15340
bnetflix.psdd,p4_g4_l20,GreedyBspHC,407,9884,6020,11,3864,730.476190,40736,15340
cr52.psdd,p4_g4_l20,GreedyRecomputerMask0,924,14615,9004,11,5611,543.780488,46968,22295
cr52.psdd,p4_g4_l20,GreedyRecomputerMask1,4008,11816,5312,11,6504,543.780488,46968,22295
cr52.psdd,p4_g4_l20,GreedyRecomputerMask3,4567,11158,2968,8,8190,543.780488,46968,22295
cr52.psdd,p4_g4_l20,GreedyRecomputerMask7,5536,11158,2968,8,8190,543.780488,46968,22295
cr52.psdd,p4_g4_l20,GreedyRecomputerMask2,1435,11569,3452,8,8117,543.780488,46968,22295
cr52.psdd,p4_g4_l20,GreedyRecomputerMask4,1724,14615,9004,11,5611,543.780488,46968,22295
cr52.psdd,p4_g4_l20,GreedyBspHC,714,14735,9124,11,5611,543.780488,46968,22295
bcsstk23,p4_g4_l20,GreedyRecomputerMask0,141,9844,4364,41,5480,25.274194,21022,3134
bcsstk23,p4_g4_l20,GreedyRecomputerMask1,171,9764,4228,41,5536,25.274194,21022,3134
bcsstk23,p4_g4_l20,GreedyRecomputerMask3,286,9744,4204,40,5540,25.274194,21022,3134
bcsstk23,p4_g4_l20,GreedyRecomputerMask7,509,9744,4204,40,5540,25.274194,21022,3134
bcsstk23,p4_g4_l20,GreedyRecomputerMask2,272,9801,4260,39,5541,25.274194,21022,3134
bcsstk23,p4_g4_l20,GreedyRecomputerMask4,303,9844,4364,41,5480,25.274194,21022,3134
bcsstk23,p4_g4_l20,GreedyBspHC,84,10579,5104,41,5475,25.274194,21022,3134
instance_kNN_N70_K7_nzP0d16,p4_g4_l20,GreedyRecomputerMask0,227,7719,4484,10,3235,373.428571,11991,5228
instance_kNN_N70_K7_nzP0d16,p4_g4_l20,GreedyRecomputerMask1,554,6607,3008,10,3599,373.428571,11991,5228
instance_kNN_N70_K7_nzP0d16,p4_g4_l20,GreedyRecomputerMask3,672,6502,2812,8,3690,373.428571,11991,5228
instance_kNN_N70_K7_nzP0d16,p4_g4_l20,GreedyRecomputerMask7,910,6502,2812,8,3690,373.428571,11991,5228
instance_kNN_N70_K7_nzP0d16,p4_g4_l20,GreedyRecomputerMask2,388,7005,3064,7,3941,373.428571,11991,5228
instance_kNN_N70_K7_nzP0d16,p4_g4_l20,GreedyRecomputerMask4,418,7719,4484,10,3235,373.428571,11991,5228
instance_kNN_N70_K7_nzP0d16,p4_g4_l20,GreedyBspHC,169,7887,4652,10,3235,373.428571,11991,5228
exp-D15-N1000-C4.psdd,p4_g4_l20,GreedyRecomputerMask0,1,94,84,4,10,7.500000,28,30
exp-D15-N1000-C4.psdd,p4_g4_l20,GreedyRecomputerMask1,1,65,52,3,13,7.500000,28,30
exp-D15-N1000-C4.psdd,p4_g4_l20,GreedyRecomputerMask3,1,29,0,1,29,7.500000,28,30
exp-D15-N1000-C4.psdd,p4_g4_l20,GreedyRecomputerMask7,2,29,0,1,29,7.500000,28,30
exp-D15-N1000-C4.psdd,p4_g4_l20,GreedyRecomputerMask2,1,29,0,1,29,7.500000,28,30
exp-D15-N1000-C4.psdd,p4_g4_l20,GreedyRecomputerMask4,2,84,72,3,12,7.500000,28,30
exp-D15-N1000-C4.psdd,p4_g4_l20,GreedyBspHC,1,94,84,4,10,7.500000,28,30
cwebkb.psdd,p4_g4_l20,GreedyRecomputerMask0,1123,15475,9740,14,5735,633.916667,50251,22821
cwebkb.psdd,p4_g4_l20,GreedyRecomputerMask1,4204,12665,6000,14,6665,633.916667,50251,22821
cwebkb.psdd,p4_g4_l20,GreedyRecomputerMask3,4968,11821,3596,8,8225,633.916667,50251,22821
cwebkb.psdd,p4_g4_l20,GreedyRecomputerMask7,6331,11817,3592,8,8225,633.916667,50251,22821
cwebkb.psdd,p4_g4_l20,GreedyRecomputerMask2,2209,12292,4144,8,8148,633.916667,50251,22821
cwebkb.psdd,p4_g4_l20,GreedyRecomputerMask4,1973,15474,9736,13,5738,633.916667,50251,22821
cwebkb.psdd,p4_g4_l20,GreedyBspHC,894,15710,9976,14,5734,633.916667,50251,22821
instance_exp_N50_K12_nzP0d15,p4_g4_l20,GreedyRecomputerMask0,275,7584,4132,16,3452,226.416667,13248,5434
instance_exp_N50_K12_nzP0d15,p4_g4_l20,GreedyRecomputerMask1,409,6889,3192,16,3697,226.416667,13248,5434
instance_exp_N50_K12_nzP0d15,p4_g4_l20,GreedyRecomputerMask3,532,6777,2940,14,3837,226.416667,13248,5434
instance_exp_N50_K12_nzP0d15,p4_g4_l20,GreedyRecomputerMask7,752,6777,2940,14,3837,226.416667,13248,5434
instance_exp_N50_K12_nzP0d15,p4_g4_l20,GreedyRecomputerMask2,435,7065,3328,14,3737,226.416667,13248,5434
instance_exp_N50_K12_nzP0d15,p4_g4_l20,GreedyRecomputerMask4,456,7584,4132,16,3452,226.416667,13248,5434
instance_exp_N50_K12_nzP0d15,p4_g4_l20,GreedyBspHC,217,7768,4320,16,3448,226.416667,13248,5434
msc23052,p4_g4_l20,GreedyRecomputerMask0,2350,160195,17980,6,142215,120.691099,565881,23052
msc23052,p4_g4_l20,GreedyRecomputerMask1,9657,158222,15508,6,142714,120.691099,565881,23052
msc23052,p4_g4_l20,GreedyRecomputerMask3,12005,158222,15508,6,142714,120.691099,565881,23052
msc23052,p4_g4_l20,GreedyRecomputerMask7,19303,158222,15508,6,142714,120.691099,565881,23052
msc23052,p4_g4_l20,GreedyRecomputerMask2,3843,160195,17980,6,142215,120.691099,565881,23052
msc23052,p4_g4_l20,GreedyRecomputerMask4,6283,160195,17980,6,142215,120.691099,565881,23052
msc23052,p4_g4_l20,GreedyBspHC,798,160361,18140,9,142221,120.691099,565881,23052
instance_CG_N12_K6_nzP0d3,p4_g4_l20,GreedyRecomputerMask0,44,2270,1552,36,718,15.028169,2179,1067
instance_CG_N12_K6_nzP0d3,p4_g4_l20,GreedyRecomputerMask1,51,2220,1488,36,732,15.028169,2179,1067
instance_CG_N12_K6_nzP0d3,p4_g4_l20,GreedyRecomputerMask3,76,2011,1184,24,827,15.028169,2179,1067
instance_CG_N12_K6_nzP0d3,p4_g4_l20,GreedyRecomputerMask7,141,1981,1112,23,869,15.028169,2179,1067
instance_CG_N12_K6_nzP0d3,p4_g4_l20,GreedyRecomputerMask2,83,2035,1180,23,855,15.028169,2179,1067
instance_CG_N12_K6_nzP0d3,p4_g4_l20,GreedyRecomputerMask4,72,2266,1548,36,718,15.028169,2179,1067
instance_CG_N12_K6_nzP0d3,p4_g4_l20,GreedyBspHC,34,2362,1644,38,718,15.028169,2179,1067
ship_001,p4_g4_l20,GreedyRecomputerMask0,17113,700484,57660,314,642824,7.117815,2304655,34920
ship_001,p4_g4_l20,GreedyRecomputerMask1,19604,700109,57276,314,642833,7.117815,2304655,34920
ship_001,p4_g4_l20,GreedyRecomputerMask3,25727,699836,57084,303,642752,7.117815,2304655,34920
ship_001,p4_g4_l20,GreedyRecomputerMask7,41635,699680,56928,303,642752,7.117815,2304655,34920
ship_001,p4_g4_l20,GreedyRecomputerMask2,25235,700149,57404,304,642745,7.117815,2304655,34920
ship_001,p4_g4_l20,GreedyRecomputerMask4,35029,700232,57404,314,642828,7.117815,2304655,34920
ship_001,p4_g4_l20,GreedyBspHC,11238,723174,80240,345,642934,7.117815,2304655,34920
instance_kNN_N50_K4_nzP0d18,p4_g4_l20,GreedyRecomputerMask0,76,2011,1192,6,819,192.625000,2763,1541
instance_kNN_N50_K4_nzP0d18,p4_g4_l20,GreedyRecomputerMask1,115,1690,760,6,930,192.625000,2763,1541
instance_kNN_N50_K4_nzP0d18,p4_g4_l20,GreedyRecomputerMask3,145,1629,620,4,1009,192.625000,2763,1541
instance_kNN_N50_K4_nzP0d18,p4_g4_l20,GreedyRecomputerMask7,204,1629,620,4,1009,192.625000,2763,1541
instance_kNN_N50_K4_nzP0d18,p4_g4_l20,GreedyRecomputerMask2,112,1713,396,3,1317,192.625000,2763,1541
instance_kNN_N50_K4_nzP0d18,p4_g4_l20,GreedyRecomputerMask4,122,2011,1192,6,819,192.625000,2763,1541
instance_kNN_N50_K4_nzP0d18,p4_g4_l20,GreedyBspHC,61,2034,1216,6,818,192.625000,2763,1541
instance_spmv_N60_nzP0d15,p4_g4_l20,GreedyRecomputerMask0,54,1121,580,3,541,585.000000,1575,1170
instance_spmv_N60_nzP0d15,p4_g4_l20,GreedyRecomputerMask1,64,1007,428,3,579,585.000000,1575,1170
instance_spmv_N60_nzP0d15,p4_g4_l20,GreedyRecomputerMask3,76,864,0,1,864,585.000000,1575,1170
instance_spmv_N60_nzP0d15,p4_g4_l20,GreedyRecomputerMask7,100,864,0,1,864,585.000000,1575,1170
instance_spmv_N60_nzP0d15,p4_g4_l20,GreedyRecomputerMask2,68,864,0,1,864,585.000000,1575,1170
instance_spmv_N60_nzP0d15,p4_g4_l20,GreedyRecomputerMask4,68,1121,580,3,541,585.000000,1575,1170
instance_spmv_N60_nzP0d15,p4_g4_l20,GreedyBspHC,45,1121,580,3,541,585.000000,1575,1170
msnbc-yitao-e.psdd,p4_g4_l20,GreedyRecomputerMask0,252,4698,3384,6,1314,1043.200000,8074,5216
msnbc-yitao-e.psdd,p4_g4_l20,GreedyRecomputerMask1,841,3528,1828,6,1700,1043.200000,8074,5216
msnbc-yitao-e.psdd,p4_g4_l20,GreedyRecomputerMask3,930,3215,932,4,2283,1043.200000,8074,5216
msnbc-yitao-e.psdd,p4_g4_l20,GreedyRecomputerMask7,1122,3215,932,4,2283,1043.200000,8074,5216
msnbc-yitao-e.psdd,p4_g4_l20,GreedyRecomputerMask2,359,3216,932,4,2284,1043.200000,8074,5216
msnbc-yitao-e.psdd,p4_g4_l20,GreedyRecomputerMask4,426,4698,3384,6,1314,1043.200000,8074,5216
msnbc-yitao-e.psdd,p4_g4_l20,GreedyBspHC,205,4711,3400,6,1311,1043.200000,8074,5216
instance_CG_N9_K9_nzP0d35,p4_g4_l20,GreedyRecomputerMask0,45,2722,1952,49,770,10.271028,2242,1099
instance_CG_N9_K9_nzP0d35,p4_g4_l20,GreedyRecomputerMask1,49,2670,1876,49,794,10.271028,2242,1099
instance_CG_N9_K9_nzP0d35,p4_g4_l20,GreedyRecomputerMask3,97,2332,1344,32,988,10.271028,2242,1099
instance_CG_N9_K9_nzP0d35,p4_g4_l20,GreedyRecomputerMask7,187,2334,1344,32,990,10.271028,2242,1099
instance_CG_N9_K9_nzP0d35,p4_g4_l20,GreedyRecomputerMask2,96,2348,1364,32,984,10.271028,2242,1099
instance_CG_N9_K9_nzP0d35,p4_g4_l20,GreedyRecomputerMask4,75,2722,1952,49,770,10.271028,2242,1099
instance_CG_N9_K9_nzP0d35,p4_g4_l20,GreedyBspHC,37,2806,2036,50,770,10.271028,2242,1099
instance_exp_N55_K14_nzP0d15,p4_g4_l20,GreedyRecomputerMask0,271,10120,5480,19,4640,258.214286,17934,7230
instance_exp_N55_K14_nzP0d15,p4_g4_l20,GreedyRecomputerMask1,471,9250,4324,19,4926,258.214286,17934,7230
instance_exp_N55_K14_nzP0d15,p4_g4_l20,GreedyRecomputerMask3,623,9147,4052,17,5095,258.214286,17934,7230
instance_exp_N55_K14_nzP0d15,p4_g4_l20,GreedyRecomputerMask7,924,9147,4052,17,5095,258.214286,17934,7230
instance_exp_N55_K14_nzP0d15,p4_g4_l20,GreedyRecomputerMask2,482,9540,4548,17,4992,258.214286,17934,7230
instance_exp_N55_K14_nzP0d15,p4_g4_l20,GreedyRecomputerMask4,517,10120,5480,19,4640,258.214286,17934,7230
instance_exp_N55_K14_nzP0d15,p4_g4_l20,GreedyBspHC,189,10228,5592,19,4636,258.214286,17934,7230
tretail.psdd,p4_g4_l20,GreedyRecomputerMask0,158,2239,1516,10,723,141.100000,6382,2822
tretail.psdd,p4_g4_l20,GreedyRecomputerMask1,212,1948,1132,10,816,141.100000,6382,2822
tretail.psdd,p4_g4_l20,GreedyRecomputerMask3,269,1753,652,7,1101,141.100000,6382,2822
tretail.psdd,p4_g4_l20,GreedyRecomputerMask7,376,1753,652,7,1101,141.100000,6382,2822
tretail.psdd,p4_g4_l20,GreedyRecomputerMask2,221,1760,660,7,1100,141.100000,6382,2822
tretail.psdd,p4_g4_l20,GreedyRecomputerMask4,253,2239,1516,10,723,141.100000,6382,2822
tretail.psdd,p4_g4_l20,GreedyBspHC,131,2303,1580,10,723,141.100000,6382,2822
msc01440,p4_g4_l20,GreedyRecomputerMask0,237,7797,1464,13,6333,24.000000,22415,1440
msc01440,p4_g4_l20,GreedyRecomputerMask1,318,7452,1008,13,6444,24.000000,22415,1440
msc01440,p4_g4_l20,GreedyRecomputerMask3,381,7411,964,11,6447,24.000000,22415,1440
msc01440,p4_g4_l20,GreedyRecomputerMask7,559,7411,964,11,6447,24.000000,22415,1440
msc01440,p4_g4_l20,GreedyRecomputerMask2,323,7562,1028,10,6534,24.000000,22415,1440
msc01440,p4_g4_l20,GreedyRecomputerMask4,444,7773,1440,12,6333,24.000000,22415,1440
msc01440,p4_g4_l20,GreedyBspHC,178,8038,1704,21,6334,24.000000,22415,1440
instance_exp_N44_K5_nzP0d15,p4_g4_l20,GreedyRecomputerMask0,86,2811,1680,8,1131,193.200000,4170,1932
instance_exp_N44_K5_nzP0d15,p4_g4_l20,GreedyRecomputerMask1,145,2358,1056,8,1302,193.200000,4170,1932
instance_exp_N44_K5_nzP0d15,p4_g4_l20,GreedyRecomputerMask3,182,2278,876,6,1402,193.200000,4170,1932
instance_exp_N44_K5_nzP0d15,p4_g4_l20,GreedyRecomputerMask7,256,2278,876,6,1402,193.200000,4170,1932
instance_exp_N44_K5_nzP0d15,p4_g4_l20,GreedyRecomputerMask2,140,2432,1092,6,1340,193.200000,4170,1932
instance_exp_N44_K5_nzP0d15,p4_g4_l20,GreedyRecomputerMask4,115,2811,1680,8,1131,193.200000,4170,1932
instance_exp_N44_K5_nzP0d15,p4_g4_l20,GreedyBspHC,66,2835,1704,8,1131,193.200000,4170,1932
bmw7st_1,p4_g4_l20,GreedyRecomputerMask0,12833,957592,55836,16,901756,200.208215,3599160,141347
bmw7st_1,p4_g4_l20,GreedyRecomputerMask1,49517,955592,53304,16,902288,200.208215,3599160,141347
bmw7st_1,p4_g4_l20,GreedyRecomputerMask3,64774,955467,53212,13,902255,200.208215,3599160,141347
bmw7st_1,p4_g4_l20,GreedyRecomputerMask7,113376,955467,53212,13,902255,200.208215,3599160,141347
bmw7st_1,p4_g4_l20,GreedyRecomputerMask2,27486,957467,55744,13,901723,200.208215,3599160,141347
bmw7st_1,p4_g4_l20,GreedyRecomputerMask4,38650,957592,55836,16,901756,200.208215,3599160,141347
bmw7st_1,p4_g4_l20,GreedyBspHC,6074,958729,57248,20,901481,200.208215,3599160,141347
ex3,p4_g4_l20,GreedyRecomputerMask0,327,16308,4128,60,12180,3.234458,25432,1821
ex3,p4_g4_l20,GreedyRecomputerMask1,359,16240,4076,60,12164,3.234458,25432,1821
ex3,p4_g4_l20,GreedyRecomputerMask3,447,16047,3884,53,12163,3.234458,25432,1821
ex3,p4_g4_l20,GreedyRecomputerMask7,649,15995,3832,53,12163,3.234458,25432,1821
ex3,p4_g4_l20,GreedyRecomputerMask2,432,16087,3896,53,12191,3.234458,25432,1821
ex3,p4_g4_l20,GreedyRecomputerMask4,552,16226,4040,59,12186,3.234458,25432,1821
ex3,p4_g4_l20,GreedyBspHC,274,17151,5060,72,12091,3.234458,25432,1821
ct20stif,p4_g4_l20,GreedyRecomputerMask0,3861,356112,23064,20,333048,39.345113,1323067,52329
ct20stif,p4_g4_l20,GreedyRecomputerMask1,10066,355071,21552,20,333519,39.345113,1323067,52329
ct20stif,p4_g4_l20,GreedyRecomputerMask3,15360,355055,21528,19,333527,39.345113,1323067,52329
ct20stif,p4_g4_l20,GreedyRecomputerMask7,31320,355055,21528,19,333527,39.345113,1323067,52329
ct20stif,p4_g4_l20,GreedyRecomputerMask2,8956,356096,23040,19,333056,39.345113,1323067,52329
ct20stif,p4_g4_l20,GreedyRecomputerMask4,12442,356112,23064,20,333048,39.345113,1323067,52329
ct20stif,p4_g4_l20,GreedyBspHC,1714,358165,25344,21,332821,39.345113,1323067,52329
thread,p4_g4_l20,GreedyRecomputerMask0,10260,600700,40264,66,560436,20.578547,2220156,29736
thread,p4_g4_l20,GreedyRecomputerMask1,12718,600411,39956,66,560455,20.578547,2220156,29736
thread,p4_g4_l20,GreedyRecomputerMask3,18665,600332,39844,65,560488,20.578547,2220156,29736
thread,p4_g4_l20,GreedyRecomputerMask7,34800,600332,39844,65,560488,20.578547,2220156,29736
thread,p4_g4_l20,GreedyRecomputerMask2,17895,600673,40220,65,560453,20.578547,2220156,29736
thread,p4_g4_l20,GreedyRecomputerMask4,21946,600700,40264,66,560436,20.578547,2220156,29736
thread,p4_g4_l20,GreedyBspHC,3723,613393,53088,71,560305,20.578547,2220156,29736
Pres_Poisson,p4_g4_l20,GreedyRecomputerMask0,4222,116293,12112,106,104181,7.998921,350491,14822
Pres_Poisson,p4_g4_l20,GreedyRecomputerMask1,5035,115812,11408,106,104404,7.998921,350491,14822
Pres_Poisson,p4_g4_l20,GreedyRecomputerMask3,7235,114200,10472,76,103728,7.998921,350491,14822
Pres_Poisson,p4_g4_l20,GreedyRecomputerMask7,12040,114208,10480,76,103728,7.998921,350491,14822
Pres_Poisson,p4_g4_l20,GreedyRecomputerMask2,7296,114640,11176,76,103464,7.998921,350491,14822
Pres_Poisson,p4_g4_l20,GreedyRecomputerMask4,7414,116081,11916,104,104165,7.998921,350491,14822
Pres_Poisson,p4_g4_l20,GreedyBspHC,3604,118670,14476,128,104194,7.998921,350491,14822
insurance.psdd,p4_g4_l20,GreedyRecomputerMask0,636,10938,7324,7,3614,2390.333333,30060,14342
insurance.psdd,p4_g4_l20,GreedyRecomputerMask1,1493,9884,5916,7,3968,2390.333333,30060,14342
insurance.psdd,p4_g4_l20,GreedyRecomputerMask3,1815,8022,1600,4,6422,2390.333333,30060,14342
insurance.psdd,p4_g4_l20,GreedyRecomputerMask7,2413,8022,1600,4,6422,2390.333333,30060,14342
insurance.psdd,p4_g4_l20,GreedyRecomputerMask2,987,8054,1608,4,6446,2390.333333,30060,14342
insurance.psdd,p4_g4_l20,GreedyRecomputerMask4,873,10938,7324,7,3614,2390.333333,30060,14342
insurance.psdd,p4_g4_l20,GreedyBspHC,501,11070,7456,7,3614,2390.333333,30060,14342
simple2.6.psdd,p4_g4_l20,GreedyRecomputerMask0,0,4,0,1,4,7.000000,3,7
simple2.6.psdd,p4_g4_l20,GreedyRecomputerMask1,0,4,0,1,4,7.000000,3,7
simple2.6.psdd,p4_g4_l20,GreedyRecomputerMask3,0,4,0,1,4,7.000000,3,7
simple2.6.psdd,p4_g4_l20,GreedyRecomputerMask7,0,4,0,1,4,7.000000,3,7
simple2.6.psdd,p4_g4_l20,GreedyRecomputerMask2,0,4,0,1,4,7.000000,3,7
simple2.6.psdd,p4_g4_l20,GreedyRecomputerMask4,0,4,0,1,4,7.000000,3,7
simple2.6.psdd,p4_g4_l20,GreedyBspHC,0,4,0,1,4,7.000000,3,7
bcsstk08,p4_g4_l20,GreedyRecomputerMask0,126,4302,2240,44,2062,13.948052,5943,1074
bcsstk08,p4_g4_l20,GreedyRecomputerMask1,142,4259,2196,44,2063,13.948052,5943,1074
bcsstk08,p4_g4_l20,GreedyRecomputerMask3,174,4088,1916,34,2172,13.948052,5943,1074
bcsstk08,p4_g4_l20,GreedyRecomputerMask7,235,4088,1916,34,2172,13.948052,5943,1074
bcsstk08,p4_g4_l20,GreedyRecomputerMask2,170,4131,1956,34,2175,13.948052,5943,1074
bcsstk08,p4_g4_l20,GreedyRecomputerMask4,172,4302,2240,44,2062,13.948052,5943,1074
bcsstk08,p4_g4_l20,GreedyBspHC,105,4646,2592,44,2054,13.948052,5943,1074
instance_kNN_N50_K5_nzP0d16,p4_g4_l20,GreedyRecomputerMask0,75,2645,1568,8,1077,189.600000,3801,1896
instance_kNN_N50_K5_nzP0d16,p4_g4_l20,GreedyRecomputerMask1,115,2295,1104,8,1191,189.600000,3801,1896
instance_kNN_N50_K5_nzP0d16,p4_g4_l20,GreedyRecomputerMask3,156,2230,976,6,1254,189.600000,3801,1896
instance_kNN_N50_K5_nzP0d16,p4_g4_l20,GreedyRecomputerMask7,233,2232,980,6,1252,189.600000,3801,1896
instance_kNN_N50_K5_nzP0d16,p4_g4_l20,GreedyRecomputerMask2,125,2355,848,5,1507,189.600000,3801,1896
instance_kNN_N50_K5_nzP0d16,p4_g4_l20,GreedyRecomputerMask4,137,2645,1568,8,1077,189.600000,3801,1896
instance_kNN_N50_K5_nzP0d16,p4_g4_l20,GreedyBspHC,57,2676,1604,8,1072,189.600000,3801,1896
tmovie.psdd,p4_g4_l20,GreedyRecomputerMask0,3341,56340,33860,20,22480,2292.025641,274214,89389
tmovie.psdd,p4_g4_l20,GreedyRecomputerMask1,9983,53704,30372,19,23332,2292.025641,274214,89389
tmovie.psdd,p4_g4_l20,GreedyRecomputerMask3,14913,52254,25920,11,26334,2292.025641,274214,89389
tmovie.psdd,p4_g4_l20,GreedyRecomputerMask7,19900,52253,25920,11,26333,2292.025641,274214,89389
tmovie.psdd,p4_g4_l20,GreedyRecomputerMask2,6072,53559,27408,11,26151,2292.025641,274214,89389
tmovie.psdd,p4_g4_l20,GreedyRecomputerMask4,7228,56325,33844,19,22481,2292.025641,274214,89389
tmovie.psdd,p4_g4_l20,GreedyBspHC,2169,56934,34484,20,22450,2292.025641,274214,89389
instance_spmv_N150_nzP0d2,p4_g4_l20,GreedyRecomputerMask0,404,8209,3768,3,4441,4544.000000,13182,9088
instance_spmv_N150_nzP0d2,p4_g4_l20,GreedyRecomputerMask1,490,7881,3328,3,4553,4544.000000,13182,9088
instance_spmv_N150_nzP0d2,p4_g4_l20,GreedyRecomputerMask3,568,6992,0,1,6992,4544.000000,13182,9088
instance_spmv_N150_nzP0d2,p4_g4_l20,GreedyRecomputerMask7,786,6992,0,1,6992,4544.000000,13182,9088
instance_spmv_N150_nzP0d2,p4_g4_l20,GreedyRecomputerMask2,506,6992,0,1,6992,4544.000000,13182,9088
instance_spmv_N150_nzP0d2,p4_g4_l20,GreedyRecomputerMask4,525,8209,3768,3,4441,4544.000000,13182,9088
instance_spmv_N150_nzP0d2,p4_g4_l20,GreedyBspHC,326,8209,3768,3,4441,4544.000000,13182,9088
elevators.psdd,p4_g4_l20,GreedyRecomputerMask0,121,2735,1892,8,843,416.375000,6892,3331
elevators.psdd,p4_g4_l20,GreedyRecomputerMask1,183,2360,1396,8,964,416.375000,6892,3331
elevators.psdd,p4_g4_l20,GreedyRecomputerMask3,248,2248,1024,6,1224,416.375000,6892,3331
elevators.psdd,p4_g4_l20,GreedyRecomputerMask7,386,2248,1024,6,1224,416.375000,6892,3331
elevators.psdd,p4_g4_l20,GreedyRecomputerMask2,195,2257,1032,6,1225,416.375000,6892,3331
elevators.psdd,p4_g4_l20,GreedyRecomputerMask4,229,2735,1892,8,843,416.375000,6892,3331
elevators.psdd,p4_g4_l20,GreedyBspHC,92,2806,1964,8,842,416.375000,6892,3331
instance_CG_N35_K8_nzP0d25,p4_g4_l20,GreedyRecomputerMask0,339,8560,4956,49,3604,56.800000,12153,5396
instance_CG_N35_K8_nzP0d25,p4_g4_l20,GreedyRecomputerMask1,382,8179,4468,49,3711,56.800000,12153,5396
instance_CG_N35_K8_nzP0d25,p4_g4_l20,GreedyRecomputerMask3,570,8015,4152,41,3863,56.800000,12153,5396
instance_CG_N35_K8_nzP0d25,p4_g4_l20,GreedyRecomputerMask7,862,8015,4152,41,3863,56.800000,12153,5396
instance_CG_N35_K8_nzP0d25,p4_g4_l20,GreedyRecomputerMask2,478,8123,4296,41,3827,56.800000,12153,5396
instance_CG_N35_K8_nzP0d25,p4_g4_l20,GreedyRecomputerMask4,500,8552,4948,49,3604,56.800000,12153,5396
instance_CG_N35_K8_nzP0d25,p4_g4_l20,GreedyBspHC,282,8984,5384,52,3600,56.800000,12153,5396
shallow_water1,p4_g4_l20,GreedyRecomputerMask0,2908,60658,29828,27,30830,80.709360,122880,81920
shallow_water1,p4_g4_l20,GreedyRecomputerMask1,20312,48404,15836,27,32568,80.709360,122880,81920
shallow_water1,p4_g4_l20,GreedyRecomputerMask3,22338,46819,12224,23,34595,80.709360,122880,81920
shallow_water1,p4_g4_l20,GreedyRecomputerMask7,26774,46819,12224,23,34595,80.709360,122880,81920
shallow_water1,p4_g4_l20,GreedyRecomputerMask2,4753,53687,12272,21,41415,80.709360,122880,81920
shallow_water1,p4_g4_l20,GreedyRecomputerMask4,5571,60641,29808,26,30833,80.709360,122880,81920
shallow_water1,p4_g4_l20,GreedyBspHC,2288,61507,30692,27,30815,80.709360,122880,81920
bcsstk15,p4_g4_l20,GreedyRecomputerMask0,281,20052,5164,51,14888,10.846154,56934,3948
bcsstk15,p4_g4_l20,GreedyRecomputerMask1,315,20014,5124,51,14890,10.846154,56934,3948
bcsstk15,p4_g4_l20,GreedyRecomputerMask3,440,19994,5088,49,14906,10.846154,56934,3948
bcsstk15,p4_g4_l20,GreedyRecomputerMask7,747,19994,5088,49,14906,10.846154,56934,3948
bcsstk15,p4_g4_l20,GreedyRecomputerMask2,428,20032,5128,49,14904,10.846154,56934,3948
bcsstk15,p4_g4_l20,GreedyRecomputerMask4,615,20052,5164,51,14888,10.846154,56934,3948
bcsstk15,p4_g4_l20,GreedyBspHC,169,20965,6084,53,14881,10.846154,56934,3948
accidents.psdd,p4_g4_l20,GreedyRecomputerMask0,1509,20982,11536,12,9446,1561.916667,102111,37486
accidents.psdd,p4_g4_l20,GreedyRecomputerMask1,2866,19918,10108,12,9810,1561.916667,102111,37486
accidents.psdd,p4_g4_l20,GreedyRecomputerMask3,3844,18169,4816,7,13353,1561.916667,102111,37486
accidents.psdd,p4_g4_l20,GreedyRecomputerMask7,5595,18169,4816,7,13353,1561.916667,102111,37486
accidents.psdd,p4_g4_l20,GreedyRecomputerMask2,2513,18280,4920,7,13360,1561.916667,102111,37486
accidents.psdd,p4_g4_l20,GreedyRecomputerMask4,2895,20980,11532,12,9448,1561.916667,102111,37486
accidents.psdd,p4_g4_l20,GreedyBspHC,1130,21206,11784,12,9422,1561.916667,102111,37486
msweb.psdd,p4_g4_l20,GreedyRecomputerMask0,813,11093,7080,13,4013,493.031250,38289,15777
msweb.psdd,p4_g4_l20,GreedyRecomputerMask1,1706,9824,5388,13,4436,493.031250,38289,15777
msweb.psdd,p4_g4_l20,GreedyRecomputerMask3,2135,8940,3500,9,5440,493.031250,38289,15777
msweb.psdd,p4_g4_l20,GreedyRecomputerMask7,2833,8940,3500,9,5440,493.031250,38289,15777
msweb.psdd,p4_g4_l20,GreedyRecomputerMask2,1207,9012,2052,8,6960,493.031250,38289,15777
msweb.psdd,p4_g4_l20,GreedyRecomputerMask4,1382,11093,7080,13,4013,493.031250,38289,15777
msweb.psdd,p4_g4_l20,GreedyBspHC,654,11297,7300,13,3997,493.031250,38289,15777
instance_exp_N30_K6_nzP0d15,p4_g4_l20,GreedyRecomputerMask0,50,1546,928,10,618,90.416667,2268,1085
instance_exp_N30_K6_nzP0d15,p4_g4_l20,GreedyRecomputerMask1,61,1371,704,10,667,90.416667,2268,1085
instance_exp_N30_K6_nzP0d15,p4_g4_l20,GreedyRecomputerMask3,84,1300,548,7,752,90.416667,2268,1085
instance_exp_N30_K6_nzP0d15,p4_g4_l20,GreedyRecomputerMask7,124,1300,548,7,752,90.416667,2268,1085
instance_exp_N30_K6_nzP0d15,p4_g4_l20,GreedyRecomputerMask2,78,1364,624,7,740,90.416667,2268,1085
instance_exp_N30_K6_nzP0d15,p4_g4_l20,GreedyRecomputerMask4,83,1546,928,10,618,90.416667,2268,1085
instance_exp_N30_K6_nzP0d15,p4_g4_l20,GreedyBspHC,40,1582,964,10,618,90.416667,2268,1085
nltcs.clt.psdd,p4_g4_l20,GreedyRecomputerMask0,4,180,156,6,24,9.500000,92,76
nltcs.clt.psdd,p4_g4_l20,GreedyRecomputerMask1,4,139,108,5,31,9.500000,92,76
nltcs.clt.psdd,p4_g4_l20,GreedyRecomputerMask3,5,64,0,1,64,9.500000,92,76
nltcs.clt.psdd,p4_g4_l20,GreedyRecomputerMask7,7,64,0,1,64,9.500000,92,76
nltcs.clt.psdd,p4_g4_l20,GreedyRecomputerMask2,5,64,0,1,64,9.500000,92,76
nltcs.clt.psdd,p4_g4_l20,GreedyRecomputerMask4,7,163,136,5,27,9.500000,92,76
nltcs.clt.psdd,p4_g4_l20,GreedyBspHC,4,184,160,6,24,9.500000,92,76
instance_kNN_N60_K15_nzP0d15,p4_g4_l20,GreedyRecomputerMask0,349,12834,6972,20,5862,299.933333,22722,8998
instance_kNN_N60_K15_nzP0d15,p4_g4_l20,GreedyRecomputerMask1,665,11741,5504,20,6237,299.933333,22722,8998
instance_kNN_N60_K15_nzP0d15,p4_g4_l20,GreedyRecomputerMask3,934,11661,5348,18,6313,299.933333,22722,8998
instance_kNN_N60_K15_nzP0d15,p4_g4_l20,GreedyRecomputerMask7,1467,11661,5348,18,6313,299.933333,22722,8998
instance_kNN_N60_K15_nzP0d15,p4_g4_l20,GreedyRecomputerMask2,619,12149,5544,17,6605,299.933333,22722,8998
instance_kNN_N60_K15_nzP0d15,p4_g4_l20,GreedyRecomputerMask4,668,12834,6972,20,5862,299.933333,22722,8998
instance_kNN_N60_K15_nzP0d15,p4_g4_l20,GreedyBspHC,244,13032,7172,20,5860,299.933333,22722,8998
mnist.psdd,p4_g4_l20,GreedyRecomputerMask0,217,4219,2988,10,1231,490.400000,5916,4904
mnist.psdd,p4_g4_l20,GreedyRecomputerMask1,850,2964,1316,10,1648,490.400000,5916,4904
mnist.psdd,p4_g4_l20,GreedyRecomputerMask3,898,2796,572,6,2224,490.400000,5916,4904
mnist.psdd,p4_g4_l20,GreedyRecomputerMask7,1011,2796,572,6,2224,490.400000,5916,4904
mnist.psdd,p4_g4_l20,GreedyRecomputerMask2,285,2797,572,6,2225,490.400000,5916,4904
mnist.psdd,p4_g4_l20,GreedyRecomputerMask4,369,4219,2988,10,1231,490.400000,5916,4904
mnist.psdd,p4_g4_l20,GreedyBspHC,176,4229,3000,10,1229,490.400000,5916,4904
nd3k,p4_g4_l20,GreedyRecomputerMask0,12946,727179,28592,109,698587,2.368421,1635345,9000
nd3k,p4_g4_l20,GreedyRecomputerMask1,16311,726599,28012,109,698587,2.368421,1635345,9000
nd3k,p4_g4_l20,GreedyRecomputerMask3,22134,724373,25912,98,698461,2.368421,1635345,9000
nd3k,p4_g4_l20,GreedyRecomputerMask7,40751,722451,23984,97,698467,2.368421,1635345,9000
nd3k,p4_g4_l20,GreedyRecomputerMask2,18944,724706,26236,96,698470,2.368421,1635345,9000
nd3k,p4_g4_l20,GreedyRecomputerMask4,32599,723836,25188,109,698648,2.368421,1635345,9000
nd3k,p4_g4_l20,GreedyBspHC,7062,739059,40408,118,698651,2.368421,1635345,9000
bcsstk28,p4_g4_l20,GreedyRecomputerMask0,543,40037,6768,82,33269,4.809160,107307,4410
bcsstk28,p4_g4_l20,GreedyRecomputerMask1,600,40022,6752,82,33270,4.809160,107307,4410
bcsstk28,p4_g4_l20,GreedyRecomputerMask3,924,39834,6564,76,33270,4.809160,107307,4410
bcsstk28,p4_g4_l20,GreedyRecomputerMask7,1710,39834,6564,76,33270,4.809160,107307,4410
bcsstk28,p4_g4_l20,GreedyRecomputerMask2,905,39849,6580,76,33269,4.809160,107307,4410
bcsstk28,p4_g4_l20,GreedyRecomputerMask4,1424,39909,6640,79,33269,4.809160,107307,4410
bcsstk28,p4_g4_l20,GreedyBspHC,341,41320,8048,91,33272,4.809160,107307,4410
instance_CG_N25_K17_nzP0d15,p4_g4_l20,GreedyRecomputerMask0,564,9898,6060,93,3838,27.871921,12072,5658
instance_CG_N25_K17_nzP0d15,p4_g4_l20,GreedyRecomputerMask1,607,9747,5856,93,3891,27.871921,12072,5658
instance_CG_N25_K17_nzP0d15,p4_g4_l20,GreedyRecomputerMask3,714,9567,5644,82,3923,27.871921,12072,5658
instance_CG_N25_K17_nzP0d15,p4_g4_l20,GreedyRecomputerMask7,930,9567,5644,82,3923,27.871921,12072,5658
instance_CG_N25_K17_nzP0d15,p4_g4_l20,GreedyRecomputerMask2,705,9617,5652,80,3965,27.871921,12072,5658
instance_CG_N25_K17_nzP0d15,p4_g4_l20,GreedyRecomputerMask4,722,9886,6048,93,3838,27.871921,12072,5658
instance_CG_N25_K17_nzP0d15,p4_g4_l20,GreedyBspHC,519,10387,6548,100,3839,27.871921,12072,5658
instance_kNN_N75_K9_nzP0d15,p4_g4_l20,GreedyRecomputerMask0,343,11064,6252,13,4812,419.444444,18231,7550
instance_kNN_N75_K9_nzP0d15,p4_g4_l20,GreedyRecomputerMask1,745,9679,4412,13,5267,419.444444,18231,7550
instance_kNN_N75_K9_nzP0d15,p4_g4_l20,GreedyRecomputerMask3,911,9605,4276,11,5329,419.444444,18231,7550
instance_kNN_N75_K9_nzP0d15,p4_g4_l20,GreedyRecomputerMask7,1260,9605,4276,11,5329,419.444444,18231,7550
instance_kNN_N75_K9_nzP0d15,p4_g4_l20,GreedyRecomputerMask2,575,10316,4908,10,5408,419.444444,18231,7550
instance_kNN_N75_K9_nzP0d15,p4_g4_l20,GreedyRecomputerMask4,622,11064,6252,13,4812,419.444444,18231,7550
instance_kNN_N75_K9_nzP0d15,p4_g4_l20,GreedyBspHC,258,11212,6400,13,4812,419.444444,18231,7550
instance_CG_N30_K24_nzP0d15,p4_g4_l20,GreedyRecomputerMask0,532,17091,10248,145,6843,34.637631,21754,9941
instance_CG_N30_K24_nzP0d15,p4_g4_l20,GreedyRecomputerMask1,603,16873,9936,145,6937,34.637631,21754,9941
instance_CG_N30_K24_nzP0d15,p4_g4_l20,GreedyRecomputerMask3,913,16435,9372,114,7063,34.637631,21754,9941
instance_CG_N30_K24_nzP0d15,p4_g4_l20,GreedyRecomputerMask7,1438,16435,9372,114,7063,34.637631,21754,9941
instance_CG_N30_K24_nzP0d15,p4_g4_l20,GreedyRecomputerMask2,884,16543,9460,113,7083,34.637631,21754,9941
instance_CG_N30_K24_nzP0d15,p4_g4_l20,GreedyRecomputerMask4,975,17047,10204,143,6843,34.637631,21754,9941
instance_CG_N30_K24_nzP0d15,p4_g4_l20,GreedyBspHC,435,17913,11076,147,6837,34.637631,21754,9941
instance_kNN_N40_K5_nzP0d15,p4_g4_l20,GreedyRecomputerMask0,45,1452,876,7,576,107.300000,2007,1073
instance_kNN_N40_K5_nzP0d15,p4_g4_l20,GreedyRecomputerMask1,61,1238,588,7,650,107.300000,2007,1073
instance_kNN_N40_K5_nzP0d15,p4_g4_l20,GreedyRecomputerMask3,83,1180,460,4,720,107.300000,2007,1073
instance_kNN_N40_K5_nzP0d15,p4_g4_l20,GreedyRecomputerMask7,123,1180,460,4,720,107.300000,2007,1073
instance_kNN_N40_K5_nzP0d15,p4_g4_l20,GreedyRecomputerMask2,72,1281,596,4,685,107.300000,2007,1073
instance_kNN_N40_K5_nzP0d15,p4_g4_l20,GreedyRecomputerMask4,78,1452,876,7,576,107.300000,2007,1073
instance_kNN_N40_K5_nzP0d15,p4_g4_l20,GreedyBspHC,37,1492,916,7,576,107.300000,2007,1073
instance_CG_N60_K55_nzP0d12,p4_g4_l20,GreedyRecomputerMask0,8319,84291,46444,334,37847,82.433991,127658,54324
instance_CG_N60_K55_nzP0d12,p4_g4_l20,GreedyRecomputerMask1,9023,82896,44168,334,38728,82.433991,127658,54324
instance_CG_N60_K55_nzP0d12,p4_g4_l20,GreedyRecomputerMask3,10906,81654,42516,274,39138,82.433991,127658,54324
instance_CG_N60_K55_nzP0d12,p4_g4_l20,GreedyRecomputerMask7,14166,81638,42500,274,39138,82.433991,127658,54324
instance_CG_N60_K55_nzP0d12,p4_g4_l20,GreedyRecomputerMask2,10637,82628,44308,273,38320,82.433991,127658,54324
instance_CG_N60_K55_nzP0d12,p4_g4_l20,GreedyRecomputerMask4,10094,84247,46400,333,37847,82.433991,127658,54324
instance_CG_N60_K55_nzP0d12,p4_g4_l20,GreedyBspHC,7739,87359,49540,345,37819,82.433991,127658,54324
s3rmt3m3,p4_g4_l20,GreedyRecomputerMask0,247,33829,4368,39,29461,4.654214,101169,5357
s3rmt3m3,p4_g4_l20,GreedyRecomputerMask1,298,33803,4288,39,29515,4.654214,101169,5357
s3rmt3m3,p4_g4_l20,GreedyRecomputerMask3,456,33800,4244,38,29556,4.654214,101169,5357
s3rmt3m3,p4_g4_l20,GreedyRecomputerMask7,996,33800,4244,38,29556,4.654214,101169,5357
s3rmt3m3,p4_g4_l20,GreedyRecomputerMask2,556,33806,4304,37,29502,4.654214,101169,5357
s3rmt3m3,p4_g4_l20,GreedyRecomputerMask4,824,33829,4368,39,29461,4.654214,101169,5357
s3rmt3m3,p4_g4_l20,GreedyBspHC,111,34656,5196,41,29460,4.654214,101169,5357
instance_kNN_N45_K15_nzP0d16,p4_g4_l20,GreedyRecomputerMask0,294,7510,4072,19,3438,179.733333,13275,5392
instance_kNN_N45_K15_nzP0d16,p4_g4_l20,GreedyRecomputerMask1,398,6908,3272,19,3636,179.733333,13275,5392
instance_kNN_N45_K15_nzP0d16,p4_g4_l20,GreedyRecomputerMask3,508,6852,3128,17,3724,179.733333,13275,5392
instance_kNN_N45_K15_nzP0d16,p4_g4_l20,GreedyRecomputerMask7,738,6852,3128,17,3724,179.733333,13275,5392
instance_kNN_N45_K15_nzP0d16,p4_g4_l20,GreedyRecomputerMask2,452,7212,3476,16,3736,179.733333,13275,5392
instance_kNN_N45_K15_nzP0d16,p4_g4_l20,GreedyRecomputerMask4,477,7510,4072,19,3438,179.733333,13275,5392
instance_kNN_N45_K15_nzP0d16,p4_g4_l20,GreedyBspHC,236,7702,4272,19,3430,179.733333,13275,5392
Dubcova3,p4_g4_l20,GreedyRecomputerMask0,19305,475623,38412,137,437211,44.927718,1744980,146689
Dubcova3,p4_g4_l20,GreedyRecomputerMask1,34153,468274,29732,136,438542,44.927718,1744980,146689
Dubcova3,p4_g4_l20,GreedyRecomputerMask3,48472,467892,28892,125,439000,44.927718,1744980,146689
Dubcova3,p4_g4_l20,GreedyRecomputerMask7,94629,467932,28976,125,438956,44.927718,1744980,146689
Dubcova3,p4_g4_l20,GreedyRecomputerMask2,26826,470532,28252,121,442280,44.927718,1744980,146689
Dubcova3,p4_g4_l20,GreedyRecomputerMask4,31591,475603,38396,136,437207,44.927718,1744980,146689
Dubcova3,p4_g4_l20,GreedyBspHC,14804,480871,43696,146,437175,44.927718,1744980,146689
mnist-antonio.psdd,p4_g4_l20,GreedyRecomputerMask0,220,4219,2988,10,1231,490.400000,5916,4904
mnist-antonio.psdd,p4_g4_l20,GreedyRecomputerMask1,859,2964,1316,10,1648,490.400000,5916,4904
mnist-antonio.psdd,p4_g4_l20,GreedyRecomputerMask3,899,2796,572,6,2224,490.400000,5916,4904
mnist-antonio.psdd,p4_g4_l20,GreedyRecomputerMask7,1017,2796,572,6,2224,490.400000,5916,4904
mnist-antonio.psdd,p4_g4_l20,GreedyRecomputerMask2,279,2797,572,6,2225,490.400000,5916,4904
mnist-antonio.psdd,p4_g4_l20,GreedyRecomputerMask4,368,4219,2988,10,1231,490.400000,5916,4904
mnist-antonio.psdd,p4_g4_l20,GreedyBspHC,176,4229,3000,10,1229,490.400000,5916,4904
instance_exp_N35_K4_nzP0d15,p4_g4_l20,GreedyRecomputerMask0,39,1446,880,7,566,127.500000,2028,1020
instance_exp_N35_K4_nzP0d15,p4_g4_l20,GreedyRecomputerMask1,57,1213,576,7,637,127.500000,2028,1020
instance_exp_N35_K4_nzP0d15,p4_g4_l20,GreedyRecomputerMask3,75,1149,448,5,701,127.500000,2028,1020
instance_exp_N35_K4_nzP0d15,p4_g4_l20,GreedyRecomputerMask7,112,1149,448,5,701,127.500000,2028,1020
instance_exp_N35_K4_nzP0d15,p4_g4_l20,GreedyRecomputerMask2,64,1209,524,5,685,127.500000,2028,1020
instance_exp_N35_K4_nzP0d15,p4_g4_l20,GreedyRecomputerMask4,54,1446,880,7,566,127.500000,2028,1020
instance_exp_N35_K4_nzP0d15,p4_g4_l20,GreedyBspHC,29,1446,880,7,566,127.500000,2028,1020
bcsstk36,p4_g4_l20,GreedyRecomputerMask0,6930,211060,30512,356,180548,5.173250,560044,23052
bcsstk36,p4_g4_l20,GreedyRecomputerMask1,7787,210866,30316,356,180550,5.173250,560044,23052
bcsstk36,p4_g4_l20,GreedyRecomputerMask3,9074,210588,30000,340,180588,5.173250,560044,23052
bcsstk36,p4_g4_l20,GreedyRecomputerMask7,13336,210427,29828,339,180599,5.173250,560044,23052
bcsstk36,p4_g4_l20,GreedyRecomputerMask2,8965,210785,30196,340,180589,5.173250,560044,23052
bcsstk36,p4_g4_l20,GreedyRecomputerMask4,11666,210926,30380,356,180546,5.173250,560044,23052
bcsstk36,p4_g4_l20,GreedyBspHC,5864,219445,38876,398,180569,5.173250,560044,23052
simple2.5.psdd,p4_g4_l20,GreedyRecomputerMask0,0,6,0,1,6,7.000000,5,7
simple2.5.psdd,p4_g4_l20,GreedyRecomputerMask1,0,6,0,1,6,7.000000,5,7
simple2.5.psdd,p4_g4_l20,GreedyRecomputerMask3,0,6,0,1,6,7.000000,5,7
simple2.5.psdd,p4_g4_l20,GreedyRecomputerMask7,0,6,0,1,6,7.000000,5,7
simple2.5.psdd,p4_g4_l20,GreedyRecomputerMask2,0,6,0,1,6,7.000000,5,7
simple2.5.psdd,p4_g4_l20,GreedyRecomputerMask4,0,6,0,1,6,7.000000,5,7
simple2.5.psdd,p4_g4_l20,GreedyBspHC,0,6,0,1,6,7.000000,5,7
instance_exp_N75_K60_nzP0d15,p4_g4_l20,GreedyRecomputerMask0,2149,73445,36396,76,37049,451.908333,146520,54229
instance_exp_N75_K60_nzP0d15,p4_g4_l20,GreedyRecomputerMask1,3627,71579,33864,76,37715,451.908333,146520,54229
instance_exp_N75_K60_nzP0d15,p4_g4_l20,GreedyRecomputerMask3,4800,71344,33360,74,37984,451.908333,146520,54229
instance_exp_N75_K60_nzP0d15,p4_g4_l20,GreedyRecomputerMask7,7551,71344,33360,74,37984,451.908333,146520,54229
instance_exp_N75_K60_nzP0d15,p4_g4_l20,GreedyRecomputerMask2,4053,72285,34612,74,37673,451.908333,146520,54229
instance_exp_N75_K60_nzP0d15,p4_g4_l20,GreedyRecomputerMask4,4169,73445,36396,76,37049,451.908333,146520,54229
instance_exp_N75_K60_nzP0d15,p4_g4_l20,GreedyBspHC,1471,74297,37272,76,37025,451.908333,146520,54229
little_4var.psdd,p4_g4_l20,GreedyRecomputerMask0,0,11,0,1,11,6.000000,10,12
little_4var.psdd,p4_g4_l20,GreedyRecomputerMask1,0,11,0,1,11,6.000000,10,12
little_4var.psdd,p4_g4_l20,GreedyRecomputerMask3,0,11,0,1,11,6.000000,10,12
little_4var.psdd,p4_g4_l20,GreedyRecomputerMask7,0,11,0,1,11,6.000000,10,12
little_4var.psdd,p4_g4_l20,GreedyRecomputerMask2,0,11,0,1,11,6.000000,10,12
little_4var.psdd,p4_g4_l20,GreedyRecomputerMask4,0,11,0,1,11,6.000000,10,12
little_4var.psdd,p4_g4_l20,GreedyBspHC,0,11,0,1,11,6.000000,10,12
pdb1HYS,p4_g4_l20,GreedyRecomputerMask0,13029,1247975,48120,305,1199855,1.892480,2154174,36417
pdb1HYS,p4_g4_l20,GreedyRecomputerMask1,17066,1247200,47344,304,1199856,1.892480,2154174,36417
pdb1HYS,p4_g4_l20,GreedyRecomputerMask3,28989,1243804,43832,248,1199972,1.892480,2154174,36417
pdb1HYS,p4_g4_l20,GreedyRecomputerMask7,57310,1243560,42996,246,1200564,1.892480,2154174,36417
pdb1HYS,p4_g4_l20,GreedyRecomputerMask2,28361,1244147,44172,247,1199975,1.892480,2154174,36417
pdb1HYS,p4_g4_l20,GreedyRecomputerMask4,31622,1244839,44344,288,1200495,1.892480,2154174,36417
pdb1HYS,p4_g4_l20,GreedyBspHC,9476,1272233,72284,364,1199949,1.892480,2154174,36417
instance_kNN_N250_K15_nzP0d1,p4_g4_l20,GreedyRecomputerMask0,4153,140746,75516,20,65230,3155.566667,253986,94667
instance_kNN_N250_K15_nzP0d1,p4_g4_l20,GreedyRecomputerMask1,41327,127264,57288,20,69976,3155.566667,253986,94667
instance_kNN_N250_K15_nzP0d1,p4_g4_l20,GreedyRecomputerMask3,45810,126649,53460,17,73189,3155.566667,253986,94667
instance_kNN_N250_K15_nzP0d1,p4_g4_l20,GreedyRecomputerMask7,55161,126649,53460,17,73189,3155.566667,253986,94667
instance_kNN_N250_K15_nzP0d1,p4_g4_l20,GreedyRecomputerMask2,7937,133480,62900,17,70580,3155.566667,253986,94667
instance_kNN_N250_K15_nzP0d1,p4_g4_l20,GreedyRecomputerMask4,8567,140746,75516,20,65230,3155.566667,253986,94667
instance_kNN_N250_K15_nzP0d1,p4_g4_l20,GreedyBspHC,2729,141537,76312,20,65225,3155.566667,253986,94667
book.psdd,p4_g4_l20,GreedyRecomputerMask0,829,14446,8888,14,5558,567.128205,53647,22118
book.psdd,p4_g4_l20,GreedyRecomputerMask1,2545,12431,6208,14,6223,567.128205,53647,22118
book.psdd,p4_g4_l20,GreedyRecomputerMask3,3074,12170,4480,12,7690,567.128205,53647,22118
book.psdd,p4_g4_l20,GreedyRecomputerMask7,4080,12170,4480,12,7690,567.128205,53647,22118
book.psdd,p4_g4_l20,GreedyRecomputerMask2,1370,12700,5080,12,7620,567.128205,53647,22118
book.psdd,p4_g4_l20,GreedyRecomputerMask4,1636,14446,8888,14,5558,567.128205,53647,22118
book.psdd,p4_g4_l20,GreedyBspHC,608,14748,9192,14,5556,567.128205,53647,22118
jester.psdd,p4_g4_l20,GreedyRecomputerMask0,640,11628,6864,11,4764,758.280000,48220,18957
jester.psdd,p4_g4_l20,GreedyRecomputerMask1,1216,10759,5708,11,5051,758.280000,48220,18957
jester.psdd,p4_g4_l20,GreedyRecomputerMask3,1755,10204,4232,9,5972,758.280000,48220,18957
jester.psdd,p4_g4_l20,GreedyRecomputerMask7,2598,10204,4232,9,5972,758.280000,48220,18957
jester.psdd,p4_g4_l20,GreedyRecomputerMask2,1116,10574,3376,8,7198,758.280000,48220,18957
jester.psdd,p4_g4_l20,GreedyRecomputerMask4,1294,11628,6864,11,4764,758.280000,48220,18957
jester.psdd,p4_g4_l20,GreedyBspHC,457,11904,7140,11,4764,758.280000,48220,18957
instance_exp_N80_K6_nzP0d15,p4_g4_l20,GreedyRecomputerMask0,306,10639,6176,10,4463,588.000000,16704,7056
instance_exp_N80_K6_nzP0d15,p4_g4_l20,GreedyRecomputerMask1,1070,9009,3928,10,5081,588.000000,16704,7056
instance_exp_N80_K6_nzP0d15,p4_g4_l20,GreedyRecomputerMask3,1183,8846,3520,7,5326,588.000000,16704,7056
instance_exp_N80_K6_nzP0d15,p4_g4_l20,GreedyRecomputerMask7,1495,8846,3520,7,5326,588.000000,16704,7056
instance_exp_N80_K6_nzP0d15,p4_g4_l20,GreedyRecomputerMask2,538,9436,4316,7,5120,588.000000,16704,7056
instance_exp_N80_K6_nzP0d15,p4_g4_l20,GreedyRecomputerMask4,573,10639,6176,10,4463,588.000000,16704,7056
instance_exp_N80_K6_nzP0d15,p4_g4_l20,GreedyBspHC,222,10703,6248,10,4455,588.000000,16704,7056
simple2.4.psdd,p4_g4_l20,GreedyRecomputerMask0,0,6,0,1,6,7.000000,5,7
simple2.4.psdd,p4_g4_l20,GreedyRecomputerMask1,0,6,0,1,6,7.000000,5,7
simple2.4.psdd,p4_g4_l20,GreedyRecomputerMask3,0,6,0,1,6,7.000000,5,7
simple2.4.psdd,p4_g4_l20,GreedyRecomputerMask7,0,6,0,1,6,7.000000,5,7
simple2.4.psdd,p4_g4_l20,GreedyRecomputerMask2,0,6,0,1,6,7.000000,5,7
simple2.4.psdd,p4_g4_l20,GreedyRecomputerMask4,0,6,0,1,6,7.000000,5,7
simple2.4.psdd,p4_g4_l20,GreedyBspHC,0,6,0,1,6,7.000000,5,7
instance_kNN_N90_K8_nzP0d15,p4_g4_l20,GreedyRecomputerMask0,440,13675,7892,12,5783,569.250000,21717,9108
instance_kNN_N90_K8_nzP0d15,p4_g4_l20,GreedyRecomputerMask1,1281,11788,5352,12,6436,569.250000,21717,9108
instance_kNN_N90_K8_nzP0d15,p4_g4_l20,GreedyRecomputerMask3,1485,11695,5220,10,6475,569.250000,21717,9108
instance_kNN_N90_K8_nzP0d15,p4_g4_l20,GreedyRecomputerMask7,1924,11695,5220,10,6475,569.250000,21717,9108
instance_kNN_N90_K8_nzP0d15,p4_g4_l20,GreedyRecomputerMask2,728,12534,5768,8,6766,569.250000,21717,9108
instance_kNN_N90_K8_nzP0d15,p4_g4_l20,GreedyRecomputerMask4,788,13675,7892,12,5783,569.250000,21717,9108
instance_kNN_N90_K8_nzP0d15,p4_g4_l20,GreedyBspHC,328,13795,8012,12,5783,569.250000,21717,9108
msnbc.psdd,p4_g4_l20,GreedyRecomputerMask0,588,12193,8012,8,4181,2046.625000,39056,16373
msnbc.psdd,p4_g4_l20,GreedyRecomputerMask1,1603,11267,6776,8,4491,2046.625000,39056,16373
msnbc.psdd,p4_g4_l20,GreedyRecomputerMask3,1937,9690,3636,5,6054,2046.625000,39056,16373
msnbc.psdd,p4_g4_l20,GreedyRecomputerMask7,2684,9690,3636,5,6054,2046.625000,39056,16373
msnbc.psdd,p4_g4_l20,GreedyRecomputerMask2,1029,9793,3720,5,6073,2046.625000,39056,16373
msnbc.psdd,p4_g4_l20,GreedyRecomputerMask4,1160,12193,8012,8,4181,2046.625000,39056,16373
msnbc.psdd,p4_g4_l20,GreedyBspHC,439,12293,8112,8,4181,2046.625000,39056,16373
instance_CG_N15_K7_nzP0d25,p4_g4_l20,GreedyRecomputerMask0,75,3049,2028,42,1021,18.216867,3116,1512
instance_CG_N15_K7_nzP0d25,p4_g4_l20,GreedyRecomputerMask1,82,2978,1932,42,1046,18.216867,3116,1512
instance_CG_N15_K7_nzP0d25,p4_g4_l20,GreedyRecomputerMask3,137,2751,1644,30,1107,18.216867,3116,1512
instance_CG_N15_K7_nzP0d25,p4_g4_l20,GreedyRecomputerMask7,210,2751,1644,30,1107,18.216867,3116,1512
instance_CG_N15_K7_nzP0d25,p4_g4_l20,GreedyRecomputerMask2,129,2776,1680,30,1096,18.216867,3116,1512
instance_CG_N15_K7_nzP0d25,p4_g4_l20,GreedyRecomputerMask4,117,3025,2004,41,1021,18.216867,3116,1512
instance_CG_N15_K7_nzP0d25,p4_g4_l20,GreedyBspHC,62,3185,2164,44,1021,18.216867,3116,1512
simple2.1.psdd,p4_g4_l20,GreedyRecomputerMask0,0,6,0,1,6,7.000000,5,7
simple2.1.psdd,p4_g4_l20,GreedyRecomputerMask1,0,6,0,1,6,7.000000,5,7
simple2.1.psdd,p4_g4_l20,GreedyRecomputerMask3,0,6,0,1,6,7.000000,5,7
simple2.1.psdd,p4_g4_l20,GreedyRecomputerMask7,0,6,0,1,6,7.000000,5,7
simple2.1.psdd,p4_g4_l20,GreedyRecomputerMask2,0,6,0,1,6,7.000000,5,7
simple2.1.psdd,p4_g4_l20,GreedyRecomputerMask4,0,6,0,1,6,7.000000,5,7
simple2.1.psdd,p4_g4_l20,GreedyBspHC,0,6,0,1,6,7.000000,5,7
Dubcova2,p4_g4_l20,GreedyRecomputerMask0,9275,150518,29296,101,121222,39.819351,482600,65025
Dubcova2,p4_g4_l20,GreedyRecomputerMask1,22083,143052,20136,101,122916,39.819351,482600,65025
Dubcova2,p4_g4_l20,GreedyRecomputerMask3,27667,142570,19316,87,123254,39.819351,482600,65025
Dubcova2,p4_g4_l20,GreedyRecomputerMask7,32080,142684,19712,87,122972,39.819351,482600,65025
Dubcova2,p4_g4_l20,GreedyRecomputerMask2,11945,145317,19580,86,125737,39.819351,482600,65025
Dubcova2,p4_g4_l20,GreedyRecomputerMask4,15712,150465,29228,97,121237,39.819351,482600,65025
Dubcova2,p4_g4_l20,GreedyBspHC,7541,153935,32732,111,121203,39.819351,482600,65025
instance_kNN_N30_K10_nzP0d15,p4_g4_l20,GreedyRecomputerMask0,67,2352,1412,15,940,79.250000,3519,1585
instance_kNN_N30_K10_nzP0d15,p4_g4_l20,GreedyRecomputerMask1,88,2156,1156,15,1000,79.250000,3519,1585
instance_kNN_N30_K10_nzP0d15,p4_g4_l20,GreedyRecomputerMask3,114,2101,1064,13,1037,79.250000,3519,1585
instance_kNN_N30_K10_nzP0d15,p4_g4_l20,GreedyRecomputerMask7,177,2101,1064,13,1037,79.250000,3519,1585
instance_kNN_N30_K10_nzP0d15,p4_g4_l20,GreedyRecomputerMask2,105,2231,1228,13,1003,79.250000,3519,1585
instance_kNN_N30_K10_nzP0d15,p4_g4_l20,GreedyRecomputerMask4,114,2352,1412,15,940,79.250000,3519,1585
instance_kNN_N30_K10_nzP0d15,p4_g4_l20,GreedyBspHC,50,2410,1472,15,938,79.250000,3519,1585
sts4098,p4_g4_l20,GreedyRecomputerMask0,459,12972,4100,50,8872,22.893855,34129,4098
sts4098,p4_g4_l20,GreedyRecomputerMask1,523,12756,3804,50,8952,22.893855,34129,4098
sts4098,p4_g4_l20,GreedyRecomputerMask3,654,12705,3744,46,8961,22.893855,34129,4098
sts4098,p4_g4_l20,GreedyRecomputerMask7,963,12705,3744,46,8961,22.893855,34129,4098
sts4098,p4_g4_l20,GreedyRecomputerMask2,622,12906,4036,46,8870,22.893855,34129,4098
sts4098,p4_g4_l20,GreedyRecomputerMask4,681,12972,4100,50,8872,22.893855,34129,4098
sts4098,p4_g4_l20,GreedyBspHC,372,13532,4668,56,8864,22.893855,34129,4098
instance_conjugate_gradient_gyro_m,p4_g4_l20,GreedyRecomputerMask0,903021,199082,138720,5523,60362,2.363321,70893,47023
instance_conjugate_gradient_gyro_m,p4_g4_l20,GreedyRecomputerMask1,903389,199055,138692,5522,60363,2.363321,70893,47023
instance_conjugate_gradient_gyro_m,p4_g4_l20,GreedyRecomputerMask3,907232,84386,0,1,84386,2.363321,70893,47023
instance_conjugate_gradient_gyro_m,p4_g4_l20,GreedyRecomputerMask7,906748,84386,0,1,84386,2.363321,70893,47023
instance_conjugate_gradient_gyro_m,p4_g4_l20,GreedyRecomputerMask2,907043,84386,0,1,84386,2.363321,70893,47023
instance_conjugate_gradient_gyro_m,p4_g4_l20,GreedyRecomputerMask4,904676,165736,101784,3984,63952,2.363321,70893,47023
instance_conjugate_gradient_gyro_m,p4_g4_l20,GreedyBspHC,901586,204757,144900,5524,59857,2.363321,70893,47023
instance_kNN_N30_K12_nzP0d15,p4_g4_l20,GreedyRecomputerMask0,98,2830,1664,16,1166,81.291667,4437,1951
instance_kNN_N30_K12_nzP0d15,p4_g4_l20,GreedyRecomputerMask1,121,2610,1376,16,1234,81.291667,4437,1951
instance_kNN_N30_K12_nzP0d15,p4_g4_l20,GreedyRecomputerMask3,157,2556,1280,14,1276,81.291667,4437,1951
instance_kNN_N30_K12_nzP0d15,p4_g4_l20,GreedyRecomputerMask7,234,2556,1280,14,1276,81.291667,4437,1951
instance_kNN_N30_K12_nzP0d15,p4_g4_l20,GreedyRecomputerMask2,145,2700,1468,14,1232,81.291667,4437,1951
instance_kNN_N30_K12_nzP0d15,p4_g4_l20,GreedyRecomputerMask4,155,2830,1664,16,1166,81.291667,4437,1951
instance_kNN_N30_K12_nzP0d15,p4_g4_l20,GreedyBspHC,79,2914,1748,16,1166,81.291667,4437,1951
bcsstk13,p4_g4_l20,GreedyRecomputerMask0,1939,26035,7168,156,18867,3.477431,40940,2003
bcsstk13,p4_g4_l20,GreedyRecomputerMask1,1990,25899,7024,155,18875,3.477431,40940,2003
bcsstk13,p4_g4_l20,GreedyRecomputerMask3,2128,25525,6632,133,18893,3.477431,40940,2003
bcsstk13,p4_g4_l20,GreedyRecomputerMask7,2729,25422,6500,129,18922,3.477431,40940,2003
bcsstk13,p4_g4_l20,GreedyRecomputerMask2,2101,25610,6724,133,18886,3.477431,40940,2003
bcsstk13,p4_g4_l20,GreedyRecomputerMask4,2249,26031,7164,156,18867,3.477431,40940,2003
bcsstk13,p4_g4_l20,GreedyBspHC,1818,28413,9516,193,18897,3.477431,40940,2003
pumsb_star.psdd,p4_g4_l20,GreedyRecomputerMask0,1894,25418,15344,15,10074,1429.785714,110115,40034
pumsb_star.psdd,p4_g4_l20,GreedyRecomputerMask1,4094,23576,12904,15,10672,1429.785714,110115,40034
pumsb_star.psdd,p4_g4_l20,GreedyRecomputerMask3,5674,22245,10520,13,11725,1429.785714,110115,40034
pumsb_star.psdd,p4_g4_l20,GreedyRecomputerMask7,7656,22237,10520,13,11717,1429.785714,110115,40034
pumsb_star.psdd,p4_g4_l20,GreedyRecomputerMask2,3084,23556,6460,11,17096,1429.785714,110115,40034
pumsb_star.psdd,p4_g4_l20,GreedyRecomputerMask4,3416,25418,15344,15,10074,1429.785714,110115,40034
pumsb_star.psdd,p4_g4_l20,GreedyBspHC,1442,26014,15940,15,10074,1429.785714,110115,40034
m_t1,p4_g4_l20,GreedyRecomputerMask0,14058,1285913,70964,126,1214949,22.878781,4827996,97578
m_t1,p4_g4_l20,GreedyRecomputerMask1,18428,1285871,70916,126,1214955,22.878781,4827996,97578
m_t1,p4_g4_l20,GreedyRecomputerMask3,27018,1285871,70900,125,1214971,22.878781,4827996,97578
m_t1,p4_g4_l20,GreedyRecomputerMask7,53820,1285871,70900,125,1214971,22.878781,4827996,97578
m_t1,p4_g4_l20,GreedyRecomputerMask2,26567,1285912,70944,125,1214968,22.878781,4827996,97578
m_t1,p4_g4_l20,GreedyRecomputerMask4,42845,1285913,70964,126,1214949,22.878781,4827996,97578
m_t1,p4_g4_l20,GreedyBspHC,6484,1298008,83068,127,1214940,22.878781,4827996,97578
dna-500.psdd,p4_g4_l20,GreedyRecomputerMask0,4116,52606,9004,22,43602,2098.012048,552352,174135
dna-500.psdd,p4_g4_l20,GreedyRecomputerMask1,5500,51612,7740,21,43872,2098.012048,552352,174135
dna-500.psdd,p4_g4_l20,GreedyRecomputerMask3,9736,51480,7320,19,44160,2098.012048,552352,174135
dna-500.psdd,p4_g4_l20,GreedyRecomputerMask7,17299,51480,7320,19,44160,2098.012048,552352,174135
dna-500.psdd,p4_g4_l20,GreedyRecomputerMask2,8428,52064,8040,19,44024,2098.012048,552352,174135
dna-500.psdd,p4_g4_l20,GreedyRecomputerMask4,10019,52606,9004,22,43602,2098.012048,552352,174135
dna-500.psdd,p4_g4_l20,GreedyBspHC,2326,53258,9656,22,43602,2098.012048,552352,174135
instance_exp_N40_K5_nzP0d15,p4_g4_l20,GreedyRecomputerMask0,76,2347,1388,8,959,163.200000,3480,1632
instance_exp_N40_K5_nzP0d15,p4_g4_l20,GreedyRecomputerMask1,105,1981,908,8,1073,163.200000,3480,1632
instance_exp_N40_K5_nzP0d15,p4_g4_l20,GreedyRecomputerMask3,134,1900,744,6,1156,163.200000,3480,1632
instance_exp_N40_K5_nzP0d15,p4_g4_l20,GreedyRecomputerMask7,196,1900,744,6,1156,163.200000,3480,1632
instance_exp_N40_K5_nzP0d15,p4_g4_l20,GreedyRecomputerMask2,107,2025,896,6,1129,163.200000,3480,1632
instance_exp_N40_K5_nzP0d15,p4_g4_l20,GreedyRecomputerMask4,87,2347,1388,8,959,163.200000,3480,1632
instance_exp_N40_K5_nzP0d15,p4_g4_l20,GreedyBspHC,47,2355,1396,8,959,163.200000,3480,1632
nltcs.10split.psdd,p4_g4_l20,GreedyRecomputerMask0,4,251,216,7,35,14.875000,192,119
nltcs.10split.psdd,p4_g4_l20,GreedyRecomputerMask1,5,218,172,7,46,14.875000,192,119
nltcs.10split.psdd,p4_g4_l20,GreedyRecomputerMask3,6,113,0,1,113,14.875000,192,119
nltcs.10split.psdd,p4_g4_l20,GreedyRecomputerMask7,8,113,0,1,113,14.875000,192,119
nltcs.10split.psdd,p4_g4_l20,GreedyRecomputerMask2,6,113,0,1,113,14.875000,192,119
nltcs.10split.psdd,p4_g4_l20,GreedyRecomputerMask4,7,251,216,7,35,14.875000,192,119
nltcs.10split.psdd,p4_g4_l20,GreedyBspHC,3,255,220,7,35,14.875000,192,119
nasa4704,p4_g4_l20,GreedyRecomputerMask0,293,20188,6912,96,13276,14.254545,50026,4704
nasa4704,p4_g4_l20,GreedyRecomputerMask1,332,20134,6816,96,13318,14.254545,50026,4704
nasa4704,p4_g4_l20,GreedyRecomputerMask3,539,20101,6752,93,13349,14.254545,50026,4704
nasa4704,p4_g4_l20,GreedyRecomputerMask7,746,20101,6752,93,13349,14.254545,50026,4704
nasa4704,p4_g4_l20,GreedyRecomputerMask2,523,20155,6848,93,13307,14.254545,50026,4704
nasa4704,p4_g4_l20,GreedyRecomputerMask4,619,20188,6912,96,13276,14.254545,50026,4704
nasa4704,p4_g4_l20,GreedyBspHC,180,21439,8172,97,13267,14.254545,50026,4704
thermal1,p4_g4_l20,GreedyRecomputerMask0,3032,82754,21196,14,61558,85.210309,245902,82654
thermal1,p4_g4_l20,GreedyRecomputerMask1,30499,69528,7168,14,62360,85.210309,245902,82654
thermal1,p4_g4_l20,GreedyRecomputerMask3,33128,69490,7124,12,62366,85.210309,245902,82654
thermal1,p4_g4_l20,GreedyRecomputerMask7,40805,69490,7124,12,62366,85.210309,245902,82654
thermal1,p4_g4_l20,GreedyRecomputerMask2,5198,78010,15900,11,62110,85.210309,245902,82654
thermal1,p4_g4_l20,GreedyRecomputerMask4,6451,82754,21196,14,61558,85.210309,245902,82654
thermal1,p4_g4_l20,GreedyBspHC,2180,83403,21860,15,61543,85.210309,245902,82654
cfd1,p4_g4_l20,GreedyRecomputerMask0,20814,329438,100712,917,228726,16.283936,878854,70656
cfd1,p4_g4_l20,GreedyRecomputerMask1,22366,328964,100164,917,228800,16.283936,878854,70656
cfd1,p4_g4_l20,GreedyRecomputerMask3,31219,328015,99016,845,228999,16.283936,878854,70656
cfd1,p4_g4_l20,GreedyRecomputerMask7,48002,328004,99008,844,228996,16.283936,878854,70656
cfd1,p4_g4_l20,GreedyRecomputerMask2,30493,328476,99540,842,228936,16.283936,878854,70656
cfd1,p4_g4_l20,GreedyRecomputerMask4,27024,329438,100712,917,228726,16.283936,878854,70656
cfd1,p4_g4_l20,GreedyBspHC,18239,357911,129228,932,228683,16.283936,878854,70656
instance_CG_N45_K13_nzP0d15,p4_g4_l20,GreedyRecomputerMask0,752,15370,8692,77,6678,63.135484,22088,9786
instance_CG_N45_K13_nzP0d15,p4_g4_l20,GreedyRecomputerMask1,913,14907,8016,77,6891,63.135484,22088,9786
instance_CG_N45_K13_nzP0d15,p4_g4_l20,GreedyRecomputerMask3,1075,14626,7600,64,7026,63.135484,22088,9786
instance_CG_N45_K13_nzP0d15,p4_g4_l20,GreedyRecomputerMask7,1475,14626,7600,64,7026,63.135484,22088,9786
instance_CG_N45_K13_nzP0d15,p4_g4_l20,GreedyRecomputerMask2,1011,14777,7856,63,6921,63.135484,22088,9786
instance_CG_N45_K13_nzP0d15,p4_g4_l20,GreedyRecomputerMask4,1050,15366,8688,77,6678,63.135484,22088,9786
instance_CG_N45_K13_nzP0d15,p4_g4_l20,GreedyBspHC,656,16083,9408,84,6675,63.135484,22088,9786
instance_kNN_N30_K8_nzP0d15,p4_g4_l20,GreedyRecomputerMask0,52,1756,1052,11,704,76.187500,2601,1219
instance_kNN_N30_K8_nzP0d15,p4_g4_l20,GreedyRecomputerMask1,65,1558,796,11,762,76.187500,2601,1219
instance_kNN_N30_K8_nzP0d15,p4_g4_l20,GreedyRecomputerMask3,87,1516,716,9,800,76.187500,2601,1219
instance_kNN_N30_K8_nzP0d15,p4_g4_l20,GreedyRecomputerMask7,133,1516,716,9,800,76.187500,2601,1219
instance_kNN_N30_K8_nzP0d15,p4_g4_l20,GreedyRecomputerMask2,80,1607,728,8,879,76.187500,2601,1219
instance_kNN_N30_K8_nzP0d15,p4_g4_l20,GreedyRecomputerMask4,87,1756,1052,11,704,76.187500,2601,1219
instance_kNN_N30_K8_nzP0d15,p4_g4_l20,GreedyBspHC,38,1788,1084,11,704,76.187500,2601,1219
instance_spmv_N70_nzP0d19,p4_g4_l20,GreedyRecomputerMask0,100,1800,888,3,912,960.000000,2670,1920
instance_spmv_N70_nzP0d19,p4_g4_l20,GreedyRecomputerMask1,118,1651,688,3,963,960.000000,2670,1920
instance_spmv_N70_nzP0d19,p4_g4_l20,GreedyRecomputerMask3,132,1445,0,1,1445,960.000000,2670,1920
instance_spmv_N70_nzP0d19,p4_g4_l20,GreedyRecomputerMask7,175,1445,0,1,1445,960.000000,2670,1920
instance_spmv_N70_nzP0d19,p4_g4_l20,GreedyRecomputerMask2,122,1445,0,1,1445,960.000000,2670,1920
instance_spmv_N70_nzP0d19,p4_g4_l20,GreedyRecomputerMask4,125,1800,888,3,912,960.000000,2670,1920
instance_spmv_N70_nzP0d19,p4_g4_l20,GreedyBspHC,86,1800,888,3,912,960.000000,2670,1920
nasa1824,p4_g4_l20,GreedyRecomputerMask0,163,8332,3304,56,5028,9.859459,18692,1824
nasa1824,p4_g4_l20,GreedyRecomputerMask1,180,8321,3284,56,5037,9.859459,18692,1824
nasa1824,p4_g4_l20,GreedyRecomputerMask3,296,8234,3172,52,5062,9.859459,18692,1824
nasa1824,p4_g4_l20,GreedyRecomputerMask7,516,8234,3172,52,5062,9.859459,18692,1824
nasa1824,p4_g4_l20,GreedyRecomputerMask2,288,8242,3192,52,5050,9.859459,18692,1824
nasa1824,p4_g4_l20,GreedyRecomputerMask4,280,8332,3304,56,5028,9.859459,18692,1824
nasa1824,p4_g4_l20,GreedyBspHC,118,8837,3808,60,5029,9.859459,18692,1824
kdd.psdd,p4_g4_l20,GreedyRecomputerMask0,1270,19492,11360,10,8132,1601.050000,79972,32021
kdd.psdd,p4_g4_l20,GreedyRecomputerMask1,3254,18142,9544,10,8598,1601.050000,79972,32021
kdd.psdd,p4_g4_l20,GreedyRecomputerMask3,4381,16236,6452,8,9784,1601.050000,79972,32021
kdd.psdd,p4_g4_l20,GreedyRecomputerMask7,5854,16236,6452,8,9784,1601.050000,79972,32021
kdd.psdd,p4_g4_l20,GreedyRecomputerMask2,2112,16940,7164,8,9776,1601.050000,79972,32021
kdd.psdd,p4_g4_l20,GreedyRecomputerMask4,2410,19492,11360,10,8132,1601.050000,79972,32021
kdd.psdd,p4_g4_l20,GreedyBspHC,946,19648,11516,10,8132,1601.050000,79972,32021
thermomech_TC,p4_g4_l20,GreedyRecomputerMask0,5140,130863,54620,7,76243,318.249221,304700,102158
thermomech_TC,p4_g4_l20,GreedyRecomputerMask1,308101,103709,25268,7,78441,318.249221,304700,102158
thermomech_TC,p4_g4_l20,GreedyRecomputerMask3,315600,102108,20372,4,81736,318.249221,304700,102158
thermomech_TC,p4_g4_l20,GreedyRecomputerMask7,323843,102217,20592,4,81625,318.249221,304700,102158
thermomech_TC,p4_g4_l20,GreedyRecomputerMask2,8406,106392,2532,3,103860,318.249221,304700,102158
thermomech_TC,p4_g4_l20,GreedyRecomputerMask4,10556,130863,54620,7,76243,318.249221,304700,102158
thermomech_TC,p4_g4_l20,GreedyBspHC,3626,130923,54680,8,76243,318.249221,304700,102158
instance_spmv_N120_nzP0d18,p4_g4_l20,GreedyRecomputerMask0,211,4843,2268,3,2575,2663.000000,7629,5326
instance_spmv_N120_nzP0d18,p4_g4_l20,GreedyRecomputerMask1,241,4801,2212,3,2589,2663.000000,7629,5326
instance_spmv_N120_nzP0d18,p4_g4_l20,GreedyRecomputerMask3,284,4061,0,1,4061,2663.000000,7629,5326
instance_spmv_N120_nzP0d18,p4_g4_l20,GreedyRecomputerMask7,409,4061,0,1,4061,2663.000000,7629,5326
instance_spmv_N120_nzP0d18,p4_g4_l20,GreedyRecomputerMask2,270,4061,0,1,4061,2663.000000,7629,5326
instance_spmv_N120_nzP0d18,p4_g4_l20,GreedyRecomputerMask4,368,4843,2268,3,2575,2663.000000,7629,5326
instance_spmv_N120_nzP0d18,p4_g4_l20,GreedyBspHC,165,4847,2272,3,2575,2663.000000,7629,5326
raefsky4,p4_g4_l20,GreedyRecomputerMask0,2148,180314,14928,74,165386,54.040984,654416,19779
raefsky4,p4_g4_l20,GreedyRecomputerMask1,2852,180296,14936,74,165360,54.040984,654416,19779
raefsky4,p4_g4_l20,GreedyRecomputerMask3,4631,180255,14932,73,165323,54.040984,654416,19779
raefsky4,p4_g4_l20,GreedyRecomputerMask7,9885,180255,14932,73,165323,54.040984,654416,19779
raefsky4,p4_g4_l20,GreedyRecomputerMask2,4475,180269,14920,73,165349,54.040984,654416,19779
raefsky4,p4_g4_l20,GreedyRecomputerMask4,5953,180314,14928,74,165386,54.040984,654416,19779
raefsky4,p4_g4_l20,GreedyBspHC,1279,183949,18644,76,165305,54.040984,654416,19779
instance_exp_N60_K17_nzP0d13,p4_g4_l20,GreedyRecomputerMask0,426,12622,6752,22,5870,268.382353,22821,9125
instance_exp_N60_K17_nzP0d13,p4_g4_l20,GreedyRecomputerMask1,661,11698,5488,22,6210,268.382353,22821,9125
instance_exp_N60_K17_nzP0d13,p4_g4_l20,GreedyRecomputerMask3,853,11582,5192,20,6390,268.382353,22821,9125
instance_exp_N60_K17_nzP0d13,p4_g4_l20,GreedyRecomputerMask7,1244,11582,5192,20,6390,268.382353,22821,9125
instance_exp_N60_K17_nzP0d13,p4_g4_l20,GreedyRecomputerMask2,690,11997,5748,20,6249,268.382353,22821,9125
instance_exp_N60_K17_nzP0d13,p4_g4_l20,GreedyRecomputerMask4,733,12622,6752,22,5870,268.382353,22821,9125
instance_exp_N60_K17_nzP0d13,p4_g4_l20,GreedyBspHC,323,12768,6900,22,5868,268.382353,22821,9125
instance_spmv_N65_nzP0d18,p4_g4_l20,GreedyRecomputerMask0,62,1527,772,3,755,802.000000,2211,1604
instance_spmv_N65_nzP0d18,p4_g4_l20,GreedyRecomputerMask1,80,1407,612,3,795,802.000000,2211,1604
instance_spmv_N65_nzP0d18,p4_g4_l20,GreedyRecomputerMask3,80,1205,0,1,1205,802.000000,2211,1604
instance_spmv_N65_nzP0d18,p4_g4_l20,GreedyRecomputerMask7,115,1205,0,1,1205,802.000000,2211,1604
instance_spmv_N65_nzP0d18,p4_g4_l20,GreedyRecomputerMask2,79,1205,0,1,1205,802.000000,2211,1604
instance_spmv_N65_nzP0d18,p4_g4_l20,GreedyRecomputerMask4,81,1527,772,3,755,802.000000,2211,1604
instance_spmv_N65_nzP0d18,p4_g4_l20,GreedyBspHC,49,1535,780,3,755,802.000000,2211,1604
instance_CG_N40_K10_nzP0d2,p4_g4_l20,GreedyRecomputerMask0,552,11632,6680,62,4952,61.638655,16632,7335
instance_CG_N40_K10_nzP0d2,p4_g4_l20,GreedyRecomputerMask1,651,11161,6020,62,5141,61.638655,16632,7335
instance_CG_N40_K10_nzP0d2,p4_g4_l20,GreedyRecomputerMask3,806,10906,5612,51,5294,61.638655,16632,7335
instance_CG_N40_K10_nzP0d2,p4_g4_l20,GreedyRecomputerMask7,1109,10902,5608,51,5294,61.638655,16632,7335
instance_CG_N40_K10_nzP0d2,p4_g4_l20,GreedyRecomputerMask2,750,11085,5868,50,5217,61.638655,16632,7335
instance_CG_N40_K10_nzP0d2,p4_g4_l20,GreedyRecomputerMask4,658,11632,6680,62,4952,61.638655,16632,7335
instance_CG_N40_K10_nzP0d2,p4_g4_l20,GreedyBspHC,478,12280,7328,67,4952,61.638655,16632,7335
baudio.psdd,p4_g4_l20,GreedyRecomputerMask0,1184,18834,10112,12,8722,1329.500000,94229,34567
baudio.psdd,p4_g4_l20,GreedyRecomputerMask1,2430,17596,8528,12,9068,1329.500000,94229,34567
baudio.psdd,p4_g4_l20,GreedyRecomputerMask3,2886,17596,8528,12,9068,1329.500000,94229,34567
baudio.psdd,p4_g4_l20,GreedyRecomputerMask7,4010,17596,8528,12,9068,1329.500000,94229,34567
baudio.psdd,p4_g4_l20,GreedyRecomputerMask2,2107,17240,7176,10,10064,1329.500000,94229,34567
baudio.psdd,p4_g4_l20,GreedyRecomputerMask4,2420,18834,10112,12,8722,1329.500000,94229,34567
baudio.psdd,p4_g4_l20,GreedyBspHC,829,19138,10416,12,8722,1329.500000,94229,34567
instance_exp_N100_K40_nzP0d2,p4_g4_l20,GreedyRecomputerMask0,3177,118283,59496,54,58787,1042.425000,232080,83394
instance_exp_N100_K40_nzP0d2,p4_g4_l20,GreedyRecomputerMask1,8866,113842,53388,54,60454,1042.425000,232080,83394
instance_exp_N100_K40_nzP0d2,p4_g4_l20,GreedyRecomputerMask3,12834,113374,52372,52,61002,1042.425000,232080,83394
instance_exp_N100_K40_nzP0d2,p4_g4_l20,GreedyRecomputerMask7,20476,113374,52372,52,61002,1042.425000,232080,83394
instance_exp_N100_K40_nzP0d2,p4_g4_l20,GreedyRecomputerMask2,6407,115344,55048,52,60296,1042.425000,232080,83394
instance_exp_N100_K40_nzP0d2,p4_g4_l20,GreedyRecomputerMask4,6637,118283,59496,54,58787,1042.425000,232080,83394
instance_exp_N100_K40_nzP0d2,p4_g4_l20,GreedyBspHC,2016,119065,60396,54,58669,1042.425000,232080,83394
ad.psdd,p4_g4_l20,GreedyRecomputerMask0,869,15380,9768,20,5612,464.104167,47345,22277
ad.psdd,p4_g4_l20,GreedyRecomputerMask1,3884,13073,6712,20,6361,464.104167,47345,22277
ad.psdd,p4_g4_l20,GreedyRecomputerMask3,4549,11765,1744,8,10021,464.104167,47345,22277
ad.psdd,p4_g4_l20,GreedyRecomputerMask7,5834,11765,1744,8,10021,464.104167,47345,22277
ad.psdd,p4_g4_l20,GreedyRecomputerMask2,1572,11864,1852,8,10012,464.104167,47345,22277
ad.psdd,p4_g4_l20,GreedyRecomputerMask4,2109,15362,9744,19,5618,464.104167,47345,22277
ad.psdd,p4_g4_l20,GreedyBspHC,645,15884,10272,20,5612,464.104167,47345,22277
1138_bus,p4_g4_l20,GreedyRecomputerMask0,38,766,392,6,374,56.900000,1458,1138
1138_bus,p4_g4_l20,GreedyRecomputerMask1,45,648,272,6,376,56.900000,1458,1138
1138_bus,p4_g4_l20,GreedyRecomputerMask3,53,501,0,1,501,56.900000,1458,1138
1138_bus,p4_g4_l20,GreedyRecomputerMask7,76,501,0,1,501,56.900000,1458,1138
1138_bus,p4_g4_l20,GreedyRecomputerMask2,48,503,0,1,503,56.900000,1458,1138
1138_bus,p4_g4_l20,GreedyRecomputerMask4,64,766,392,6,374,56.900000,1458,1138
1138_bus,p4_g4_l20,GreedyBspHC,32,786,412,7,374,56.900000,1458,1138
instance_exp_N90_K7_nzP0d14,p4_g4_l20,GreedyRecomputerMask0,435,14433,8264,11,6169,688.000000,23394,9632
instance_exp_N90_K7_nzP0d14,p4_g4_l20,GreedyRecomputerMask1,1691,12007,4896,11,7111,688.000000,23394,9632
instance_exp_N90_K7_nzP0d14,p4_g4_l20,GreedyRecomputerMask3,1849,11845,4552,9,7293,688.000000,23394,9632
instance_exp_N90_K7_nzP0d14,p4_g4_l20,GreedyRecomputerMask7,2284,11845,4552,9,7293,688.000000,23394,9632
instance_exp_N90_K7_nzP0d14,p4_g4_l20,GreedyRecomputerMask2,753,13024,6120,9,6904,688.000000,23394,9632
instance_exp_N90_K7_nzP0d14,p4_g4_l20,GreedyRecomputerMask4,811,14433,8264,11,6169,688.000000,23394,9632
instance_exp_N90_K7_nzP0d14,p4_g4_l20,GreedyBspHC,317,14521,8352,11,6169,688.000000,23394,9632
bbc.psdd,p4_g4_l20,GreedyRecomputerMask0,1084,17532,11004,16,6528,591.431818,54018,26023
bbc.psdd,p4_g4_l20,GreedyRecomputerMask1,4997,14184,6552,16,7632,591.431818,54018,26023
bbc.psdd,p4_g4_l20,GreedyRecomputerMask3,5650,13425,4268,13,9157,591.431818,54018,26023
bbc.psdd,p4_g4_l20,GreedyRecomputerMask7,6770,13425,4268,13,9157,591.431818,54018,26023
bbc.psdd,p4_g4_l20,GreedyRecomputerMask2,1692,14185,5164,13,9021,591.431818,54018,26023
bbc.psdd,p4_g4_l20,GreedyRecomputerMask4,2005,17532,11004,16,6528,591.431818,54018,26023
bbc.psdd,p4_g4_l20,GreedyBspHC,832,17788,11260,16,6528,591.431818,54018,26023
Dubcova1,p4_g4_l20,GreedyRecomputerMask0,2842,40288,10220,92,30068,22.878014,118440,16129
Dubcova1,p4_g4_l20,GreedyRecomputerMask1,3632,38385,8056,91,30329,22.878014,118440,16129
Dubcova1,p4_g4_l20,GreedyRecomputerMask3,4347,38115,7560,77,30555,22.878014,118440,16129
Dubcova1,p4_g4_l20,GreedyRecomputerMask7,5935,38115,7560,77,30555,22.878014,118440,16129
Dubcova1,p4_g4_l20,GreedyRecomputerMask2,3648,38888,7396,75,31492,22.878014,118440,16129
Dubcova1,p4_g4_l20,GreedyRecomputerMask4,4208,40263,10188,91,30075,22.878014,118440,16129
Dubcova1,p4_g4_l20,GreedyBspHC,2453,41574,11508,102,30066,22.878014,118440,16129
instance_spmv_N130_nzP0d22,p4_g4_l20,GreedyRecomputerMask0,295,6771,3120,3,3651,3741.000000,10833,7482
instance_spmv_N130_nzP0d22,p4_g4_l20,GreedyRecomputerMask1,298,6771,3120,3,3651,3741.000000,10833,7482
instance_spmv_N130_nzP0d22,p4_g4_l20,GreedyRecomputerMask3,384,5758,0,1,5758,3741.000000,10833,7482
instance_spmv_N130_nzP0d22,p4_g4_l20,GreedyRecomputerMask7,567,5758,0,1,5758,3741.000000,10833,7482
instance_spmv_N130_nzP0d22,p4_g4_l20,GreedyRecomputerMask2,379,5758,0,1,5758,3741.000000,10833,7482
instance_spmv_N130_nzP0d22,p4_g4_l20,GreedyRecomputerMask4,398,6771,3120,3,3651,3741.000000,10833,7482
instance_spmv_N130_nzP0d22,p4_g4_l20,GreedyBspHC,232,6799,3148,3,3651,3741.000000,10833,7482
Andrews,p4_g4_l20,GreedyRecomputerMask0,6272,154149,66408,13,87741,1304.347826,350077,60000
Andrews,p4_g4_l20,GreedyRecomputerMask1,118023,137219,44360,13,92859,1304.347826,350077,60000
Andrews,p4_g4_l20,GreedyRecomputerMask3,133274,136072,42292,9,93780,1304.347826,350077,60000
Andrews,p4_g4_l20,GreedyRecomputerMask7,140029,136237,42852,9,93385,1304.347826,350077,60000
Andrews,p4_g4_l20,GreedyRecomputerMask2,9885,141410,42296,8,99114,1304.347826,350077,60000
Andrews,p4_g4_l20,GreedyRecomputerMask4,10844,154149,66408,13,87741,1304.347826,350077,60000
Andrews,p4_g4_l20,GreedyBspHC,4506,154395,66692,13,87703,1304.347826,350077,60000
msnbc-yitao-c.psdd,p4_g4_l20,GreedyRecomputerMask0,281,4181,2924,6,1257,997.800000,7164,4989
msnbc-yitao-c.psdd,p4_g4_l20,GreedyRecomputerMask1,757,3114,1504,6,1610,997.800000,7164,4989
msnbc-yitao-c.psdd,p4_g4_l20,GreedyRecomputerMask3,840,2793,592,4,2201,997.800000,7164,4989
msnbc-yitao-c.psdd,p4_g4_l20,GreedyRecomputerMask7,1020,2793,592,4,2201,997.800000,7164,4989
msnbc-yitao-c.psdd,p4_g4_l20,GreedyRecomputerMask2,371,2794,592,4,2202,997.800000,7164,4989
msnbc-yitao-c.psdd,p4_g4_l20,GreedyRecomputerMask4,349,4181,2924,6,1257,997.800000,7164,4989
msnbc-yitao-c.psdd,p4_g4_l20,GreedyBspHC,234,4193,2936,6,1257,997.800000,7164,4989
bcsstk26,p4_g4_l20,GreedyRecomputerMask0,128,6148,1796,32,4352,11.791411,14207,1922
bcsstk26,p4_g4_l20,GreedyRecomputerMask1,144,6067,1704,32,4363,11.791411,14207,1922
bcsstk26,p4_g4_l20,GreedyRecomputerMask3,207,5860,1460,24,4400,11.791411,14207,1922
bcsstk26,p4_g4_l20,GreedyRecomputerMask7,340,5860,1460,24,4400,11.791411,14207,1922
bcsstk26,p4_g4_l20,GreedyRecomputerMask2,199,5929,1544,24,4385,11.791411,14207,1922
bcsstk26,p4_g4_l20,GreedyRecomputerMask4,279,6024,1672,29,4352,11.791411,14207,1922
bcsstk26,p4_g4_l20,GreedyBspHC,106,6322,1980,40,4342,11.791411,14207,1922
instance_CG_N120_K35_nzP0d11,p4_g4_l20,GreedyRecomputerMask0,14560,141022,73404,217,67618,230.751790,241842,96685
instance_CG_N120_K35_nzP0d11,p4_g4_l20,GreedyRecomputerMask1,18547,136977,66956,216,70021,230.751790,241842,96685
instance_CG_N120_K35_nzP0d11,p4_g4_l20,GreedyRecomputerMask3,21551,136121,65328,195,70793,230.751790,241842,96685
instance_CG_N120_K35_nzP0d11,p4_g4_l20,GreedyRecomputerMask7,27781,136119,65324,195,70795,230.751790,241842,96685
instance_CG_N120_K35_nzP0d11,p4_g4_l20,GreedyRecomputerMask2,17648,138575,69768,194,68807,230.751790,241842,96685
instance_CG_N120_K35_nzP0d11,p4_g4_l20,GreedyRecomputerMask4,18140,141014,73396,217,67618,230.751790,241842,96685
instance_CG_N120_K35_nzP0d11,p4_g4_l20,GreedyBspHC,13408,146168,78560,228,67608,230.751790,241842,96685
nasa2910,p4_g4_l20,GreedyRecomputerMask0,3706,35115,6832,89,28283,6.100629,85693,2910
nasa2910,p4_g4_l20,GreedyRecomputerMask1,3819,34852,6528,87,28324,6.100629,85693,2910
nasa2910,p4_g4_l20,GreedyRecomputerMask3,4174,34629,6276,78,28353,6.100629,85693,2910
nasa2910,p4_g4_l20,GreedyRecomputerMask7,4987,34629,6276,78,28353,6.100629,85693,2910
nasa2910,p4_g4_l20,GreedyRecomputerMask2,4122,34711,6428,72,28283,6.100629,85693,2910
nasa2910,p4_g4_l20,GreedyRecomputerMask4,4379,35113,6828,89,28285,6.100629,85693,2910
nasa2910,p4_g4_l20,GreedyBspHC,3520,37459,9148,133,28311,6.100629,85693,2910
gyro_m,p4_g4_l20,GreedyRecomputerMask0,1194,48631,7588,105,41043,18.647691,161535,17361
gyro_m,p4_g4_l20,GreedyRecomputerMask1,1394,48551,7520,105,41031,18.647691,161535,17361
gyro_m,p4_g4_l20,GreedyRecomputerMask3,1927,48276,7096,86,41180,18.647691,161535,17361
gyro_m,p4_g4_l20,GreedyRecomputerMask7,3412,48253,7072,86,41181,18.647691,161535,17361
gyro_m,p4_g4_l20,GreedyRecomputerMask2,1900,48353,7160,86,41193,18.647691,161535,17361
gyro_m,p4_g4_l20,GreedyRecomputerMask4,2279,48604,7552,104,41052,18.647691,161535,17361
gyro_m,p4_g4_l20,GreedyBspHC,965,49505,8488,111,41017,18.647691,161535,17361
instance_kNN_N55_K14_nzP0d15,p8_g4_l400,GreedyRecomputerMask0,840,14619,12340,23,2279,247.892857,17244,6941
instance_kNN_N55_K14_nzP0d15,p8_g4_l400,GreedyRecomputerMask1,1086,13973,11520,23,2453,247.892857,17244,6941
instance_kNN_N55_K14_nzP0d15,p8_g4_l400,GreedyRecomputerMask3,1671,11692,8368,14,3324,247.892857,17244,6941
instance_kNN_N55_K14_nzP0d15,p8_g4_l400,GreedyRecomputerMask7,2831,11692,8368,14,3324,247.892857,17244,6941
instance_kNN_N55_K14_nzP0d15,p8_g4_l400,GreedyRecomputerMask2,1442,12225,8488,13,3737,247.892857,17244,6941
instance_kNN_N55_K14_nzP0d15,p8_g4_l400,GreedyRecomputerMask4,1317,14619,12340,23,2279,247.892857,17244,6941
instance_kNN_N55_K14_nzP0d15,p8_g4_l400,GreedyBspHC,736,15039,12760,23,2279,247.892857,17244,6941
instance_exp_N30_K8_nzP0d15,p8_g4_l400,GreedyRecomputerMask0,116,6360,5936,14,424,87.187500,3024,1395
instance_exp_N30_K8_nzP0d15,p8_g4_l400,GreedyRecomputerMask1,132,6188,5716,14,472,87.187500,3024,1395
instance_exp_N30_K8_nzP0d15,p8_g4_l400,GreedyRecomputerMask3,179,2735,0,1,2735,87.187500,3024,1395
instance_exp_N30_K8_nzP0d15,p8_g4_l400,GreedyRecomputerMask7,227,2735,0,1,2735,87.187500,3024,1395
instance_exp_N30_K8_nzP0d15,p8_g4_l400,GreedyRecomputerMask2,169,2742,0,1,2742,87.187500,3024,1395
instance_exp_N30_K8_nzP0d15,p8_g4_l400,GreedyRecomputerMask4,198,6360,5936,14,424,87.187500,3024,1395
instance_exp_N30_K8_nzP0d15,p8_g4_l400,GreedyBspHC,97,6440,6016,14,424,87.187500,3024,1395
instance_kNN_N100_K50_nzP0d1,p8_g4_l400,GreedyRecomputerMask0,4802,71466,52116,72,19350,565.210000,151731,56521
instance_kNN_N100_K50_nzP0d1,p8_g4_l400,GreedyRecomputerMask1,6670,69485,49568,72,19917,565.210000,151731,56521
instance_kNN_N100_K50_nzP0d1,p8_g4_l400,GreedyRecomputerMask3,8787,67976,47572,68,20404,565.210000,151731,56521
instance_kNN_N100_K50_nzP0d1,p8_g4_l400,GreedyRecomputerMask7,14492,67976,47572,68,20404,565.210000,151731,56521
instance_kNN_N100_K50_nzP0d1,p8_g4_l400,GreedyRecomputerMask2,7646,69508,49500,68,20008,565.210000,151731,56521
instance_kNN_N100_K50_nzP0d1,p8_g4_l400,GreedyRecomputerMask4,8882,71466,52116,72,19350,565.210000,151731,56521
instance_kNN_N100_K50_nzP0d1,p8_g4_l400,GreedyBspHC,3879,73511,54176,72,19335,565.210000,151731,56521
msc10848,p8_g4_l400,GreedyRecomputerMask0,3982,125277,27884,42,97393,18.386441,609465,10848
msc10848,p8_g4_l400,GreedyRecomputerMask1,6355,124236,26628,42,97608,18.386441,609465,10848
msc10848,p8_g4_l400,GreedyRecomputerMask3,8774,120006,21884,30,98122,18.386441,609465,10848
msc10848,p8_g4_l400,GreedyRecomputerMask7,22701,120006,21884,30,98122,18.386441,609465,10848
msc10848,p8_g4_l400,GreedyRecomputerMask2,6468,120513,22740,29,97773,18.386441,609465,10848
msc10848,p8_g4_l400,GreedyRecomputerMask4,11121,125277,27884,42,97393,18.386441,609465,10848
msc10848,p8_g4_l400,GreedyBspHC,1953,129714,32272,45,97442,18.386441,609465,10848
plants.psdd,p8_g4_l400,GreedyRecomputerMask0,3380,26584,18536,13,8048,3341.473684,167486,63488
plants.psdd,p8_g4_l400,GreedyRecomputerMask1,8021,24849,16340,13,8509,3341.473684,167486,63488
plants.psdd,p8_g4_l400,GreedyRecomputerMask3,10495,23011,13240,8,9771,3341.473684,167486,63488
plants.psdd,p8_g4_l400,GreedyRecomputerMask7,16902,23011,13240,8,9771,3341.473684,167486,63488
plants.psdd,p8_g4_l400,GreedyRecomputerMask2,5794,23922,11192,7,12730,3341.473684,167486,63488
plants.psdd,p8_g4_l400,GreedyRecomputerMask4,7991,26584,18536,13,8048,3341.473684,167486,63488
plants.psdd,p8_g4_l400,GreedyBspHC,2562,26683,18636,13,8047,3341.473684,167486,63488
cvxbqp1,p8_g4_l400,GreedyRecomputerMask0,2820,39509,20672,12,18837,2083.333333,149984,50000
cvxbqp1,p8_g4_l400,GreedyRecomputerMask1,29428,35331,15740,12,19591,2083.333333,149984,50000
cvxbqp1,p8_g4_l400,GreedyRecomputerMask3,34124,31516,8100,3,23416,2083.333333,149984,50000
cvxbqp1,p8_g4_l400,GreedyRecomputerMask7,41036,31516,8100,3,23416,2083.333333,149984,50000
cvxbqp1,p8_g4_l400,GreedyRecomputerMask2,4920,33680,10624,3,23056,2083.333333,149984,50000
cvxbqp1,p8_g4_l400,GreedyRecomputerMask4,10041,39132,20292,11,18840,2083.333333,149984,50000
cvxbqp1,p8_g4_l400,GreedyBspHC,2078,39713,20876,12,18837,2083.333333,149984,50000
asia.uai.psdd,p8_g4_l400,GreedyRecomputerMask0,3,1648,1636,5,12,8.600000,62,43
asia.uai.psdd,p8_g4_l400,GreedyRecomputerMask1,3,1239,1224,4,15,8.600000,62,43
asia.uai.psdd,p8_g4_l400,GreedyRecomputerMask3,4,42,0,1,42,8.600000,62,43
asia.uai.psdd,p8_g4_l400,GreedyRecomputerMask7,7,42,0,1,42,8.600000,62,43
asia.uai.psdd,p8_g4_l400,GreedyRecomputerMask2,4,42,0,1,42,8.600000,62,43
asia.uai.psdd,p8_g4_l400,GreedyRecomputerMask4,7,1252,1236,4,16,8.600000,62,43
asia.uai.psdd,p8_g4_l400,GreedyBspHC,2,1655,1644,5,11,8.600000,62,43
2cubes_sphere,p8_g4_l400,GreedyRecomputerMask0,908473,3389694,3204484,7673,185210,7.083473,772886,101492
2cubes_sphere,p8_g4_l400,GreedyRecomputerMask1,931168,3385854,3199872,7672,185982,7.083473,772886,101492
2cubes_sphere,p8_g4_l400,GreedyRecomputerMask3,1065204,685227,112912,104,572315,7.083473,772886,101492
2cubes_sphere,p8_g4_l400,GreedyRecomputerMask7,1153504,686345,113068,106,573277,7.083473,772886,101492
2cubes_sphere,p8_g4_l400,GreedyRecomputerMask2,1051767,700403,116580,80,583823,7.083473,772886,101492
2cubes_sphere,p8_g4_l400,GreedyRecomputerMask4,935585,3386276,3201004,7664,185272,7.083473,772886,101492
2cubes_sphere,p8_g4_l400,GreedyBspHC,903323,3478786,3293552,7974,185234,7.083473,772886,101492
instance_CG_N21_K5_nzP0d3,p8_g4_l400,GreedyRecomputerMask0,207,14579,13828,32,751,32.000000,3996,1888
instance_CG_N21_K5_nzP0d3,p8_g4_l400,GreedyRecomputerMask1,221,14501,13724,32,777,32.000000,3996,1888
instance_CG_N21_K5_nzP0d3,p8_g4_l400,GreedyRecomputerMask3,286,3846,0,1,3846,32.000000,3996,1888
instance_CG_N21_K5_nzP0d3,p8_g4_l400,GreedyRecomputerMask7,347,3846,0,1,3846,32.000000,3996,1888
instance_CG_N21_K5_nzP0d3,p8_g4_l400,GreedyRecomputerMask2,281,3855,0,1,3855,32.000000,3996,1888
instance_CG_N21_K5_nzP0d3,p8_g4_l400,GreedyRecomputerMask4,368,14221,13448,31,773,32.000000,3996,1888
instance_CG_N21_K5_nzP0d3,p8_g4_l400,GreedyBspHC,186,15079,14328,35,751,32.000000,3996,1888
msnbc-yitao-d.psdd,p8_g4_l400,GreedyRecomputerMask0,430,4247,3708,5,539,848.000000,6908,4240
msnbc-yitao-d.psdd,p8_g4_l400,GreedyRecomputerMask1,677,3681,2956,5,725,848.000000,6908,4240
msnbc-yitao-d.psdd,p8_g4_l400,GreedyRecomputerMask3,742,2570,1040,2,1530,848.000000,6908,4240
msnbc-yitao-d.psdd,p8_g4_l400,GreedyRecomputerMask7,1037,2570,1040,2,1530,848.000000,6908,4240
msnbc-yitao-d.psdd,p8_g4_l400,GreedyRecomputerMask2,518,2573,1040,2,1533,848.000000,6908,4240
msnbc-yitao-d.psdd,p8_g4_l400,GreedyRecomputerMask4,562,4247,3708,5,539,848.000000,6908,4240
msnbc-yitao-d.psdd,p8_g4_l400,GreedyBspHC,383,4267,3728,5,539,848.000000,6908,4240
smt,p8_g4_l400,GreedyRecomputerMask0,79188,778851,342404,735,436447,5.519536,1863737,25710
smt,p8_g4_l400,GreedyRecomputerMask1,83007,778240,341756,735,436484,5.519536,1863737,25710
smt,p8_g4_l400,GreedyRecomputerMask3,98859,663847,177060,307,486787,5.519536,1863737,25710
smt,p8_g4_l400,GreedyRecomputerMask7,146863,662374,175856,307,486518,5.519536,1863737,25710
smt,p8_g4_l400,GreedyRecomputerMask2,92027,664205,177248,303,486957,5.519536,1863737,25710
smt,p8_g4_l400,GreedyRecomputerMask4,114333,775105,338084,724,437021,5.519536,1863737,25710
smt,p8_g4_l400,GreedyBspHC,71483,828159,391132,853,437027,5.519536,1863737,25710
c20ng.psdd,p8_g4_l400,GreedyRecomputerMask0,2140,15592,12344,14,3248,626.731707,56622,25696
c20ng.psdd,p8_g4_l400,GreedyRecomputerMask1,5048,13603,9688,14,3915,626.731707,56622,25696
c20ng.psdd,p8_g4_l400,GreedyRecomputerMask3,5994,10975,5752,6,5223,626.731707,56622,25696
c20ng.psdd,p8_g4_l400,GreedyRecomputerMask7,8792,10975,5752,6,5223,626.731707,56622,25696
c20ng.psdd,p8_g4_l400,GreedyRecomputerMask2,3048,11379,4400,5,6979,626.731707,56622,25696
c20ng.psdd,p8_g4_l400,GreedyRecomputerMask4,4057,15592,12344,14,3248,626.731707,56622,25696
c20ng.psdd,p8_g4_l400,GreedyBspHC,1796,16030,12784,14,3246,626.731707,56622,25696
instance_hpcg,p8_g4_l400,GreedyRecomputerMask0,18011,2648117,2584452,6253,63665,8.626276,193610,72685
instance_hpcg,p8_g4_l400,GreedyRecomputerMask1,156165,2644731,2599832,6253,44899,8.626276,193610,72685
instance_hpcg,p8_g4_l400,GreedyRecomputerMask3,166163,171699,12236,27,159463,8.626276,193610,72685
instance_hpcg,p8_g4_l400,GreedyRecomputerMask7,173998,171637,12168,27,159469,8.626276,193610,72685
instance_hpcg,p8_g4_l400,GreedyRecomputerMask2,26638,179443,20604,24,158839,8.626276,193610,72685
instance_hpcg,p8_g4_l400,GreedyRecomputerMask4,23991,2648109,2584436,6253,63673,8.626276,193610,72685
instance_hpcg,p8_g4_l400,GreedyBspHC,16486,2648505,2604896,6254,43609,8.626276,193610,72685
instance_CG_N17_K8_nzP0d25,p8_g4_l400,GreedyRecomputerMask0,256,22569,21704,51,865,20.800000,4134,1976
instance_CG_N17_K8_nzP0d25,p8_g4_l400,GreedyRecomputerMask1,258,22117,21236,50,881,20.800000,4134,1976
instance_CG_N17_K8_nzP0d25,p8_g4_l400,GreedyRecomputerMask3,325,3883,0,1,3883,20.800000,4134,1976
instance_CG_N17_K8_nzP0d25,p8_g4_l400,GreedyRecomputerMask7,389,3883,0,1,3883,20.800000,4134,1976
instance_CG_N17_K8_nzP0d25,p8_g4_l400,GreedyRecomputerMask2,323,3883,0,1,3883,20.800000,4134,1976
instance_CG_N17_K8_nzP0d25,p8_g4_l400,GreedyRecomputerMask4,409,22187,21316,50,871,20.800000,4134,1976
instance_CG_N17_K8_nzP0d25,p8_g4_l400,GreedyBspHC,230,22717,21852,56,865,20.800000,4134,1976
kdd-6k.psdd,p8_g4_l400,GreedyRecomputerMask0,169,5376,5024,11,352,134.300000,6527,2686
kdd-6k.psdd,p8_g4_l400,GreedyRecomputerMask1,211,5191,4780,11,411,134.300000,6527,2686
kdd-6k.psdd,p8_g4_l400,GreedyRecomputerMask3,301,2683,0,1,2683,134.300000,6527,2686
kdd-6k.psdd,p8_g4_l400,GreedyRecomputerMask7,447,2683,0,1,2683,134.300000,6527,2686
kdd-6k.psdd,p8_g4_l400,GreedyRecomputerMask2,273,2683,0,1,2683,134.300000,6527,2686
kdd-6k.psdd,p8_g4_l400,GreedyRecomputerMask4,337,5376,5024,11,352,134.300000,6527,2686
kdd-6k.psdd,p8_g4_l400,GreedyBspHC,137,5528,5176,11,352,134.300000,6527,2686
instance_spmv_N300_nzP0d3,p8_g4_l400,GreedyRecomputerMask0,4207,27167,13668,3,13499,27150.000000,80550,54300
instance_spmv_N300_nzP0d3,p8_g4_l400,GreedyRecomputerMask1,5278,26453,12716,3,13737,27150.000000,80550,54300
instance_spmv_N300_nzP0d3,p8_g4_l400,GreedyRecomputerMask3,6030,22617,0,1,22617,27150.000000,80550,54300
instance_spmv_N300_nzP0d3,p8_g4_l400,GreedyRecomputerMask7,9842,22617,0,1,22617,27150.000000,80550,54300
instance_spmv_N300_nzP0d3,p8_g4_l400,GreedyRecomputerMask2,5215,22617,0,1,22617,27150.000000,80550,54300
instance_spmv_N300_nzP0d3,p8_g4_l400,GreedyRecomputerMask4,6057,27167,13668,3,13499,27150.000000,80550,54300
instance_spmv_N300_nzP0d3,p8_g4_l400,GreedyBspHC,3585,27251,13752,3,13499,27150.000000,80550,54300
instance_exp_N70_K5_nzP0d18,p8_g4_l400,GreedyRecomputerMask0,497,8153,6408,9,1745,555.000000,12825,5550
instance_exp_N70_K5_nzP0d18,p8_g4_l400,GreedyRecomputerMask1,966,7209,5152,9,2057,555.000000,12825,5550
instance_exp_N70_K5_nzP0d18,p8_g4_l400,GreedyRecomputerMask3,1151,6126,3792,6,2334,555.000000,12825,5550
instance_exp_N70_K5_nzP0d18,p8_g4_l400,GreedyRecomputerMask7,1699,6126,3792,6,2334,555.000000,12825,5550
instance_exp_N70_K5_nzP0d18,p8_g4_l400,GreedyRecomputerMask2,755,6646,4440,6,2206,555.000000,12825,5550
instance_exp_N70_K5_nzP0d18,p8_g4_l400,GreedyRecomputerMask4,896,8153,6408,9,1745,555.000000,12825,5550
instance_exp_N70_K5_nzP0d18,p8_g4_l400,GreedyBspHC,409,8233,6488,9,1745,555.000000,12825,5550
asia-bdd.psdd,p8_g4_l400,GreedyRecomputerMask0,4,2067,2048,6,19,7.142857,104,50
asia-bdd.psdd,p8_g4_l400,GreedyRecomputerMask1,4,1650,1628,5,22,7.142857,104,50
asia-bdd.psdd,p8_g4_l400,GreedyRecomputerMask3,5,49,0,1,49,7.142857,104,50
asia-bdd.psdd,p8_g4_l400,GreedyRecomputerMask7,8,49,0,1,49,7.142857,104,50
asia-bdd.psdd,p8_g4_l400,GreedyRecomputerMask2,5,49,0,1,49,7.142857,104,50
asia-bdd.psdd,p8_g4_l400,GreedyRecomputerMask4,5,2067,2048,6,19,7.142857,104,50
asia-bdd.psdd,p8_g4_l400,GreedyBspHC,3,2071,2052,6,19,7.142857,104,50
instance_CG_N12_K10_nzP0d2,p8_g4_l400,GreedyRecomputerMask0,80,26250,25532,61,718,12.831933,3089,1527
instance_CG_N12_K10_nzP0d2,p8_g4_l400,GreedyRecomputerMask1,89,26224,25500,61,724,12.831933,3089,1527
instance_CG_N12_K10_nzP0d2,p8_g4_l400,GreedyRecomputerMask3,137,2765,0,1,2765,12.831933,3089,1527
instance_CG_N12_K10_nzP0d2,p8_g4_l400,GreedyRecomputerMask7,180,2765,0,1,2765,12.831933,3089,1527
instance_CG_N12_K10_nzP0d2,p8_g4_l400,GreedyRecomputerMask2,138,2766,0,1,2766,12.831933,3089,1527
instance_CG_N12_K10_nzP0d2,p8_g4_l400,GreedyRecomputerMask4,116,26250,25532,61,718,12.831933,3089,1527
instance_CG_N12_K10_nzP0d2,p8_g4_l400,GreedyBspHC,64,26770,26052,62,718,12.831933,3089,1527
instance_bicgstab_gyro_m,p8_g4_l400,GreedyRecomputerMask0,779268,1345436,1304804,3167,40632,4.970294,80373,50195
instance_bicgstab_gyro_m,p8_g4_l400,GreedyRecomputerMask1,780432,1345204,1304572,3167,40632,4.970294,80373,50195
instance_bicgstab_gyro_m,p8_g4_l400,GreedyRecomputerMask3,970720,78795,13972,6,64823,4.970294,80373,50195
instance_bicgstab_gyro_m,p8_g4_l400,GreedyRecomputerMask7,945087,79447,13968,6,65479,4.970294,80373,50195
instance_bicgstab_gyro_m,p8_g4_l400,GreedyRecomputerMask2,786438,102557,39324,6,63233,4.970294,80373,50195
instance_bicgstab_gyro_m,p8_g4_l400,GreedyRecomputerMask4,784169,1335152,1294520,3167,40632,4.970294,80373,50195
instance_bicgstab_gyro_m,p8_g4_l400,GreedyBspHC,777752,1585116,1544484,4055,40632,4.970294,80373,50195
instance_CG_N24_K22_nzP0d2,p8_g4_l400,GreedyRecomputerMask0,490,65003,61768,140,3235,28.072243,16145,7383
instance_CG_N24_K22_nzP0d2,p8_g4_l400,GreedyRecomputerMask1,572,64918,61640,140,3278,28.072243,16145,7383
instance_CG_N24_K22_nzP0d2,p8_g4_l400,GreedyRecomputerMask3,810,15244,0,1,15244,28.072243,16145,7383
instance_CG_N24_K22_nzP0d2,p8_g4_l400,GreedyRecomputerMask7,1049,15244,0,1,15244,28.072243,16145,7383
instance_CG_N24_K22_nzP0d2,p8_g4_l400,GreedyRecomputerMask2,798,15245,0,1,15245,28.072243,16145,7383
instance_CG_N24_K22_nzP0d2,p8_g4_l400,GreedyRecomputerMask4,1117,63447,60160,136,3287,28.072243,16145,7383
instance_CG_N24_K22_nzP0d2,p8_g4_l400,GreedyBspHC,403,69919,66684,151,3235,28.072243,16145,7383
instance_exp_N30_K10_nzP0d18,p8_g4_l400,GreedyRecomputerMask0,183,7638,7032,16,606,97.500000,4443,1950
instance_exp_N30_K10_nzP0d18,p8_g4_l400,GreedyRecomputerMask1,223,7422,6756,16,666,97.500000,4443,1950
instance_exp_N30_K10_nzP0d18,p8_g4_l400,GreedyRecomputerMask3,280,4130,0,1,4130,97.500000,4443,1950
instance_exp_N30_K10_nzP0d18,p8_g4_l400,GreedyRecomputerMask7,347,4130,0,1,4130,97.500000,4443,1950
instance_exp_N30_K10_nzP0d18,p8_g4_l400,GreedyRecomputerMask2,265,4147,0,1,4147,97.500000,4443,1950
instance_exp_N30_K10_nzP0d18,p8_g4_l400,GreedyRecomputerMask4,238,7638,7032,16,606,97.500000,4443,1950
instance_exp_N30_K10_nzP0d18,p8_g4_l400,GreedyBspHC,161,7762,7156,16,606,97.500000,4443,1950
msnbc-yitao-b.psdd,p8_g4_l400,GreedyRecomputerMask0,673,5278,4448,5,830,1318.000000,8870,6590
msnbc-yitao-b.psdd,p8_g4_l400,GreedyRecomputerMask1,1347,4381,3252,5,1129,1318.000000,8870,6590
msnbc-yitao-b.psdd,p8_g4_l400,GreedyRecomputerMask3,1433,3372,1720,3,1652,1318.000000,8870,6590
msnbc-yitao-b.psdd,p8_g4_l400,GreedyRecomputerMask7,1849,3372,1720,3,1652,1318.000000,8870,6590
msnbc-yitao-b.psdd,p8_g4_l400,GreedyRecomputerMask2,786,3372,1720,3,1652,1318.000000,8870,6590
msnbc-yitao-b.psdd,p8_g4_l400,GreedyRecomputerMask4,1094,5278,4448,5,830,1318.000000,8870,6590
msnbc-yitao-b.psdd,p8_g4_l400,GreedyBspHC,603,5282,4452,5,830,1318.000000,8870,6590
nltcs.psdd,p8_g4_l400,GreedyRecomputerMask0,242,4863,4264,7,599,584.500000,10592,4676
nltcs.psdd,p8_g4_l400,GreedyRecomputerMask1,358,4603,3932,7,671,584.500000,10592,4676
nltcs.psdd,p8_g4_l400,GreedyRecomputerMask3,444,2764,1164,2,1600,584.500000,10592,4676
nltcs.psdd,p8_g4_l400,GreedyRecomputerMask7,772,2764,1164,2,1600,584.500000,10592,4676
nltcs.psdd,p8_g4_l400,GreedyRecomputerMask2,349,2766,1164,2,1602,584.500000,10592,4676
nltcs.psdd,p8_g4_l400,GreedyRecomputerMask4,378,4863,4264,7,599,584.500000,10592,4676
nltcs.psdd,p8_g4_l400,GreedyBspHC,195,4879,4280,7,599,584.500000,10592,4676
bodyy4,p8_g4_l400,GreedyRecomputerMask0,1290,54814,47288,105,7526,25.209770,52196,17546
bodyy4,p8_g4_l400,GreedyRecomputerMask1,1364,54807,47280,105,7527,25.209770,52196,17546
bodyy4,p8_g4_l400,GreedyRecomputerMask3,2262,31880,12244,17,19636,25.209770,52196,17546
bodyy4,p8_g4_l400,GreedyRecomputerMask7,4338,31655,12072,17,19583,25.209770,52196,17546
bodyy4,p8_g4_l400,GreedyRecomputerMask2,2195,32130,12108,16,20022,25.209770,52196,17546
bodyy4,p8_g4_l400,GreedyRecomputerMask4,2961,51771,44184,97,7587,25.209770,52196,17546
bodyy4,p8_g4_l400,GreedyBspHC,1135,56275,48752,107,7523,25.209770,52196,17546
msnbc-yitao-a.psdd,p8_g4_l400,GreedyRecomputerMask0,882,5302,4460,5,842,1336.400000,8926,6682
msnbc-yitao-a.psdd,p8_g4_l400,GreedyRecomputerMask1,1568,4396,3256,5,1140,1336.400000,8926,6682
msnbc-yitao-a.psdd,p8_g4_l400,GreedyRecomputerMask3,1677,3397,1084,2,2313,1336.400000,8926,6682
msnbc-yitao-a.psdd,p8_g4_l400,GreedyRecomputerMask7,2144,3397,1084,2,2313,1336.400000,8926,6682
msnbc-yitao-a.psdd,p8_g4_l400,GreedyRecomputerMask2,1011,3397,1084,2,2313,1336.400000,8926,6682
msnbc-yitao-a.psdd,p8_g4_l400,GreedyRecomputerMask4,1088,5302,4460,5,842,1336.400000,8926,6682
msnbc-yitao-a.psdd,p8_g4_l400,GreedyBspHC,815,5306,4464,5,842,1336.400000,8926,6682
simple2.2.psdd,p8_g4_l400,GreedyRecomputerMask0,0,4,0,1,4,7.000000,3,7
simple2.2.psdd,p8_g4_l400,GreedyRecomputerMask1,0,4,0,1,4,7.000000,3,7
simple2.2.psdd,p8_g4_l400,GreedyRecomputerMask3,0,4,0,1,4,7.000000,3,7
simple2.2.psdd,p8_g4_l400,GreedyRecomputerMask7,0,4,0,1,4,7.000000,3,7
simple2.2.psdd,p8_g4_l400,GreedyRecomputerMask2,0,4,0,1,4,7.000000,3,7
simple2.2.psdd,p8_g4_l400,GreedyRecomputerMask4,0,4,0,1,4,7.000000,3,7
simple2.2.psdd,p8_g4_l400,GreedyBspHC,0,4,0,1,4,7.000000,3,7
simple2.3.psdd,p8_g4_l400,GreedyRecomputerMask0,0,4,0,1,4,7.000000,3,7
simple2.3.psdd,p8_g4_l400,GreedyRecomputerMask1,0,4,0,1,4,7.000000,3,7
simple2.3.psdd,p8_g4_l400,GreedyRecomputerMask3,0,4,0,1,4,7.000000,3,7
simple2.3.psdd,p8_g4_l400,GreedyRecomputerMask7,0,4,0,1,4,7.000000,3,7
simple2.3.psdd,p8_g4_l400,GreedyRecomputerMask2,0,4,0,1,4,7.000000,3,7
simple2.3.psdd,p8_g4_l400,GreedyRecomputerMask4,0,4,0,1,4,7.000000,3,7
simple2.3.psdd,p8_g4_l400,GreedyBspHC,0,4,0,1,4,7.000000,3,7
bcsstk38,p8_g4_l400,GreedyRecomputerMask0,12376,204910,141076,323,63834,3.681027,173714,8032
bcsstk38,p8_g4_l400,GreedyRecomputerMask1,12646,204744,140900,323,63844,3.681027,173714,8032
bcsstk38,p8_g4_l400,GreedyRecomputerMask3,14947,120439,33312,49,87127,3.681027,173714,8032
bcsstk38,p8_g4_l400,GreedyRecomputerMask7,22265,119118,32292,50,86826,3.681027,173714,8032
bcsstk38,p8_g4_l400,GreedyRecomputerMask2,14533,120656,33456,48,87200,3.681027,173714,8032
bcsstk38,p8_g4_l400,GreedyRecomputerMask4,15417,203637,139652,319,63985,3.681027,173714,8032
bcsstk38,p8_g4_l400,GreedyBspHC,11890,213570,149652,413,63918,3.681027,173714,8032
bnetflix.psdd,p8_g4_l400,GreedyRecomputerMask0,1010,10396,8440,12,1956,730.476190,40736,15340
bnetflix.psdd,p8_g4_l400,GreedyRecomputerMask1,1400,9854,7744,12,2110,730.476190,40736,15340
bnetflix.psdd,p8_g4_l400,GreedyRecomputerMask3,2040,7341,4032,6,3309,730.476190,40736,15340
bnetflix.psdd,p8_g4_l400,GreedyRecomputerMask7,3629,7341,4032,6,3309,730.476190,40736,15340
bnetflix.psdd,p8_g4_l400,GreedyRecomputerMask2,1562,7741,4512,6,3229,730.476190,40736,15340
bnetflix.psdd,p8_g4_l400,GreedyRecomputerMask4,1517,10396,8440,12,1956,730.476190,40736,15340
bnetflix.psdd,p8_g4_l400,GreedyBspHC,807,10920,8964,12,1956,730.476190,40736,15340
cr52.psdd,p8_g4_l400,GreedyRecomputerMask0,1678,14583,11760,15,2823,543.780488,46968,22295
cr52.psdd,p8_g4_l400,GreedyRecomputerMask1,4449,12675,9220,15,3455,543.780488,46968,22295
cr52.psdd,p8_g4_l400,GreedyRecomputerMask3,5272,9552,4648,5,4904,543.780488,46968,22295
cr52.psdd,p8_g4_l400,GreedyRecomputerMask7,7630,9552,4648,5,4904,543.780488,46968,22295
cr52.psdd,p8_g4_l400,GreedyRecomputerMask2,2457,10099,3588,4,6511,543.780488,46968,22295
cr52.psdd,p8_g4_l400,GreedyRecomputerMask4,3303,14202,11376,14,2826,543.780488,46968,22295
cr52.psdd,p8_g4_l400,GreedyBspHC,1415,14875,12052,15,2823,543.780488,46968,22295
bcsstk23,p8_g4_l400,GreedyRecomputerMask0,360,27530,24412,55,3118,25.274194,21022,3134
bcsstk23,p8_g4_l400,GreedyRecomputerMask1,388,27513,24392,55,3121,25.274194,21022,3134
bcsstk23,p8_g4_l400,GreedyRecomputerMask3,932,15669,6680,9,8989,25.274194,21022,3134
bcsstk23,p8_g4_l400,GreedyRecomputerMask7,1781,15618,6616,9,9002,25.274194,21022,3134
bcsstk23,p8_g4_l400,GreedyRecomputerMask2,691,15799,6756,9,9043,25.274194,21022,3134
bcsstk23,p8_g4_l400,GreedyRecomputerMask4,683,27201,24048,54,3153,25.274194,21022,3134
bcsstk23,p8_g4_l400,GreedyBspHC,282,28250,25132,57,3118,25.274194,21022,3134
instance_kNN_N70_K7_nzP0d16,p8_g4_l400,GreedyRecomputerMask0,678,8523,6880,11,1643,373.428571,11991,5228
instance_kNN_N70_K7_nzP0d16,p8_g4_l400,GreedyRecomputerMask1,995,7803,5912,11,1891,373.428571,11991,5228
instance_kNN_N70_K7_nzP0d16,p8_g4_l400,GreedyRecomputerMask3,1150,6354,3520,6,2834,373.428571,11991,5228
instance_kNN_N70_K7_nzP0d16,p8_g4_l400,GreedyRecomputerMask7,1656,6354,3520,6,2834,373.428571,11991,5228
instance_kNN_N70_K7_nzP0d16,p8_g4_l400,GreedyRecomputerMask2,919,6783,4060,6,2723,373.428571,11991,5228
instance_kNN_N70_K7_nzP0d16,p8_g4_l400,GreedyRecomputerMask4,1045,8523,6880,11,1643,373.428571,11991,5228
instance_kNN_N70_K7_nzP0d16,p8_g4_l400,GreedyBspHC,602,8715,7072,11,1643,373.428571,11991,5228
exp-D15-N1000-C4.psdd,p8_g4_l400,GreedyRecomputerMask0,2,1228,1220,4,8,7.500000,28,30
exp-D15-N1000-C4.psdd,p8_g4_l400,GreedyRecomputerMask1,2,825,816,3,9,7.500000,28,30
exp-D15-N1000-C4.psdd,p8_g4_l400,GreedyRecomputerMask3,3,30,0,1,30,7.500000,28,30
exp-D15-N1000-C4.psdd,p8_g4_l400,GreedyRecomputerMask7,4,30,0,1,30,7.500000,28,30
exp-D15-N1000-C4.psdd,p8_g4_l400,GreedyRecomputerMask2,3,30,0,1,30,7.500000,28,30
exp-D15-N1000-C4.psdd,p8_g4_l400,GreedyRecomputerMask4,3,1228,1220,4,8,7.500000,28,30
exp-D15-N1000-C4.psdd,p8_g4_l400,GreedyBspHC,2,1228,1220,4,8,7.500000,28,30
cwebkb.psdd,p8_g4_l400,GreedyRecomputerMask0,1695,15040,12160,16,2880,633.916667,50251,22821
cwebkb.psdd,p8_g4_l400,GreedyRecomputerMask1,4068,13319,9880,16,3439,633.916667,50251,22821
cwebkb.psdd,p8_g4_l400,GreedyRecomputerMask3,5211,10293,3964,4,6329,633.916667,50251,22821
cwebkb.psdd,p8_g4_l400,GreedyRecomputerMask7,7939,10293,3964,4,6329,633.916667,50251,22821
cwebkb.psdd,p8_g4_l400,GreedyRecomputerMask2,2562,10614,4296,4,6318,633.916667,50251,22821
cwebkb.psdd,p8_g4_l400,GreedyRecomputerMask4,3402,15040,12160,16,2880,633.916667,50251,22821
cwebkb.psdd,p8_g4_l400,GreedyBspHC,1405,15444,12564,16,2880,633.916667,50251,22821
instance_exp_N50_K12_nzP0d15,p8_g4_l400,GreedyRecomputerMask0,581,11801,10052,19,1749,226.416667,13248,5434
instance_exp_N50_K12_nzP0d15,p8_g4_l400,GreedyRecomputerMask1,752,11180,9252,19,1928,226.416667,13248,5434
instance_exp_N50_K12_nzP0d15,p8_g4_l400,GreedyRecomputerMask3,1108,9479,6988,12,2491,226.416667,13248,5434
instance_exp_N50_K12_nzP0d15,p8_g4_l400,GreedyRecomputerMask7,1811,9479,6988,12,2491,226.416667,13248,5434
instance_exp_N50_K12_nzP0d15,p8_g4_l400,GreedyRecomputerMask2,845,10034,7764,13,2270,226.416667,13248,5434
instance_exp_N50_K12_nzP0d15,p8_g4_l400,GreedyRecomputerMask4,937,11801,10052,19,1749,226.416667,13248,5434
instance_exp_N50_K12_nzP0d15,p8_g4_l400,GreedyBspHC,498,12057,10308,19,1749,226.416667,13248,5434
msc23052,p8_g4_l400,GreedyRecomputerMask0,3272,88885,14772,9,74113,120.691099,565881,23052
msc23052,p8_g4_l400,GreedyRecomputerMask1,12683,87205,12360,9,74845,120.691099,565881,23052
msc23052,p8_g4_l400,GreedyRecomputerMask3,17584,86805,11960,8,74845,120.691099,565881,23052
msc23052,p8_g4_l400,GreedyRecomputerMask7,45314,86805,11960,8,74845,120.691099,565881,23052
msc23052,p8_g4_l400,GreedyRecomputerMask2,6097,88184,14032,7,74152,120.691099,565881,23052
msc23052,p8_g4_l400,GreedyRecomputerMask4,11645,88885,14772,9,74113,120.691099,565881,23052
msc23052,p8_g4_l400,GreedyBspHC,1423,90919,16792,12,74127,120.691099,565881,23052
instance_CG_N12_K6_nzP0d3,p8_g4_l400,GreedyRecomputerMask0,81,16301,15840,38,461,15.028169,2179,1067
instance_CG_N12_K6_nzP0d3,p8_g4_l400,GreedyRecomputerMask1,87,16287,15824,38,463,15.028169,2179,1067
instance_CG_N12_K6_nzP0d3,p8_g4_l400,GreedyRecomputerMask3,121,2042,0,1,2042,15.028169,2179,1067
instance_CG_N12_K6_nzP0d3,p8_g4_l400,GreedyRecomputerMask7,151,2042,0,1,2042,15.028169,2179,1067
instance_CG_N12_K6_nzP0d3,p8_g4_l400,GreedyRecomputerMask2,121,2044,0,1,2044,15.028169,2179,1067
instance_CG_N12_K6_nzP0d3,p8_g4_l400,GreedyRecomputerMask4,138,16293,15832,38,461,15.028169,2179,1067
instance_CG_N12_K6_nzP0d3,p8_g4_l400,GreedyBspHC,68,16775,16316,39,459,15.028169,2179,1067
ship_001,p8_g4_l400,GreedyRecomputerMask0,51588,676706,222228,426,454478,7.117815,2304655,34920
ship_001,p8_g4_l400,GreedyRecomputerMask1,54748,676405,221868,426,454537,7.117815,2304655,34920
ship_001,p8_g4_l400,GreedyRecomputerMask3,69381,632360,167240,275,465120,7.117815,2304655,34920
ship_001,p8_g4_l400,GreedyRecomputerMask7,145273,631253,166024,274,465229,7.117815,2304655,34920
ship_001,p8_g4_l400,GreedyRecomputerMask2,64639,631920,166852,272,465068,7.117815,2304655,34920
ship_001,p8_g4_l400,GreedyRecomputerMask4,87729,676364,221660,425,454704,7.117815,2304655,34920
ship_001,p8_g4_l400,GreedyBspHC,43849,716685,261608,503,455077,7.117815,2304655,34920
instance_kNN_N50_K4_nzP0d18,p8_g4_l400,GreedyRecomputerMask0,119,3583,3156,7,427,192.625000,2763,1541
instance_kNN_N50_K4_nzP0d18,p8_g4_l400,GreedyRecomputerMask1,145,3398,2908,7,490,192.625000,2763,1541
instance_kNN_N50_K4_nzP0d18,p8_g4_l400,GreedyRecomputerMask3,197,1551,608,2,943,192.625000,2763,1541
instance_kNN_N50_K4_nzP0d18,p8_g4_l400,GreedyRecomputerMask7,330,1551,608,2,943,192.625000,2763,1541
instance_kNN_N50_K4_nzP0d18,p8_g4_l400,GreedyRecomputerMask2,175,1569,628,2,941,192.625000,2763,1541
instance_kNN_N50_K4_nzP0d18,p8_g4_l400,GreedyRecomputerMask4,213,3583,3156,7,427,192.625000,2763,1541
instance_kNN_N50_K4_nzP0d18,p8_g4_l400,GreedyBspHC,98,3631,3204,7,427,192.625000,2763,1541
instance_spmv_N60_nzP0d15,p8_g4_l400,GreedyRecomputerMask0,81,1462,1188,3,274,585.000000,1575,1170
instance_spmv_N60_nzP0d15,p8_g4_l400,GreedyRecomputerMask1,97,1360,1052,3,308,585.000000,1575,1170
instance_spmv_N60_nzP0d15,p8_g4_l400,GreedyRecomputerMask3,110,490,0,1,490,585.000000,1575,1170
instance_spmv_N60_nzP0d15,p8_g4_l400,GreedyRecomputerMask7,172,490,0,1,490,585.000000,1575,1170
instance_spmv_N60_nzP0d15,p8_g4_l400,GreedyRecomputerMask2,100,490,0,1,490,585.000000,1575,1170
instance_spmv_N60_nzP0d15,p8_g4_l400,GreedyRecomputerMask4,111,1462,1188,3,274,585.000000,1575,1170
instance_spmv_N60_nzP0d15,p8_g4_l400,GreedyBspHC,72,1466,1192,3,274,585.000000,1575,1170
msnbc-yitao-e.psdd,p8_g4_l400,GreedyRecomputerMask0,700,4823,4164,5,659,1043.200000,8074,5216
msnbc-yitao-e.psdd,p8_g4_l400,GreedyRecomputerMask1,1103,4137,3252,5,885,1043.200000,8074,5216
msnbc-yitao-e.psdd,p8_g4_l400,GreedyRecomputerMask3,1179,3019,1208,2,1811,1043.200000,8074,5216
msnbc-yitao-e.psdd,p8_g4_l400,GreedyRecomputerMask7,1546,3019,1208,2,1811,1043.200000,8074,5216
msnbc-yitao-e.psdd,p8_g4_l400,GreedyRecomputerMask2,807,3019,1208,2,1811,1043.200000,8074,5216
msnbc-yitao-e.psdd,p8_g4_l400,GreedyRecomputerMask4,860,4823,4164,5,659,1043.200000,8074,5216
msnbc-yitao-e.psdd,p8_g4_l400,GreedyBspHC,640,4867,4208,5,659,1043.200000,8074,5216
instance_CG_N9_K9_nzP0d35,p8_g4_l400,GreedyRecomputerMask0,71,23361,22820,55,541,10.271028,2242,1099
instance_CG_N9_K9_nzP0d35,p8_g4_l400,GreedyRecomputerMask1,77,23346,22800,55,546,10.271028,2242,1099
instance_CG_N9_K9_nzP0d35,p8_g4_l400,GreedyRecomputerMask3,114,2051,0,1,2051,10.271028,2242,1099
instance_CG_N9_K9_nzP0d35,p8_g4_l400,GreedyRecomputerMask7,143,2051,0,1,2051,10.271028,2242,1099
instance_CG_N9_K9_nzP0d35,p8_g4_l400,GreedyRecomputerMask2,112,2052,0,1,2052,10.271028,2242,1099
instance_CG_N9_K9_nzP0d35,p8_g4_l400,GreedyRecomputerMask4,98,23361,22820,55,541,10.271028,2242,1099
instance_CG_N9_K9_nzP0d35,p8_g4_l400,GreedyBspHC,60,23449,22908,55,541,10.271028,2242,1099
instance_exp_N55_K14_nzP0d15,p8_g4_l400,GreedyRecomputerMask0,705,14421,12060,22,2361,258.214286,17934,7230
instance_exp_N55_K14_nzP0d15,p8_g4_l400,GreedyRecomputerMask1,873,13747,11184,22,2563,258.214286,17934,7230
instance_exp_N55_K14_nzP0d15,p8_g4_l400,GreedyRecomputerMask3,1192,12223,9316,17,2907,258.214286,17934,7230
instance_exp_N55_K14_nzP0d15,p8_g4_l400,GreedyRecomputerMask7,1867,12223,9316,17,2907,258.214286,17934,7230
instance_exp_N55_K14_nzP0d15,p8_g4_l400,GreedyRecomputerMask2,1019,12766,9992,17,2774,258.214286,17934,7230
instance_exp_N55_K14_nzP0d15,p8_g4_l400,GreedyRecomputerMask4,915,14421,12060,22,2361,258.214286,17934,7230
instance_exp_N55_K14_nzP0d15,p8_g4_l400,GreedyBspHC,578,14813,12452,22,2361,258.214286,17934,7230
tretail.psdd,p8_g4_l400,GreedyRecomputerMask0,179,5549,5176,11,373,141.100000,6382,2822
tretail.psdd,p8_g4_l400,GreedyRecomputerMask1,243,5263,4796,11,467,141.100000,6382,2822
tretail.psdd,p8_g4_l400,GreedyRecomputerMask3,376,2669,424,2,2245,141.100000,6382,2822
tretail.psdd,p8_g4_l400,GreedyRecomputerMask7,716,2665,420,2,2245,141.100000,6382,2822
tretail.psdd,p8_g4_l400,GreedyRecomputerMask2,329,2669,424,2,2245,141.100000,6382,2822
tretail.psdd,p8_g4_l400,GreedyRecomputerMask4,448,5155,4780,10,375,141.100000,6382,2822
tretail.psdd,p8_g4_l400,GreedyBspHC,143,5573,5200,11,373,141.100000,6382,2822
msc01440,p8_g4_l400,GreedyRecomputerMask0,523,12458,8708,20,3750,24.000000,22415,1440
msc01440,p8_g4_l400,GreedyRecomputerMask1,590,11782,7996,19,3786,24.000000,22415,1440
msc01440,p8_g4_l400,GreedyRecomputerMask3,785,7315,2216,5,5099,24.000000,22415,1440
msc01440,p8_g4_l400,GreedyRecomputerMask7,1403,7315,2216,5,5099,24.000000,22415,1440
msc01440,p8_g4_l400,GreedyRecomputerMask2,660,7491,2464,5,5027,24.000000,22415,1440
msc01440,p8_g4_l400,GreedyRecomputerMask4,655,12458,8708,20,3750,24.000000,22415,1440
msc01440,p8_g4_l400,GreedyBspHC,453,12817,9060,28,3757,24.000000,22415,1440
instance_exp_N44_K5_nzP0d15,p8_g4_l400,GreedyRecomputerMask0,153,4372,3800,8,572,193.200000,4170,1932
instance_exp_N44_K5_nzP0d15,p8_g4_l400,GreedyRecomputerMask1,205,4121,3468,8,653,193.200000,4170,1932
instance_exp_N44_K5_nzP0d15,p8_g4_l400,GreedyRecomputerMask3,281,3108,2280,5,828,193.200000,4170,1932
instance_exp_N44_K5_nzP0d15,p8_g4_l400,GreedyRecomputerMask7,464,3108,2280,5,828,193.200000,4170,1932
instance_exp_N44_K5_nzP0d15,p8_g4_l400,GreedyRecomputerMask2,241,3286,2492,5,794,193.200000,4170,1932
instance_exp_N44_K5_nzP0d15,p8_g4_l400,GreedyRecomputerMask4,281,4372,3800,8,572,193.200000,4170,1932
instance_exp_N44_K5_nzP0d15,p8_g4_l400,GreedyBspHC,130,4440,3868,8,572,193.200000,4170,1932
bmw7st_1,p8_g4_l400,GreedyRecomputerMask0,24186,497911,45732,26,452179,200.208215,3599160,141347
bmw7st_1,p8_g4_l400,GreedyRecomputerMask1,68453,496233,43140,26,453093,200.208215,3599160,141347
bmw7st_1,p8_g4_l400,GreedyRecomputerMask3,115439,492549,38704,14,453845,200.208215,3599160,141347
bmw7st_1,p8_g4_l400,GreedyRecomputerMask7,373119,492549,38704,14,453845,200.208215,3599160,141347
bmw7st_1,p8_g4_l400,GreedyRecomputerMask2,41343,494183,41272,14,452911,200.208215,3599160,141347
bmw7st_1,p8_g4_l400,GreedyRecomputerMask4,77612,497518,45420,25,452098,200.208215,3599160,141347
bmw7st_1,p8_g4_l400,GreedyBspHC,16301,501533,49320,32,452213,200.208215,3599160,141347
ex3,p8_g4_l400,GreedyRecomputerMask0,371,39159,26972,61,12187,3.234458,25432,1821
ex3,p8_g4_l400,GreedyRecomputerMask1,406,39095,26912,61,12183,3.234458,25432,1821
ex3,p8_g4_l400,GreedyRecomputerMask3,615,24360,5760,10,18600,3.234458,25432,1821
ex3,p8_g4_l400,GreedyRecomputerMask7,3210,24183,5524,10,18659,3.234458,25432,1821
ex3,p8_g4_l400,GreedyRecomputerMask2,560,24238,5708,10,18530,3.234458,25432,1821
ex3,p8_g4_l400,GreedyRecomputerMask4,847,37619,25264,57,12355,3.234458,25432,1821
ex3,p8_g4_l400,GreedyBspHC,313,40044,27932,72,12112,3.234458,25432,1821
ct20stif,p8_g4_l400,GreedyRecomputerMask0,6372,205131,36364,44,168767,39.345113,1323067,52329
ct20stif,p8_g4_l400,GreedyRecomputerMask1,10972,203844,34788,43,169056,39.345113,1323067,52329
ct20stif,p8_g4_l400,GreedyRecomputerMask3,17347,201811,30800,32,171011,39.345113,1323067,52329
ct20stif,p8_g4_l400,GreedyRecomputerMask7,50165,201811,30800,32,171011,39.345113,1323067,52329
ct20stif,p8_g4_l400,GreedyRecomputerMask2,12584,202627,31908,32,170719,39.345113,1323067,52329
ct20stif,p8_g4_l400,GreedyRecomputerMask4,23387,204713,35952,43,168761,39.345113,1323067,52329
ct20stif,p8_g4_l400,GreedyBspHC,3451,208852,40100,47,168752,39.345113,1323067,52329
thread,p8_g4_l400,GreedyRecomputerMask0,13180,373871,75536,101,298335,20.578547,2220156,29736
thread,p8_g4_l400,GreedyRecomputerMask1,17991,373189,74720,101,298469,20.578547,2220156,29736
thread,p8_g4_l400,GreedyRecomputerMask3,27053,366283,64896,76,301387,20.578547,2220156,29736
thread,p8_g4_l400,GreedyRecomputerMask7,74457,366228,64848,76,301380,20.578547,2220156,29736
thread,p8_g4_l400,GreedyRecomputerMask2,25264,367060,66020,76,301040,20.578547,2220156,29736
thread,p8_g4_l400,GreedyRecomputerMask4,50426,373867,75532,101,298335,20.578547,2220156,29736
thread,p8_g4_l400,GreedyBspHC,5145,391693,93356,103,298337,20.578547,2220156,29736
Pres_Poisson,p8_g4_l400,GreedyRecomputerMask0,8135,135350,66016,141,69334,7.998921,350491,14822
Pres_Poisson,p8_g4_l400,GreedyRecomputerMask1,8814,135035,65620,141,69415,7.998921,350491,14822
Pres_Poisson,p8_g4_l400,GreedyRecomputerMask3,14982,98436,22004,30,76432,7.998921,350491,14822
Pres_Poisson,p8_g4_l400,GreedyRecomputerMask7,60349,97724,21208,30,76516,7.998921,350491,14822
Pres_Poisson,p8_g4_l400,GreedyRecomputerMask2,13704,98622,22860,31,75762,7.998921,350491,14822
Pres_Poisson,p8_g4_l400,GreedyRecomputerMask4,14493,134365,65028,138,69337,7.998921,350491,14822
Pres_Poisson,p8_g4_l400,GreedyBspHC,7318,141343,71920,170,69423,7.998921,350491,14822
insurance.psdd,p8_g4_l400,GreedyRecomputerMask0,1225,9086,7280,7,1806,2390.333333,30060,14342
insurance.psdd,p8_g4_l400,GreedyRecomputerMask1,1844,8369,6328,7,2041,2390.333333,30060,14342
insurance.psdd,p8_g4_l400,GreedyRecomputerMask3,2306,6247,2276,3,3971,2390.333333,30060,14342
insurance.psdd,p8_g4_l400,GreedyRecomputerMask7,3905,6247,2276,3,3971,2390.333333,30060,14342
insurance.psdd,p8_g4_l400,GreedyRecomputerMask2,1721,6260,2276,3,3984,2390.333333,30060,14342
insurance.psdd,p8_g4_l400,GreedyRecomputerMask4,1727,9086,7280,7,1806,2390.333333,30060,14342
insurance.psdd,p8_g4_l400,GreedyBspHC,1044,9266,7460,7,1806,2390.333333,30060,14342
simple2.6.psdd,p8_g4_l400,GreedyRecomputerMask0,0,4,0,1,4,7.000000,3,7
simple2.6.psdd,p8_g4_l400,GreedyRecomputerMask1,0,4,0,1,4,7.000000,3,7
simple2.6.psdd,p8_g4_l400,GreedyRecomputerMask3,0,4,0,1,4,7.000000,3,7
simple2.6.psdd,p8_g4_l400,GreedyRecomputerMask7,0,4,0,1,4,7.000000,3,7
simple2.6.psdd,p8_g4_l400,GreedyRecomputerMask2,0,4,0,1,4,7.000000,3,7
simple2.6.psdd,p8_g4_l400,GreedyRecomputerMask4,0,4,0,1,4,7.000000,3,7
simple2.6.psdd,p8_g4_l400,GreedyBspHC,0,4,0,1,4,7.000000,3,7
bcsstk08,p8_g4_l400,GreedyRecomputerMask0,377,24920,23132,55,1788,13.948052,5943,1074
bcsstk08,p8_g4_l400,GreedyRecomputerMask1,396,24900,23108,55,1792,13.948052,5943,1074
bcsstk08,p8_g4_l400,GreedyRecomputerMask3,472,5748,0,1,5748,13.948052,5943,1074
bcsstk08,p8_g4_l400,GreedyRecomputerMask7,534,5748,0,1,5748,13.948052,5943,1074
bcsstk08,p8_g4_l400,GreedyRecomputerMask2,469,5748,0,1,5748,13.948052,5943,1074
bcsstk08,p8_g4_l400,GreedyRecomputerMask4,518,24912,23124,55,1788,13.948052,5943,1074
bcsstk08,p8_g4_l400,GreedyBspHC,349,25179,23408,58,1771,13.948052,5943,1074
instance_kNN_N50_K5_nzP0d16,p8_g4_l400,GreedyRecomputerMask0,199,4301,3756,8,545,189.600000,3801,1896
instance_kNN_N50_K5_nzP0d16,p8_g4_l400,GreedyRecomputerMask1,242,4088,3476,8,612,189.600000,3801,1896
instance_kNN_N50_K5_nzP0d16,p8_g4_l400,GreedyRecomputerMask3,314,2601,1380,3,1221,189.600000,3801,1896
instance_kNN_N50_K5_nzP0d16,p8_g4_l400,GreedyRecomputerMask7,490,2601,1380,3,1221,189.600000,3801,1896
instance_kNN_N50_K5_nzP0d16,p8_g4_l400,GreedyRecomputerMask2,279,2680,1472,3,1208,189.600000,3801,1896
instance_kNN_N50_K5_nzP0d16,p8_g4_l400,GreedyRecomputerMask4,251,4301,3756,8,545,189.600000,3801,1896
instance_kNN_N50_K5_nzP0d16,p8_g4_l400,GreedyBspHC,174,4381,3836,8,545,189.600000,3801,1896
tmovie.psdd,p8_g4_l400,GreedyRecomputerMask0,6953,43387,32076,21,11311,2292.025641,274214,89389
tmovie.psdd,p8_g4_l400,GreedyRecomputerMask1,12803,41407,29484,21,11923,2292.025641,274214,89389
tmovie.psdd,p8_g4_l400,GreedyRecomputerMask3,17675,37006,23672,11,13334,2292.025641,274214,89389
tmovie.psdd,p8_g4_l400,GreedyRecomputerMask7,28526,37005,23672,11,13333,2292.025641,274214,89389
tmovie.psdd,p8_g4_l400,GreedyRecomputerMask2,10531,38295,25076,11,13219,2292.025641,274214,89389
tmovie.psdd,p8_g4_l400,GreedyRecomputerMask4,14723,43387,32076,21,11311,2292.025641,274214,89389
tmovie.psdd,p8_g4_l400,GreedyBspHC,5484,45195,33884,21,11311,2292.025641,274214,89389
instance_spmv_N150_nzP0d2,p8_g4_l400,GreedyRecomputerMask0,685,5481,3252,3,2229,4544.000000,13182,9088
instance_spmv_N150_nzP0d2,p8_g4_l400,GreedyRecomputerMask1,893,5124,2776,3,2348,4544.000000,13182,9088
instance_spmv_N150_nzP0d2,p8_g4_l400,GreedyRecomputerMask3,996,3793,0,1,3793,4544.000000,13182,9088
instance_spmv_N150_nzP0d2,p8_g4_l400,GreedyRecomputerMask7,1553,3793,0,1,3793,4544.000000,13182,9088
instance_spmv_N150_nzP0d2,p8_g4_l400,GreedyRecomputerMask2,828,3793,0,1,3793,4544.000000,13182,9088
instance_spmv_N150_nzP0d2,p8_g4_l400,GreedyRecomputerMask4,1261,5481,3252,3,2229,4544.000000,13182,9088
instance_spmv_N150_nzP0d2,p8_g4_l400,GreedyBspHC,590,5493,3264,3,2229,4544.000000,13182,9088
elevators.psdd,p8_g4_l400,GreedyRecomputerMask0,231,4533,4108,8,425,416.375000,6892,3331
elevators.psdd,p8_g4_l400,GreedyRecomputerMask1,282,4294,3792,8,502,416.375000,6892,3331
elevators.psdd,p8_g4_l400,GreedyRecomputerMask3,364,2668,508,2,2160,416.375000,6892,3331
elevators.psdd,p8_g4_l400,GreedyRecomputerMask7,563,2668,508,2,2160,416.375000,6892,3331
elevators.psdd,p8_g4_l400,GreedyRecomputerMask2,324,2668,508,2,2160,416.375000,6892,3331
elevators.psdd,p8_g4_l400,GreedyRecomputerMask4,445,4533,4108,8,425,416.375000,6892,3331
elevators.psdd,p8_g4_l400,GreedyBspHC,191,4609,4184,8,425,416.375000,6892,3331
instance_CG_N35_K8_nzP0d25,p8_g4_l400,GreedyRecomputerMask0,527,26997,24852,54,2145,56.800000,12153,5396
instance_CG_N35_K8_nzP0d25,p8_g4_l400,GreedyRecomputerMask1,576,26824,24628,54,2196,56.800000,12153,5396
instance_CG_N35_K8_nzP0d25,p8_g4_l400,GreedyRecomputerMask3,1516,11044,5752,10,5292,56.800000,12153,5396
instance_CG_N35_K8_nzP0d25,p8_g4_l400,GreedyRecomputerMask7,1902,11037,5736,10,5301,56.800000,12153,5396
instance_CG_N35_K8_nzP0d25,p8_g4_l400,GreedyRecomputerMask2,884,12003,6848,10,5155,56.800000,12153,5396
instance_CG_N35_K8_nzP0d25,p8_g4_l400,GreedyRecomputerMask4,844,26997,24852,54,2145,56.800000,12153,5396
instance_CG_N35_K8_nzP0d25,p8_g4_l400,GreedyBspHC,465,27821,25676,55,2145,56.800000,12153,5396
shallow_water1,p8_g4_l400,GreedyRecomputerMask0,3759,47944,32428,38,15516,80.709360,122880,81920
shallow_water1,p8_g4_l400,GreedyRecomputerMask1,13841,41612,25340,38,16272,80.709360,122880,81920
shallow_water1,p8_g4_l400,GreedyRecomputerMask3,16896,35004,16600,18,18404,80.709360,122880,81920
shallow_water1,p8_g4_l400,GreedyRecomputerMask7,26841,35004,16600,18,18404,80.709360,122880,81920
shallow_water1,p8_g4_l400,GreedyRecomputerMask2,7242,38527,18416,15,20111,80.709360,122880,81920
shallow_water1,p8_g4_l400,GreedyRecomputerMask4,8854,47944,32428,38,15516,80.709360,122880,81920
shallow_water1,p8_g4_l400,GreedyBspHC,3026,49997,34480,39,15517,80.709360,122880,81920
bcsstk15,p8_g4_l400,GreedyRecomputerMask0,1089,64607,55388,128,9219,10.846154,56934,3948
bcsstk15,p8_g4_l400,GreedyRecomputerMask1,1145,64139,54912,127,9227,10.846154,56934,3948
bcsstk15,p8_g4_l400,GreedyRecomputerMask3,2103,34524,12752,19,21772,10.846154,56934,3948
bcsstk15,p8_g4_l400,GreedyRecomputerMask7,4079,34188,12388,19,21800,10.846154,56934,3948
bcsstk15,p8_g4_l400,GreedyRecomputerMask2,1979,34603,12160,17,22443,10.846154,56934,3948
bcsstk15,p8_g4_l400,GreedyRecomputerMask4,1782,64607,55388,128,9219,10.846154,56934,3948
bcsstk15,p8_g4_l400,GreedyBspHC,915,66656,57424,133,9232,10.846154,56934,3948
accidents.psdd,p8_g4_l400,GreedyRecomputerMask0,2443,19863,15112,14,4751,1561.916667,102111,37486
accidents.psdd,p8_g4_l400,GreedyRecomputerMask1,4323,18746,13672,14,5074,1561.916667,102111,37486
accidents.psdd,p8_g4_l400,GreedyRecomputerMask3,6119,15283,7160,6,8123,1561.916667,102111,37486
accidents.psdd,p8_g4_l400,GreedyRecomputerMask7,10346,15283,7160,6,8123,1561.916667,102111,37486
accidents.psdd,p8_g4_l400,GreedyRecomputerMask2,3860,15903,7848,6,8055,1561.916667,102111,37486
accidents.psdd,p8_g4_l400,GreedyRecomputerMask4,3785,19863,15112,14,4751,1561.916667,102111,37486
accidents.psdd,p8_g4_l400,GreedyBspHC,1933,20863,16112,14,4751,1561.916667,102111,37486
msweb.psdd,p8_g4_l400,GreedyRecomputerMask0,1143,12507,10492,16,2015,493.031250,38289,15777
msweb.psdd,p8_g4_l400,GreedyRecomputerMask1,1867,11612,9308,16,2304,493.031250,38289,15777
msweb.psdd,p8_g4_l400,GreedyRecomputerMask3,2706,8011,3784,5,4227,493.031250,38289,15777
msweb.psdd,p8_g4_l400,GreedyRecomputerMask7,4223,8269,4048,6,4221,493.031250,38289,15777
msweb.psdd,p8_g4_l400,GreedyRecomputerMask2,1947,8238,4040,5,4198,493.031250,38289,15777
msweb.psdd,p8_g4_l400,GreedyRecomputerMask4,2283,12507,10492,16,2015,493.031250,38289,15777
msweb.psdd,p8_g4_l400,GreedyBspHC,936,13003,10988,16,2015,493.031250,38289,15777
instance_exp_N30_K6_nzP0d15,p8_g4_l400,GreedyRecomputerMask0,91,4876,4552,11,324,90.416667,2268,1085
instance_exp_N30_K6_nzP0d15,p8_g4_l400,GreedyRecomputerMask1,103,4742,4384,11,358,90.416667,2268,1085
instance_exp_N30_K6_nzP0d15,p8_g4_l400,GreedyRecomputerMask3,136,1955,0,1,1955,90.416667,2268,1085
instance_exp_N30_K6_nzP0d15,p8_g4_l400,GreedyRecomputerMask7,176,1955,0,1,1955,90.416667,2268,1085
instance_exp_N30_K6_nzP0d15,p8_g4_l400,GreedyRecomputerMask2,129,1968,0,1,1968,90.416667,2268,1085
instance_exp_N30_K6_nzP0d15,p8_g4_l400,GreedyRecomputerMask4,188,4472,4148,10,324,90.416667,2268,1085
instance_exp_N30_K6_nzP0d15,p8_g4_l400,GreedyBspHC,77,4952,4628,11,324,90.416667,2268,1085
nltcs.clt.psdd,p8_g4_l400,GreedyRecomputerMask0,6,2065,2048,6,17,9.500000,92,76
nltcs.clt.psdd,p8_g4_l400,GreedyRecomputerMask1,7,1650,1628,5,22,9.500000,92,76
nltcs.clt.psdd,p8_g4_l400,GreedyRecomputerMask3,8,63,0,1,63,9.500000,92,76
nltcs.clt.psdd,p8_g4_l400,GreedyRecomputerMask7,12,63,0,1,63,9.500000,92,76
nltcs.clt.psdd,p8_g4_l400,GreedyRecomputerMask2,8,63,0,1,63,9.500000,92,76
nltcs.clt.psdd,p8_g4_l400,GreedyRecomputerMask4,10,2065,2048,6,17,9.500000,92,76
nltcs.clt.psdd,p8_g4_l400,GreedyBspHC,5,2081,2064,6,17,9.500000,92,76
instance_kNN_N60_K15_nzP0d15,p8_g4_l400,GreedyRecomputerMask0,777,16910,13924,24,2986,299.933333,22722,8998
instance_kNN_N60_K15_nzP0d15,p8_g4_l400,GreedyRecomputerMask1,1095,15992,12760,24,3232,299.933333,22722,8998
instance_kNN_N60_K15_nzP0d15,p8_g4_l400,GreedyRecomputerMask3,1401,13995,10100,18,3895,299.933333,22722,8998
instance_kNN_N60_K15_nzP0d15,p8_g4_l400,GreedyRecomputerMask7,2235,13995,10100,18,3895,299.933333,22722,8998
instance_kNN_N60_K15_nzP0d15,p8_g4_l400,GreedyRecomputerMask2,1187,14612,10836,18,3776,299.933333,22722,8998
instance_kNN_N60_K15_nzP0d15,p8_g4_l400,GreedyRecomputerMask4,1395,16910,13924,24,2986,299.933333,22722,8998
instance_kNN_N60_K15_nzP0d15,p8_g4_l400,GreedyBspHC,637,17357,14372,24,2985,299.933333,22722,8998
mnist.psdd,p8_g4_l400,GreedyRecomputerMask0,393,5937,5316,10,621,490.400000,5916,4904
mnist.psdd,p8_g4_l400,GreedyRecomputerMask1,842,5189,4320,10,869,490.400000,5916,4904
mnist.psdd,p8_g4_l400,GreedyRecomputerMask3,989,3277,472,2,2805,490.400000,5916,4904
mnist.psdd,p8_g4_l400,GreedyRecomputerMask7,1558,3277,472,2,2805,490.400000,5916,4904
mnist.psdd,p8_g4_l400,GreedyRecomputerMask2,569,3277,472,2,2805,490.400000,5916,4904
mnist.psdd,p8_g4_l400,GreedyRecomputerMask4,530,5937,5316,10,621,490.400000,5916,4904
mnist.psdd,p8_g4_l400,GreedyBspHC,345,5945,5324,10,621,490.400000,5916,4904
nd3k,p8_g4_l400,GreedyRecomputerMask0,15614,745026,70996,109,674030,2.368421,1635345,9000
nd3k,p8_g4_l400,GreedyRecomputerMask1,18339,744351,70316,109,674035,2.368421,1635345,9000
nd3k,p8_g4_l400,GreedyRecomputerMask3,40840,723077,47508,55,675569,2.368421,1635345,9000
nd3k,p8_g4_l400,GreedyRecomputerMask7,135737,719430,43584,55,675846,2.368421,1635345,9000
nd3k,p8_g4_l400,GreedyRecomputerMask2,38997,726397,52312,61,674085,2.368421,1635345,9000
nd3k,p8_g4_l400,GreedyRecomputerMask4,43610,744867,70836,109,674031,2.368421,1635345,9000
nd3k,p8_g4_l400,GreedyBspHC,9911,759359,85212,122,674147,2.368421,1635345,9000
bcsstk28,p8_g4_l400,GreedyRecomputerMask0,1057,80335,52736,120,27599,4.809160,107307,4410
bcsstk28,p8_g4_l400,GreedyRecomputerMask1,1183,80322,52716,120,27606,4.809160,107307,4410
bcsstk28,p8_g4_l400,GreedyRecomputerMask3,1789,54773,15704,27,39069,4.809160,107307,4410
bcsstk28,p8_g4_l400,GreedyRecomputerMask7,4063,54493,15424,27,39069,4.809160,107307,4410
bcsstk28,p8_g4_l400,GreedyRecomputerMask2,1733,54825,15756,27,39069,4.809160,107307,4410
bcsstk28,p8_g4_l400,GreedyRecomputerMask4,4177,78342,49768,113,28574,4.809160,107307,4410
bcsstk28,p8_g4_l400,GreedyBspHC,807,83765,56140,135,27625,4.809160,107307,4410
instance_CG_N25_K17_nzP0d15,p8_g4_l400,GreedyRecomputerMask0,627,51205,48720,111,2485,27.871921,12072,5658
instance_CG_N25_K17_nzP0d15,p8_g4_l400,GreedyRecomputerMask1,666,51138,48632,111,2506,27.871921,12072,5658
instance_CG_N25_K17_nzP0d15,p8_g4_l400,GreedyRecomputerMask3,871,11380,0,1,11380,27.871921,12072,5658
instance_CG_N25_K17_nzP0d15,p8_g4_l400,GreedyRecomputerMask7,1054,11380,0,1,11380,27.871921,12072,5658
instance_CG_N25_K17_nzP0d15,p8_g4_l400,GreedyRecomputerMask2,860,11382,0,1,11382,27.871921,12072,5658
instance_CG_N25_K17_nzP0d15,p8_g4_l400,GreedyRecomputerMask4,1098,50438,47932,109,2506,27.871921,12072,5658
instance_CG_N25_K17_nzP0d15,p8_g4_l400,GreedyBspHC,563,51551,49068,119,2483,27.871921,12072,5658
instance_kNN_N75_K9_nzP0d15,p8_g4_l400,GreedyRecomputerMask0,680,11362,8912,13,2450,419.444444,18231,7550
instance_kNN_N75_K9_nzP0d15,p8_g4_l400,GreedyRecomputerMask1,1091,10039,7328,12,2711,419.444444,18231,7550
instance_kNN_N75_K9_nzP0d15,p8_g4_l400,GreedyRecomputerMask3,1348,9074,5868,9,3206,419.444444,18231,7550
instance_kNN_N75_K9_nzP0d15,p8_g4_l400,GreedyRecomputerMask7,2100,9074,5868,9,3206,419.444444,18231,7550
instance_kNN_N75_K9_nzP0d15,p8_g4_l400,GreedyRecomputerMask2,1030,9634,6560,9,3074,419.444444,18231,7550
instance_kNN_N75_K9_nzP0d15,p8_g4_l400,GreedyRecomputerMask4,1215,11362,8912,13,2450,419.444444,18231,7550
instance_kNN_N75_K9_nzP0d15,p8_g4_l400,GreedyBspHC,559,11546,9100,13,2446,419.444444,18231,7550
instance_CG_N30_K24_nzP0d15,p8_g4_l400,GreedyRecomputerMask0,825,75869,71540,160,4329,34.637631,21754,9941
instance_CG_N30_K24_nzP0d15,p8_g4_l400,GreedyRecomputerMask1,888,75772,71412,160,4360,34.637631,21754,9941
instance_CG_N30_K24_nzP0d15,p8_g4_l400,GreedyRecomputerMask3,2201,21205,1988,4,19217,34.637631,21754,9941
instance_CG_N30_K24_nzP0d15,p8_g4_l400,GreedyRecomputerMask7,3754,21177,1964,4,19213,34.637631,21754,9941
instance_CG_N30_K24_nzP0d15,p8_g4_l400,GreedyRecomputerMask2,1589,20721,0,1,20721,34.637631,21754,9941
instance_CG_N30_K24_nzP0d15,p8_g4_l400,GreedyRecomputerMask4,1685,74330,69968,156,4362,34.637631,21754,9941
instance_CG_N30_K24_nzP0d15,p8_g4_l400,GreedyBspHC,713,76909,72584,170,4325,34.637631,21754,9941
instance_kNN_N40_K5_nzP0d15,p8_g4_l400,GreedyRecomputerMask0,105,4055,3748,9,307,107.300000,2007,1073
instance_kNN_N40_K5_nzP0d15,p8_g4_l400,GreedyRecomputerMask1,118,3938,3596,9,342,107.300000,2007,1073
instance_kNN_N40_K5_nzP0d15,p8_g4_l400,GreedyRecomputerMask3,148,1445,0,1,1445,107.300000,2007,1073
instance_kNN_N40_K5_nzP0d15,p8_g4_l400,GreedyRecomputerMask7,200,1445,0,1,1445,107.300000,2007,1073
instance_kNN_N40_K5_nzP0d15,p8_g4_l400,GreedyRecomputerMask2,137,1446,0,1,1446,107.300000,2007,1073
instance_kNN_N40_K5_nzP0d15,p8_g4_l400,GreedyRecomputerMask4,133,4055,3748,9,307,107.300000,2007,1073
instance_kNN_N40_K5_nzP0d15,p8_g4_l400,GreedyBspHC,93,4095,3788,9,307,107.300000,2007,1073
instance_CG_N60_K55_nzP0d12,p8_g4_l400,GreedyRecomputerMask0,6045,202803,180208,360,22595,82.433991,127658,54324
instance_CG_N60_K55_nzP0d12,p8_g4_l400,GreedyRecomputerMask1,6866,202360,179592,360,22768,82.433991,127658,54324
instance_CG_N60_K55_nzP0d12,p8_g4_l400,GreedyRecomputerMask3,17117,101124,44792,59,56332,82.433991,127658,54324
instance_CG_N60_K55_nzP0d12,p8_g4_l400,GreedyRecomputerMask7,24330,101124,44792,59,56332,82.433991,127658,54324
instance_CG_N60_K55_nzP0d12,p8_g4_l400,GreedyRecomputerMask2,11586,107509,53152,58,54357,82.433991,127658,54324
instance_CG_N60_K55_nzP0d12,p8_g4_l400,GreedyRecomputerMask4,11264,201439,178676,356,22763,82.433991,127658,54324
instance_CG_N60_K55_nzP0d12,p8_g4_l400,GreedyBspHC,5317,207927,185340,365,22587,82.433991,127658,54324
s3rmt3m3,p8_g4_l400,GreedyRecomputerMask0,346,40212,19988,42,20224,4.654214,101169,5357
s3rmt3m3,p8_g4_l400,GreedyRecomputerMask1,413,40060,19836,42,20224,4.654214,101169,5357
s3rmt3m3,p8_g4_l400,GreedyRecomputerMask3,909,36258,12916,24,23342,4.654214,101169,5357
s3rmt3m3,p8_g4_l400,GreedyRecomputerMask7,2750,36218,12876,24,23342,4.654214,101169,5357
s3rmt3m3,p8_g4_l400,GreedyRecomputerMask2,847,36316,12988,24,23328,4.654214,101169,5357
s3rmt3m3,p8_g4_l400,GreedyRecomputerMask4,1531,40175,19624,41,20551,4.654214,101169,5357
s3rmt3m3,p8_g4_l400,GreedyBspHC,145,41668,21444,42,20224,4.654214,101169,5357
instance_kNN_N45_K15_nzP0d16,p8_g4_l400,GreedyRecomputerMask0,408,13249,11496,23,1753,179.733333,13275,5392
instance_kNN_N45_K15_nzP0d16,p8_g4_l400,GreedyRecomputerMask1,497,12835,10976,23,1859,179.733333,13275,5392
instance_kNN_N45_K15_nzP0d16,p8_g4_l400,GreedyRecomputerMask3,774,10058,6184,11,3874,179.733333,13275,5392
instance_kNN_N45_K15_nzP0d16,p8_g4_l400,GreedyRecomputerMask7,1258,10058,6184,11,3874,179.733333,13275,5392
instance_kNN_N45_K15_nzP0d16,p8_g4_l400,GreedyRecomputerMask2,683,10200,6324,11,3876,179.733333,13275,5392
instance_kNN_N45_K15_nzP0d16,p8_g4_l400,GreedyRecomputerMask4,766,13249,11496,23,1753,179.733333,13275,5392
instance_kNN_N45_K15_nzP0d16,p8_g4_l400,GreedyBspHC,346,13649,11896,23,1753,179.733333,13275,5392
Dubcova3,p8_g4_l400,GreedyRecomputerMask0,43313,379145,154344,307,224801,44.927718,1744980,146689
Dubcova3,p8_g4_l400,GreedyRecomputerMask1,57932,372311,146912,303,225399,44.927718,1744980,146689
Dubcova3,p8_g4_l400,GreedyRecomputerMask3,81624,315657,78060,129,237597,44.927718,1744980,146689
Dubcova3,p8_g4_l400,GreedyRecomputerMask7,172636,315658,78064,129,237594,44.927718,1744980,146689
Dubcova3,p8_g4_l400,GreedyRecomputerMask2,56544,318363,77956,125,240407,44.927718,1744980,146689
Dubcova3,p8_g4_l400,GreedyRecomputerMask4,79437,377242,152348,302,224894,44.927718,1744980,146689
Dubcova3,p8_g4_l400,GreedyBspHC,37722,394794,169988,345,224806,44.927718,1744980,146689
mnist-antonio.psdd,p8_g4_l400,GreedyRecomputerMask0,395,5937,5316,10,621,490.400000,5916,4904
mnist-antonio.psdd,p8_g4_l400,GreedyRecomputerMask1,834,5189,4320,10,869,490.400000,5916,4904
mnist-antonio.psdd,p8_g4_l400,GreedyRecomputerMask3,987,3277,472,2,2805,490.400000,5916,4904
mnist-antonio.psdd,p8_g4_l400,GreedyRecomputerMask7,1558,3277,472,2,2805,490.400000,5916,4904
mnist-antonio.psdd,p8_g4_l400,GreedyRecomputerMask2,566,3277,472,2,2805,490.400000,5916,4904
mnist-antonio.psdd,p8_g4_l400,GreedyRecomputerMask4,531,5937,5316,10,621,490.400000,5916,4904
mnist-antonio.psdd,p8_g4_l400,GreedyBspHC,345,5945,5324,10,621,490.400000,5916,4904
instance_exp_N35_K4_nzP0d15,p8_g4_l400,GreedyRecomputerMask0,80,3216,2920,7,296,127.500000,2028,1020
instance_exp_N35_K4_nzP0d15,p8_g4_l400,GreedyRecomputerMask1,98,3060,2720,7,340,127.500000,2028,1020
instance_exp_N35_K4_nzP0d15,p8_g4_l400,GreedyRecomputerMask3,125,1652,0,1,1652,127.500000,2028,1020
instance_exp_N35_K4_nzP0d15,p8_g4_l400,GreedyRecomputerMask7,167,1652,0,1,1652,127.500000,2028,1020
instance_exp_N35_K4_nzP0d15,p8_g4_l400,GreedyRecomputerMask2,114,1656,0,1,1656,127.500000,2028,1020
instance_exp_N35_K4_nzP0d15,p8_g4_l400,GreedyRecomputerMask4,141,3216,2920,7,296,127.500000,2028,1020
instance_exp_N35_K4_nzP0d15,p8_g4_l400,GreedyBspHC,71,3263,2968,7,295,127.500000,2028,1020
bcsstk36,p8_g4_l400,GreedyRecomputerMask0,11976,391656,237212,529,154444,5.173250,560044,23052
bcsstk36,p8_g4_l400,GreedyRecomputerMask1,12774,391597,237156,529,154441,5.173250,560044,23052
bcsstk36,p8_g4_l400,GreedyRecomputerMask3,17388,289441,86280,139,203161,5.173250,560044,23052
bcsstk36,p8_g4_l400,GreedyRecomputerMask7,44447,286825,83668,139,203157,5.173250,560044,23052
bcsstk36,p8_g4_l400,GreedyRecomputerMask2,16992,289974,86784,139,203190,5.173250,560044,23052
bcsstk36,p8_g4_l400,GreedyRecomputerMask4,32213,382002,222136,490,159866,5.173250,560044,23052
bcsstk36,p8_g4_l400,GreedyBspHC,10614,408707,254208,591,154499,5.173250,560044,23052
simple2.5.psdd,p8_g4_l400,GreedyRecomputerMask0,0,6,0,1,6,7.000000,5,7
simple2.5.psdd,p8_g4_l400,GreedyRecomputerMask1,0,6,0,1,6,7.000000,5,7
simple2.5.psdd,p8_g4_l400,GreedyRecomputerMask3,0,6,0,1,6,7.000000,5,7
simple2.5.psdd,p8_g4_l400,GreedyRecomputerMask7,0,6,0,1,6,7.000000,5,7
simple2.5.psdd,p8_g4_l400,GreedyRecomputerMask2,0,6,0,1,6,7.000000,5,7
simple2.5.psdd,p8_g4_l400,GreedyRecomputerMask4,0,6,0,1,6,7.000000,5,7
simple2.5.psdd,p8_g4_l400,GreedyBspHC,0,6,0,1,6,7.000000,5,7
instance_exp_N75_K60_nzP0d15,p8_g4_l400,GreedyRecomputerMask0,4205,77229,58528,89,18701,451.908333,146520,54229
instance_exp_N75_K60_nzP0d15,p8_g4_l400,GreedyRecomputerMask1,5819,75469,56240,89,19229,451.908333,146520,54229
instance_exp_N75_K60_nzP0d15,p8_g4_l400,GreedyRecomputerMask3,7859,74273,54780,86,19493,451.908333,146520,54229
instance_exp_N75_K60_nzP0d15,p8_g4_l400,GreedyRecomputerMask7,13169,74273,54780,86,19493,451.908333,146520,54229
instance_exp_N75_K60_nzP0d15,p8_g4_l400,GreedyRecomputerMask2,6895,75599,56452,86,19147,451.908333,146520,54229
instance_exp_N75_K60_nzP0d15,p8_g4_l400,GreedyRecomputerMask4,7998,77229,58528,89,18701,451.908333,146520,54229
instance_exp_N75_K60_nzP0d15,p8_g4_l400,GreedyBspHC,3336,78986,60308,89,18678,451.908333,146520,54229
little_4var.psdd,p8_g4_l400,GreedyRecomputerMask0,0,11,0,1,11,6.000000,10,12
little_4var.psdd,p8_g4_l400,GreedyRecomputerMask1,0,11,0,1,11,6.000000,10,12
little_4var.psdd,p8_g4_l400,GreedyRecomputerMask3,0,11,0,1,11,6.000000,10,12
little_4var.psdd,p8_g4_l400,GreedyRecomputerMask7,1,11,0,1,11,6.000000,10,12
little_4var.psdd,p8_g4_l400,GreedyRecomputerMask2,0,11,0,1,11,6.000000,10,12
little_4var.psdd,p8_g4_l400,GreedyRecomputerMask4,1,11,0,1,11,6.000000,10,12
little_4var.psdd,p8_g4_l400,GreedyBspHC,1,11,0,1,11,6.000000,10,12
pdb1HYS,p8_g4_l400,GreedyRecomputerMask0,23767,1362986,163040,300,1199946,1.892480,2154174,36417
pdb1HYS,p8_g4_l400,GreedyRecomputerMask1,27178,1362350,162400,299,1199950,1.892480,2154174,36417
pdb1HYS,p8_g4_l400,GreedyRecomputerMask3,57725,1282926,64740,69,1218186,1.892480,2154174,36417
pdb1HYS,p8_g4_l400,GreedyRecomputerMask7,188272,1279292,61620,73,1217672,1.892480,2154174,36417
pdb1HYS,p8_g4_l400,GreedyRecomputerMask2,51100,1283941,65776,71,1218165,1.892480,2154174,36417
pdb1HYS,p8_g4_l400,GreedyRecomputerMask4,150066,1344753,141904,261,1202849,1.892480,2154174,36417
pdb1HYS,p8_g4_l400,GreedyBspHC,19874,1398141,198132,368,1200009,1.892480,2154174,36417
instance_kNN_N250_K15_nzP0d1,p8_g4_l400,GreedyRecomputerMask0,10655,92803,60120,22,32683,3155.566667,253986,94667
instance_kNN_N250_K15_nzP0d1,p8_g4_l400,GreedyRecomputerMask1,52649,81476,45000,22,36476,3155.566667,253986,94667
instance_kNN_N250_K15_nzP0d1,p8_g4_l400,GreedyRecomputerMask3,59135,80561,43876,20,36685,3155.566667,253986,94667
instance_kNN_N250_K15_nzP0d1,p8_g4_l400,GreedyRecomputerMask7,74138,80561,43876,20,36685,3155.566667,253986,94667
instance_kNN_N250_K15_nzP0d1,p8_g4_l400,GreedyRecomputerMask2,16617,88393,51296,19,37097,3155.566667,253986,94667
instance_kNN_N250_K15_nzP0d1,p8_g4_l400,GreedyRecomputerMask4,19152,92803,60120,22,32683,3155.566667,253986,94667
instance_kNN_N250_K15_nzP0d1,p8_g4_l400,GreedyBspHC,8819,94773,62092,22,32681,3155.566667,253986,94667
book.psdd,p8_g4_l400,GreedyRecomputerMask0,1676,14404,11596,15,2808,567.128205,53647,22118
book.psdd,p8_g4_l400,GreedyRecomputerMask1,3044,13009,9752,15,3257,567.128205,53647,22118
book.psdd,p8_g4_l400,GreedyRecomputerMask3,3829,10945,6628,8,4317,567.128205,53647,22118
book.psdd,p8_g4_l400,GreedyRecomputerMask7,6129,10945,6628,8,4317,567.128205,53647,22118
book.psdd,p8_g4_l400,GreedyRecomputerMask2,2419,11367,7104,8,4263,567.128205,53647,22118
book.psdd,p8_g4_l400,GreedyRecomputerMask4,2422,14404,11596,15,2808,567.128205,53647,22118
book.psdd,p8_g4_l400,GreedyBspHC,1387,14820,12012,15,2808,567.128205,53647,22118
jester.psdd,p8_g4_l400,GreedyRecomputerMask0,1152,12216,9808,14,2408,758.280000,48220,18957
jester.psdd,p8_g4_l400,GreedyRecomputerMask1,1718,11539,8920,14,2619,758.280000,48220,18957
jester.psdd,p8_g4_l400,GreedyRecomputerMask3,2511,8734,4828,7,3906,758.280000,48220,18957
jester.psdd,p8_g4_l400,GreedyRecomputerMask7,4439,8734,4828,7,3906,758.280000,48220,18957
jester.psdd,p8_g4_l400,GreedyRecomputerMask2,1820,9168,5324,7,3844,758.280000,48220,18957
jester.psdd,p8_g4_l400,GreedyRecomputerMask4,2458,12216,9808,14,2408,758.280000,48220,18957
jester.psdd,p8_g4_l400,GreedyBspHC,915,12876,10468,14,2408,758.280000,48220,18957
instance_exp_N80_K6_nzP0d15,p8_g4_l400,GreedyRecomputerMask0,705,9904,7632,10,2272,588.000000,16704,7056
instance_exp_N80_K6_nzP0d15,p8_g4_l400,GreedyRecomputerMask1,1348,8703,6020,10,2683,588.000000,16704,7056
instance_exp_N80_K6_nzP0d15,p8_g4_l400,GreedyRecomputerMask3,1564,7796,4888,8,2908,588.000000,16704,7056
instance_exp_N80_K6_nzP0d15,p8_g4_l400,GreedyRecomputerMask7,2270,7796,4888,8,2908,588.000000,16704,7056
instance_exp_N80_K6_nzP0d15,p8_g4_l400,GreedyRecomputerMask2,1032,8509,5788,8,2721,588.000000,16704,7056
instance_exp_N80_K6_nzP0d15,p8_g4_l400,GreedyRecomputerMask4,940,9904,7632,10,2272,588.000000,16704,7056
instance_exp_N80_K6_nzP0d15,p8_g4_l400,GreedyBspHC,595,10124,7852,10,2272,588.000000,16704,7056
simple2.4.psdd,p8_g4_l400,GreedyRecomputerMask0,0,6,0,1,6,7.000000,5,7
simple2.4.psdd,p8_g4_l400,GreedyRecomputerMask1,0,6,0,1,6,7.000000,5,7
simple2.4.psdd,p8_g4_l400,GreedyRecomputerMask3,0,6,0,1,6,7.000000,5,7
simple2.4.psdd,p8_g4_l400,GreedyRecomputerMask7,0,6,0,1,6,7.000000,5,7
simple2.4.psdd,p8_g4_l400,GreedyRecomputerMask2,0,6,0,1,6,7.000000,5,7
simple2.4.psdd,p8_g4_l400,GreedyRecomputerMask4,0,6,0,1,6,7.000000,5,7
simple2.4.psdd,p8_g4_l400,GreedyBspHC,0,6,0,1,6,7.000000,5,7
instance_kNN_N90_K8_nzP0d15,p8_g4_l400,GreedyRecomputerMask0,891,13278,10356,14,2922,569.250000,21717,9108
instance_kNN_N90_K8_nzP0d15,p8_g4_l400,GreedyRecomputerMask1,1665,12072,8764,14,3308,569.250000,21717,9108
instance_kNN_N90_K8_nzP0d15,p8_g4_l400,GreedyRecomputerMask3,2009,10468,6384,9,4084,569.250000,21717,9108
instance_kNN_N90_K8_nzP0d15,p8_g4_l400,GreedyRecomputerMask7,3251,10468,6384,9,4084,569.250000,21717,9108
instance_kNN_N90_K8_nzP0d15,p8_g4_l400,GreedyRecomputerMask2,1317,11165,7276,9,3889,569.250000,21717,9108
instance_kNN_N90_K8_nzP0d15,p8_g4_l400,GreedyRecomputerMask4,1560,13278,10356,14,2922,569.250000,21717,9108
instance_kNN_N90_K8_nzP0d15,p8_g4_l400,GreedyBspHC,756,13473,10552,14,2921,569.250000,21717,9108
msnbc.psdd,p8_g4_l400,GreedyRecomputerMask0,1325,11676,9580,8,2096,2046.625000,39056,16373
msnbc.psdd,p8_g4_l400,GreedyRecomputerMask1,2328,11254,9020,8,2234,2046.625000,39056,16373
msnbc.psdd,p8_g4_l400,GreedyRecomputerMask3,2682,8086,2920,2,5166,2046.625000,39056,16373
msnbc.psdd,p8_g4_l400,GreedyRecomputerMask7,3970,8086,2920,2,5166,2046.625000,39056,16373
msnbc.psdd,p8_g4_l400,GreedyRecomputerMask2,1750,8102,2920,2,5182,2046.625000,39056,16373
msnbc.psdd,p8_g4_l400,GreedyRecomputerMask4,1858,11676,9580,8,2096,2046.625000,39056,16373
msnbc.psdd,p8_g4_l400,GreedyBspHC,1129,11876,9780,8,2096,2046.625000,39056,16373
instance_CG_N15_K7_nzP0d25,p8_g4_l400,GreedyRecomputerMask0,98,19657,18996,45,661,18.216867,3116,1512
instance_CG_N15_K7_nzP0d25,p8_g4_l400,GreedyRecomputerMask1,108,19614,18940,45,674,18.216867,3116,1512
instance_CG_N15_K7_nzP0d25,p8_g4_l400,GreedyRecomputerMask3,161,2938,0,1,2938,18.216867,3116,1512
instance_CG_N15_K7_nzP0d25,p8_g4_l400,GreedyRecomputerMask7,203,2938,0,1,2938,18.216867,3116,1512
instance_CG_N15_K7_nzP0d25,p8_g4_l400,GreedyRecomputerMask2,157,2942,0,1,2942,18.216867,3116,1512
instance_CG_N15_K7_nzP0d25,p8_g4_l400,GreedyRecomputerMask4,222,19261,18588,44,673,18.216867,3116,1512
instance_CG_N15_K7_nzP0d25,p8_g4_l400,GreedyBspHC,82,20972,20312,48,660,18.216867,3116,1512
simple2.1.psdd,p8_g4_l400,GreedyRecomputerMask0,0,6,0,1,6,7.000000,5,7
simple2.1.psdd,p8_g4_l400,GreedyRecomputerMask1,0,6,0,1,6,7.000000,5,7
simple2.1.psdd,p8_g4_l400,GreedyRecomputerMask3,0,6,0,1,6,7.000000,5,7
simple2.1.psdd,p8_g4_l400,GreedyRecomputerMask7,0,6,0,1,6,7.000000,5,7
simple2.1.psdd,p8_g4_l400,GreedyRecomputerMask2,0,6,0,1,6,7.000000,5,7
simple2.1.psdd,p8_g4_l400,GreedyRecomputerMask4,0,6,0,1,6,7.000000,5,7
simple2.1.psdd,p8_g4_l400,GreedyBspHC,0,6,0,1,6,7.000000,5,7
Dubcova2,p8_g4_l400,GreedyRecomputerMask0,40173,185268,122164,248,63104,39.819351,482600,65025
Dubcova2,p8_g4_l400,GreedyRecomputerMask1,50061,178573,114480,245,64093,39.819351,482600,65025
Dubcova2,p8_g4_l400,GreedyRecomputerMask3,60025,135240,59028,103,76212,39.819351,482600,65025
Dubcova2,p8_g4_l400,GreedyRecomputerMask7,88878,135199,58972,103,76227,39.819351,482600,65025
Dubcova2,p8_g4_l400,GreedyRecomputerMask2,44429,139230,61436,99,77794,39.819351,482600,65025
Dubcova2,p8_g4_l400,GreedyRecomputerMask4,52263,182468,119344,241,63124,39.819351,482600,65025
Dubcova2,p8_g4_l400,GreedyBspHC,38025,195434,132360,281,63074,39.819351,482600,65025
instance_kNN_N30_K10_nzP0d15,p8_g4_l400,GreedyRecomputerMask0,149,7722,7232,17,490,79.250000,3519,1585
instance_kNN_N30_K10_nzP0d15,p8_g4_l400,GreedyRecomputerMask1,167,7178,6640,16,538,79.250000,3519,1585
instance_kNN_N30_K10_nzP0d15,p8_g4_l400,GreedyRecomputerMask3,217,3217,0,1,3217,79.250000,3519,1585
instance_kNN_N30_K10_nzP0d15,p8_g4_l400,GreedyRecomputerMask7,275,3217,0,1,3217,79.250000,3519,1585
instance_kNN_N30_K10_nzP0d15,p8_g4_l400,GreedyRecomputerMask2,212,3232,0,1,3232,79.250000,3519,1585
instance_kNN_N30_K10_nzP0d15,p8_g4_l400,GreedyRecomputerMask4,243,7722,7232,17,490,79.250000,3519,1585
instance_kNN_N30_K10_nzP0d15,p8_g4_l400,GreedyBspHC,127,7842,7352,17,490,79.250000,3519,1585
sts4098,p8_g4_l400,GreedyRecomputerMask0,739,38597,33416,77,5181,22.893855,34129,4098
sts4098,p8_g4_l400,GreedyRecomputerMask1,829,38023,32808,76,5215,22.893855,34129,4098
sts4098,p8_g4_l400,GreedyRecomputerMask3,1246,17687,6072,10,11615,22.893855,34129,4098
sts4098,p8_g4_l400,GreedyRecomputerMask7,2439,17633,6012,10,11621,22.893855,34129,4098
sts4098,p8_g4_l400,GreedyRecomputerMask2,1115,18056,5940,9,12116,22.893855,34129,4098
sts4098,p8_g4_l400,GreedyRecomputerMask4,1192,38193,33012,76,5181,22.893855,34129,4098
sts4098,p8_g4_l400,GreedyBspHC,624,39629,34452,81,5177,22.893855,34129,4098
instance_conjugate_gradient_gyro_m,p8_g4_l400,GreedyRecomputerMask0,4171,1692714,1640580,3983,52134,2.363321,70893,47023
instance_conjugate_gradient_gyro_m,p8_g4_l400,GreedyRecomputerMask1,5885,1692307,1640172,3982,52135,2.363321,70893,47023
instance_conjugate_gradient_gyro_m,p8_g4_l400,GreedyRecomputerMask3,27848,83981,0,1,83981,2.363321,70893,47023
instance_conjugate_gradient_gyro_m,p8_g4_l400,GreedyRecomputerMask7,32723,83981,0,1,83981,2.363321,70893,47023
instance_conjugate_gradient_gyro_m,p8_g4_l400,GreedyRecomputerMask2,27169,83981,0,1,83981,2.363321,70893,47023
instance_conjugate_gradient_gyro_m,p8_g4_l400,GreedyRecomputerMask4,8999,1086964,1031844,2491,55120,2.363321,70893,47023
instance_conjugate_gradient_gyro_m,p8_g4_l400,GreedyBspHC,3667,1692714,1640580,3984,52134,2.363321,70893,47023
instance_kNN_N30_K12_nzP0d15,p8_g4_l400,GreedyRecomputerMask0,177,9164,8548,20,616,81.291667,4437,1951
instance_kNN_N30_K12_nzP0d15,p8_g4_l400,GreedyRecomputerMask1,196,8612,7960,19,652,81.291667,4437,1951
instance_kNN_N30_K12_nzP0d15,p8_g4_l400,GreedyRecomputerMask3,262,4077,0,1,4077,81.291667,4437,1951
instance_kNN_N30_K12_nzP0d15,p8_g4_l400,GreedyRecomputerMask7,332,4077,0,1,4077,81.291667,4437,1951
instance_kNN_N30_K12_nzP0d15,p8_g4_l400,GreedyRecomputerMask2,254,4098,0,1,4098,81.291667,4437,1951
instance_kNN_N30_K12_nzP0d15,p8_g4_l400,GreedyRecomputerMask4,226,9164,8548,20,616,81.291667,4437,1951
instance_kNN_N30_K12_nzP0d15,p8_g4_l400,GreedyBspHC,148,9376,8760,20,616,81.291667,4437,1951
bcsstk13,p8_g4_l400,GreedyRecomputerMask0,3902,99121,81076,193,18045,3.477431,40940,2003
bcsstk13,p8_g4_l400,GreedyRecomputerMask1,3978,98229,80168,191,18061,3.477431,40940,2003
bcsstk13,p8_g4_l400,GreedyRecomputerMask3,4960,38661,5988,9,32673,3.477431,40940,2003
bcsstk13,p8_g4_l400,GreedyRecomputerMask7,6056,39088,6764,12,32324,3.477431,40940,2003
bcsstk13,p8_g4_l400,GreedyRecomputerMask2,4742,38921,6204,9,32717,3.477431,40940,2003
bcsstk13,p8_g4_l400,GreedyRecomputerMask4,4608,98809,80764,192,18045,3.477431,40940,2003
bcsstk13,p8_g4_l400,GreedyBspHC,3769,103755,85640,237,18115,3.477431,40940,2003
pumsb_star.psdd,p8_g4_l400,GreedyRecomputerMask0,2627,21687,16620,16,5067,1429.785714,110115,40034
pumsb_star.psdd,p8_g4_l400,GreedyRecomputerMask1,4349,20619,15204,16,5415,1429.785714,110115,40034
pumsb_star.psdd,p8_g4_l400,GreedyRecomputerMask3,6779,18303,10584,10,7719,1429.785714,110115,40034
pumsb_star.psdd,p8_g4_l400,GreedyRecomputerMask7,11278,18303,10584,10,7719,1429.785714,110115,40034
pumsb_star.psdd,p8_g4_l400,GreedyRecomputerMask2,4174,19122,11476,10,7646,1429.785714,110115,40034
pumsb_star.psdd,p8_g4_l400,GreedyRecomputerMask4,4062,21687,16620,16,5067,1429.785714,110115,40034
pumsb_star.psdd,p8_g4_l400,GreedyBspHC,2056,23231,18164,16,5067,1429.785714,110115,40034
m_t1,p8_g4_l400,GreedyRecomputerMask0,30349,826312,163536,239,662776,22.878781,4827996,97578
m_t1,p8_g4_l400,GreedyRecomputerMask1,36006,826066,163272,239,662794,22.878781,4827996,97578
m_t1,p8_g4_l400,GreedyRecomputerMask3,60490,813037,141368,176,671669,22.878781,4827996,97578
m_t1,p8_g4_l400,GreedyRecomputerMask7,174508,812756,141128,176,671628,22.878781,4827996,97578
m_t1,p8_g4_l400,GreedyRecomputerMask2,58608,812841,140908,174,671933,22.878781,4827996,97578
m_t1,p8_g4_l400,GreedyRecomputerMask4,89175,826312,163536,239,662776,22.878781,4827996,97578
m_t1,p8_g4_l400,GreedyBspHC,18941,856597,193692,256,662905,22.878781,4827996,97578
dna-500.psdd,p8_g4_l400,GreedyRecomputerMask0,5764,40048,18204,26,21844,2098.012048,552352,174135
dna-500.psdd,p8_g4_l400,GreedyRecomputerMask1,7885,39268,17212,26,22056,2098.012048,552352,174135
dna-500.psdd,p8_g4_l400,GreedyRecomputerMask3,13519,35817,12488,13,23329,2098.012048,552352,174135
dna-500.psdd,p8_g4_l400,GreedyRecomputerMask7,30296,35817,12488,13,23329,2098.012048,552352,174135
dna-500.psdd,p8_g4_l400,GreedyRecomputerMask2,12012,36506,12564,12,23942,2098.012048,552352,174135
dna-500.psdd,p8_g4_l400,GreedyRecomputerMask4,17199,40048,18204,26,21844,2098.012048,552352,174135
dna-500.psdd,p8_g4_l400,GreedyBspHC,3521,41091,19248,26,21843,2098.012048,552352,174135
instance_exp_N40_K5_nzP0d15,p8_g4_l400,GreedyRecomputerMask0,117,4945,4452,10,493,163.200000,3480,1632
instance_exp_N40_K5_nzP0d15,p8_g4_l400,GreedyRecomputerMask1,154,4736,4184,10,552,163.200000,3480,1632
instance_exp_N40_K5_nzP0d15,p8_g4_l400,GreedyRecomputerMask3,283,2906,1512,3,1394,163.200000,3480,1632
instance_exp_N40_K5_nzP0d15,p8_g4_l400,GreedyRecomputerMask7,454,2906,1512,3,1394,163.200000,3480,1632
instance_exp_N40_K5_nzP0d15,p8_g4_l400,GreedyRecomputerMask2,214,3052,1664,3,1388,163.200000,3480,1632
instance_exp_N40_K5_nzP0d15,p8_g4_l400,GreedyRecomputerMask4,161,4945,4452,10,493,163.200000,3480,1632
instance_exp_N40_K5_nzP0d15,p8_g4_l400,GreedyBspHC,94,5037,4544,10,493,163.200000,3480,1632
nltcs.10split.psdd,p8_g4_l400,GreedyRecomputerMask0,13,2514,2492,7,22,14.875000,192,119
nltcs.10split.psdd,p8_g4_l400,GreedyRecomputerMask1,14,2082,2052,6,30,14.875000,192,119
nltcs.10split.psdd,p8_g4_l400,GreedyRecomputerMask3,16,110,0,1,110,14.875000,192,119
nltcs.10split.psdd,p8_g4_l400,GreedyRecomputerMask7,23,110,0,1,110,14.875000,192,119
nltcs.10split.psdd,p8_g4_l400,GreedyRecomputerMask2,15,110,0,1,110,14.875000,192,119
nltcs.10split.psdd,p8_g4_l400,GreedyRecomputerMask4,15,2514,2492,7,22,14.875000,192,119
nltcs.10split.psdd,p8_g4_l400,GreedyBspHC,11,2522,2500,7,22,14.875000,192,119
nasa4704,p8_g4_l400,GreedyRecomputerMask0,801,66086,58076,135,8010,14.254545,50026,4704
nasa4704,p8_g4_l400,GreedyRecomputerMask1,892,66032,58004,135,8028,14.254545,50026,4704
nasa4704,p8_g4_l400,GreedyRecomputerMask3,1767,37113,12128,16,24985,14.254545,50026,4704
nasa4704,p8_g4_l400,GreedyRecomputerMask7,5468,36873,11868,16,25005,14.254545,50026,4704
nasa4704,p8_g4_l400,GreedyRecomputerMask2,1545,37370,11892,15,25478,14.254545,50026,4704
nasa4704,p8_g4_l400,GreedyRecomputerMask4,1801,65748,57708,134,8040,14.254545,50026,4704
nasa4704,p8_g4_l400,GreedyBspHC,642,67979,59968,140,8011,14.254545,50026,4704
thermal1,p8_g4_l400,GreedyRecomputerMask0,5604,81914,50704,88,31210,85.210309,245902,82654
thermal1,p8_g4_l400,GreedyRecomputerMask1,22771,73925,42244,88,31681,85.210309,245902,82654
thermal1,p8_g4_l400,GreedyRecomputerMask3,27901,52410,13460,19,38950,85.210309,245902,82654
thermal1,p8_g4_l400,GreedyRecomputerMask7,40820,52412,13476,19,38936,85.210309,245902,82654
thermal1,p8_g4_l400,GreedyRecomputerMask2,8769,61014,22340,19,38674,85.210309,245902,82654
thermal1,p8_g4_l400,GreedyRecomputerMask4,12284,81514,50304,87,31210,85.210309,245902,82654
thermal1,p8_g4_l400,GreedyBspHC,4573,84060,52852,89,31208,85.210309,245902,82654
cfd1,p8_g4_l400,GreedyRecomputerMask0,37727,996700,857896,1968,138804,16.283936,878854,70656
cfd1,p8_g4_l400,GreedyRecomputerMask1,38883,996481,857648,1968,138833,16.283936,878854,70656
cfd1,p8_g4_l400,GreedyRecomputerMask3,59404,510911,231832,326,279079,16.283936,878854,70656
cfd1,p8_g4_l400,GreedyRecomputerMask7,120060,505876,226028,326,279848,16.283936,878854,70656
cfd1,p8_g4_l400,GreedyRecomputerMask2,55708,513172,232824,322,280348,16.283936,878854,70656
cfd1,p8_g4_l400,GreedyRecomputerMask4,50154,996700,857896,1968,138804,16.283936,878854,70656
cfd1,p8_g4_l400,GreedyBspHC,34254,1040344,901532,1983,138812,16.283936,878854,70656
instance_CG_N45_K13_nzP0d15,p8_g4_l400,GreedyRecomputerMask0,1268,44865,40852,86,4013,63.135484,22088,9786
instance_CG_N45_K13_nzP0d15,p8_g4_l400,GreedyRecomputerMask1,1354,44624,40540,86,4084,63.135484,22088,9786
instance_CG_N45_K13_nzP0d15,p8_g4_l400,GreedyRecomputerMask3,3112,19408,9716,15,9692,63.135484,22088,9786
instance_CG_N45_K13_nzP0d15,p8_g4_l400,GreedyRecomputerMask7,4296,19404,9592,15,9812,63.135484,22088,9786
instance_CG_N45_K13_nzP0d15,p8_g4_l400,GreedyRecomputerMask2,2187,20972,11688,15,9284,63.135484,22088,9786
instance_CG_N45_K13_nzP0d15,p8_g4_l400,GreedyRecomputerMask4,2161,44106,40048,84,4058,63.135484,22088,9786
instance_CG_N45_K13_nzP0d15,p8_g4_l400,GreedyBspHC,1140,46357,42352,90,4005,63.135484,22088,9786
instance_kNN_N30_K8_nzP0d15,p8_g4_l400,GreedyRecomputerMask0,102,5390,5028,12,362,76.187500,2601,1219
instance_kNN_N30_K8_nzP0d15,p8_g4_l400,GreedyRecomputerMask1,115,4863,4460,11,403,76.187500,2601,1219
instance_kNN_N30_K8_nzP0d15,p8_g4_l400,GreedyRecomputerMask3,152,2302,0,1,2302,76.187500,2601,1219
instance_kNN_N30_K8_nzP0d15,p8_g4_l400,GreedyRecomputerMask7,204,2302,0,1,2302,76.187500,2601,1219
instance_kNN_N30_K8_nzP0d15,p8_g4_l400,GreedyRecomputerMask2,146,2307,0,1,2307,76.187500,2601,1219
instance_kNN_N30_K8_nzP0d15,p8_g4_l400,GreedyRecomputerMask4,173,5390,5028,12,362,76.187500,2601,1219
instance_kNN_N30_K8_nzP0d15,p8_g4_l400,GreedyBspHC,86,5470,5108,12,362,76.187500,2601,1219
instance_spmv_N70_nzP0d19,p8_g4_l400,GreedyRecomputerMask0,142,1851,1392,3,459,960.000000,2670,1920
instance_spmv_N70_nzP0d19,p8_g4_l400,GreedyRecomputerMask1,171,1720,1216,3,504,960.000000,2670,1920
instance_spmv_N70_nzP0d19,p8_g4_l400,GreedyRecomputerMask3,193,802,0,1,802,960.000000,2670,1920
instance_spmv_N70_nzP0d19,p8_g4_l400,GreedyRecomputerMask7,296,802,0,1,802,960.000000,2670,1920
instance_spmv_N70_nzP0d19,p8_g4_l400,GreedyRecomputerMask2,171,802,0,1,802,960.000000,2670,1920
instance_spmv_N70_nzP0d19,p8_g4_l400,GreedyRecomputerMask4,250,1851,1392,3,459,960.000000,2670,1920
instance_spmv_N70_nzP0d19,p8_g4_l400,GreedyBspHC,123,1855,1396,3,459,960.000000,2670,1920
nasa1824,p8_g4_l400,GreedyRecomputerMask0,388,35677,32348,77,3329,9.859459,18692,1824
nasa1824,p8_g4_l400,GreedyRecomputerMask1,410,35672,32344,77,3328,9.859459,18692,1824
nasa1824,p8_g4_l400,GreedyRecomputerMask3,774,16158,2476,4,13682,9.859459,18692,1824
nasa1824,p8_g4_l400,GreedyRecomputerMask7,1692,16084,2392,4,13692,9.859459,18692,1824
nasa1824,p8_g4_l400,GreedyRecomputerMask2,705,16246,2564,4,13682,9.859459,18692,1824
nasa1824,p8_g4_l400,GreedyRecomputerMask4,629,35665,32336,77,3329,9.859459,18692,1824
nasa1824,p8_g4_l400,GreedyBspHC,334,37403,34060,87,3343,9.859459,18692,1824
kdd.psdd,p8_g4_l400,GreedyRecomputerMask0,2229,16558,12472,11,4086,1601.050000,79972,32021
kdd.psdd,p8_g4_l400,GreedyRecomputerMask1,3315,15889,11616,11,4273,1601.050000,79972,32021
kdd.psdd,p8_g4_l400,GreedyRecomputerMask3,4593,13614,7216,6,6398,1601.050000,79972,32021
kdd.psdd,p8_g4_l400,GreedyRecomputerMask7,7939,13614,7216,6,6398,1601.050000,79972,32021
kdd.psdd,p8_g4_l400,GreedyRecomputerMask2,3404,13889,7456,6,6433,1601.050000,79972,32021
kdd.psdd,p8_g4_l400,GreedyRecomputerMask4,4521,16558,12472,11,4086,1601.050000,79972,32021
kdd.psdd,p8_g4_l400,GreedyBspHC,1826,17316,13232,11,4084,1601.050000,79972,32021
thermomech_TC,p8_g4_l400,GreedyRecomputerMask0,10561,76827,38692,10,38135,318.249221,304700,102158
thermomech_TC,p8_g4_l400,GreedyRecomputerMask1,277011,58161,17068,10,41093,318.249221,304700,102158
thermomech_TC,p8_g4_l400,GreedyRecomputerMask3,283757,54394,12120,3,42274,318.249221,304700,102158
thermomech_TC,p8_g4_l400,GreedyRecomputerMask7,303707,54401,12176,3,42225,318.249221,304700,102158
thermomech_TC,p8_g4_l400,GreedyRecomputerMask2,14879,57794,3076,2,54718,318.249221,304700,102158
thermomech_TC,p8_g4_l400,GreedyRecomputerMask4,21246,76827,38692,10,38135,318.249221,304700,102158
thermomech_TC,p8_g4_l400,GreedyBspHC,8702,77177,39044,10,38133,318.249221,304700,102158
instance_spmv_N120_nzP0d18,p8_g4_l400,GreedyRecomputerMask0,382,3584,2292,3,1292,2663.000000,7629,5326
instance_spmv_N120_nzP0d18,p8_g4_l400,GreedyRecomputerMask1,486,3324,1944,3,1380,2663.000000,7629,5326
instance_spmv_N120_nzP0d18,p8_g4_l400,GreedyRecomputerMask3,552,2218,0,1,2218,2663.000000,7629,5326
instance_spmv_N120_nzP0d18,p8_g4_l400,GreedyRecomputerMask7,858,2218,0,1,2218,2663.000000,7629,5326
instance_spmv_N120_nzP0d18,p8_g4_l400,GreedyRecomputerMask2,464,2218,0,1,2218,2663.000000,7629,5326
instance_spmv_N120_nzP0d18,p8_g4_l400,GreedyRecomputerMask4,529,3584,2292,3,1292,2663.000000,7629,5326
instance_spmv_N120_nzP0d18,p8_g4_l400,GreedyBspHC,328,3592,2300,3,1292,2663.000000,7629,5326
raefsky4,p8_g4_l400,GreedyRecomputerMask0,2635,141613,55596,101,86017,54.040984,654416,19779
raefsky4,p8_g4_l400,GreedyRecomputerMask1,3535,141441,55416,101,86025,54.040984,654416,19779
raefsky4,p8_g4_l400,GreedyRecomputerMask3,5544,137169,47856,81,89313,54.040984,654416,19779
raefsky4,p8_g4_l400,GreedyRecomputerMask7,16863,137140,47824,81,89316,54.040984,654416,19779
raefsky4,p8_g4_l400,GreedyRecomputerMask2,5332,137341,48036,81,89305,54.040984,654416,19779
raefsky4,p8_g4_l400,GreedyRecomputerMask4,10440,140893,54456,98,86437,54.040984,654416,19779
raefsky4,p8_g4_l400,GreedyBspHC,1088,148429,62412,102,86017,54.040984,654416,19779
instance_exp_N60_K17_nzP0d13,p8_g4_l400,GreedyRecomputerMask0,668,17438,14464,26,2974,268.382353,22821,9125
instance_exp_N60_K17_nzP0d13,p8_g4_l400,GreedyRecomputerMask1,952,16657,13436,26,3221,268.382353,22821,9125
instance_exp_N60_K17_nzP0d13,p8_g4_l400,GreedyRecomputerMask3,1499,14726,11072,19,3654,268.382353,22821,9125
instance_exp_N60_K17_nzP0d13,p8_g4_l400,GreedyRecomputerMask7,2637,14726,11072,19,3654,268.382353,22821,9125
instance_exp_N60_K17_nzP0d13,p8_g4_l400,GreedyRecomputerMask2,1261,15432,11904,19,3528,268.382353,22821,9125
instance_exp_N60_K17_nzP0d13,p8_g4_l400,GreedyRecomputerMask4,943,17438,14464,26,2974,268.382353,22821,9125
instance_exp_N60_K17_nzP0d13,p8_g4_l400,GreedyBspHC,535,17882,14908,26,2974,268.382353,22821,9125
instance_spmv_N65_nzP0d18,p8_g4_l400,GreedyRecomputerMask0,113,1693,1312,3,381,802.000000,2211,1604
instance_spmv_N65_nzP0d18,p8_g4_l400,GreedyRecomputerMask1,123,1682,1300,3,382,802.000000,2211,1604
instance_spmv_N65_nzP0d18,p8_g4_l400,GreedyRecomputerMask3,140,669,0,1,669,802.000000,2211,1604
instance_spmv_N65_nzP0d18,p8_g4_l400,GreedyRecomputerMask7,228,669,0,1,669,802.000000,2211,1604
instance_spmv_N65_nzP0d18,p8_g4_l400,GreedyRecomputerMask2,139,669,0,1,669,802.000000,2211,1604
instance_spmv_N65_nzP0d18,p8_g4_l400,GreedyRecomputerMask4,157,1693,1312,3,381,802.000000,2211,1604
instance_spmv_N65_nzP0d18,p8_g4_l400,GreedyBspHC,98,1701,1320,3,381,802.000000,2211,1604
instance_CG_N40_K10_nzP0d2,p8_g4_l400,GreedyRecomputerMask0,764,33622,30652,65,2970,61.638655,16632,7335
instance_CG_N40_K10_nzP0d2,p8_g4_l400,GreedyRecomputerMask1,875,33398,30356,65,3042,61.638655,16632,7335
instance_CG_N40_K10_nzP0d2,p8_g4_l400,GreedyRecomputerMask3,1885,14433,7188,12,7245,61.638655,16632,7335
instance_CG_N40_K10_nzP0d2,p8_g4_l400,GreedyRecomputerMask7,2581,14433,7188,12,7245,61.638655,16632,7335
instance_CG_N40_K10_nzP0d2,p8_g4_l400,GreedyRecomputerMask2,1257,15679,8720,12,6959,61.638655,16632,7335
instance_CG_N40_K10_nzP0d2,p8_g4_l400,GreedyRecomputerMask4,1911,33364,30332,64,3032,61.638655,16632,7335
instance_CG_N40_K10_nzP0d2,p8_g4_l400,GreedyBspHC,661,34196,31228,69,2968,61.638655,16632,7335
baudio.psdd,p8_g4_l400,GreedyRecomputerMask0,1898,18006,13632,15,4374,1329.500000,94229,34567
baudio.psdd,p8_g4_l400,GreedyRecomputerMask1,3110,16838,12220,14,4618,1329.500000,94229,34567
baudio.psdd,p8_g4_l400,GreedyRecomputerMask3,4525,14977,8472,8,6505,1329.500000,94229,34567
baudio.psdd,p8_g4_l400,GreedyRecomputerMask7,8233,14974,8472,8,6502,1329.500000,94229,34567
baudio.psdd,p8_g4_l400,GreedyRecomputerMask2,3177,15178,8680,8,6498,1329.500000,94229,34567
baudio.psdd,p8_g4_l400,GreedyRecomputerMask4,4356,18006,13632,15,4374,1329.500000,94229,34567
baudio.psdd,p8_g4_l400,GreedyBspHC,1426,19034,14660,15,4374,1329.500000,94229,34567
instance_exp_N100_K40_nzP0d2,p8_g4_l400,GreedyRecomputerMask0,5874,91656,62108,60,29548,1042.425000,232080,83394
instance_exp_N100_K40_nzP0d2,p8_g4_l400,GreedyRecomputerMask1,11661,87477,56540,60,30937,1042.425000,232080,83394
instance_exp_N100_K40_nzP0d2,p8_g4_l400,GreedyRecomputerMask3,15137,86399,54980,58,31419,1042.425000,232080,83394
instance_exp_N100_K40_nzP0d2,p8_g4_l400,GreedyRecomputerMask7,23815,86399,54980,58,31419,1042.425000,232080,83394
instance_exp_N100_K40_nzP0d2,p8_g4_l400,GreedyRecomputerMask2,10670,89285,58776,58,30509,1042.425000,232080,83394
instance_exp_N100_K40_nzP0d2,p8_g4_l400,GreedyRecomputerMask4,12410,91656,62108,60,29548,1042.425000,232080,83394
instance_exp_N100_K40_nzP0d2,p8_g4_l400,GreedyBspHC,4393,93864,64332,60,29532,1042.425000,232080,83394
ad.psdd,p8_g4_l400,GreedyRecomputerMask0,1948,17460,14624,22,2836,464.104167,47345,22277
ad.psdd,p8_g4_l400,GreedyRecomputerMask1,4468,15328,11936,21,3392,464.104167,47345,22277
ad.psdd,p8_g4_l400,GreedyRecomputerMask3,5243,9183,3508,6,5675,464.104167,47345,22277
ad.psdd,p8_g4_l400,GreedyRecomputerMask7,7723,9177,3500,6,5677,464.104167,47345,22277
ad.psdd,p8_g4_l400,GreedyRecomputerMask2,2693,9585,3880,6,5705,464.104167,47345,22277
ad.psdd,p8_g4_l400,GreedyRecomputerMask4,3597,17072,14232,21,2840,464.104167,47345,22277
ad.psdd,p8_g4_l400,GreedyBspHC,1664,18188,15352,22,2836,464.104167,47345,22277
1138_bus,p8_g4_l400,GreedyRecomputerMask0,54,3258,3060,8,198,56.900000,1458,1138
1138_bus,p8_g4_l400,GreedyRecomputerMask1,61,3169,2968,8,201,56.900000,1458,1138
1138_bus,p8_g4_l400,GreedyRecomputerMask3,73,339,0,1,339,56.900000,1458,1138
1138_bus,p8_g4_l400,GreedyRecomputerMask7,128,339,0,1,339,56.900000,1458,1138
1138_bus,p8_g4_l400,GreedyRecomputerMask2,68,339,0,1,339,56.900000,1458,1138
1138_bus,p8_g4_l400,GreedyRecomputerMask4,76,3258,3060,8,198,56.900000,1458,1138
1138_bus,p8_g4_l400,GreedyBspHC,43,3274,3076,8,198,56.900000,1458,1138
instance_exp_N90_K7_nzP0d14,p8_g4_l400,GreedyRecomputerMask0,841,13043,9920,12,3123,688.000000,23394,9632
instance_exp_N90_K7_nzP0d14,p8_g4_l400,GreedyRecomputerMask1,1812,11652,8084,12,3568,688.000000,23394,9632
instance_exp_N90_K7_nzP0d14,p8_g4_l400,GreedyRecomputerMask3,2168,10354,6448,9,3906,688.000000,23394,9632
instance_exp_N90_K7_nzP0d14,p8_g4_l400,GreedyRecomputerMask7,3135,10354,6448,9,3906,688.000000,23394,9632
instance_exp_N90_K7_nzP0d14,p8_g4_l400,GreedyRecomputerMask2,1318,11192,7516,9,3676,688.000000,23394,9632
instance_exp_N90_K7_nzP0d14,p8_g4_l400,GreedyRecomputerMask4,1566,13043,9920,12,3123,688.000000,23394,9632
instance_exp_N90_K7_nzP0d14,p8_g4_l400,GreedyBspHC,689,13323,10200,12,3123,688.000000,23394,9632
bbc.psdd,p8_g4_l400,GreedyRecomputerMask0,1867,16975,13660,17,3315,591.431818,54018,26023
bbc.psdd,p8_g4_l400,GreedyRecomputerMask1,5023,14949,10956,17,3993,591.431818,54018,26023
bbc.psdd,p8_g4_l400,GreedyRecomputerMask3,6082,11653,6208,7,5445,591.431818,54018,26023
bbc.psdd,p8_g4_l400,GreedyRecomputerMask7,8876,11652,6208,7,5444,591.431818,54018,26023
bbc.psdd,p8_g4_l400,GreedyRecomputerMask2,2828,12188,5464,6,6724,591.431818,54018,26023
bbc.psdd,p8_g4_l400,GreedyRecomputerMask4,3727,16975,13660,17,3315,591.431818,54018,26023
bbc.psdd,p8_g4_l400,GreedyBspHC,1546,17320,14024,17,3296,591.431818,54018,26023
Dubcova1,p8_g4_l400,GreedyRecomputerMask0,7398,93486,76920,174,16566,22.878014,118440,16129
Dubcova1,p8_g4_l400,GreedyRecomputerMask1,8249,92112,75408,174,16704,22.878014,118440,16129
Dubcova1,p8_g4_l400,GreedyRecomputerMask3,11969,49582,17864,27,31718,22.878014,118440,16129
Dubcova1,p8_g4_l400,GreedyRecomputerMask7,16808,49559,17852,27,31707,22.878014,118440,16129
Dubcova1,p8_g4_l400,GreedyRecomputerMask2,8747,52387,21204,28,31183,22.878014,118440,16129
Dubcova1,p8_g4_l400,GreedyRecomputerMask4,11076,91873,75316,170,16557,22.878014,118440,16129
Dubcova1,p8_g4_l400,GreedyBspHC,6887,97552,81000,193,16552,22.878014,118440,16129
instance_spmv_N130_nzP0d22,p8_g4_l400,GreedyRecomputerMask0,539,4652,2820,3,1832,3741.000000,10833,7482
instance_spmv_N130_nzP0d22,p8_g4_l400,GreedyRecomputerMask1,691,4361,2432,3,1929,3741.000000,10833,7482
instance_spmv_N130_nzP0d22,p8_g4_l400,GreedyRecomputerMask3,770,3123,0,1,3123,3741.000000,10833,7482
instance_spmv_N130_nzP0d22,p8_g4_l400,GreedyRecomputerMask7,1227,3123,0,1,3123,3741.000000,10833,7482
instance_spmv_N130_nzP0d22,p8_g4_l400,GreedyRecomputerMask2,655,3123,0,1,3123,3741.000000,10833,7482
instance_spmv_N130_nzP0d22,p8_g4_l400,GreedyRecomputerMask4,997,4652,2820,3,1832,3741.000000,10833,7482
instance_spmv_N130_nzP0d22,p8_g4_l400,GreedyBspHC,459,4672,2840,3,1832,3741.000000,10833,7482
Andrews,p8_g4_l400,GreedyRecomputerMask0,8633,95921,51912,13,44009,1304.347826,350077,60000
Andrews,p8_g4_l400,GreedyRecomputerMask1,110763,84485,37228,13,47257,1304.347826,350077,60000
Andrews,p8_g4_l400,GreedyRecomputerMask3,122256,82409,34264,9,48145,1304.347826,350077,60000
Andrews,p8_g4_l400,GreedyRecomputerMask7,136469,82450,34356,9,48094,1304.347826,350077,60000
Andrews,p8_g4_l400,GreedyRecomputerMask2,13622,87118,36160,8,50958,1304.347826,350077,60000
Andrews,p8_g4_l400,GreedyRecomputerMask4,17610,95921,51912,13,44009,1304.347826,350077,60000
Andrews,p8_g4_l400,GreedyBspHC,6459,96501,52492,14,44009,1304.347826,350077,60000
msnbc-yitao-c.psdd,p8_g4_l400,GreedyRecomputerMask0,531,4477,3848,5,629,997.800000,7164,4989
msnbc-yitao-c.psdd,p8_g4_l400,GreedyRecomputerMask1,896,3820,2972,5,848,997.800000,7164,4989
msnbc-yitao-c.psdd,p8_g4_l400,GreedyRecomputerMask3,968,2743,988,2,1755,997.800000,7164,4989
msnbc-yitao-c.psdd,p8_g4_l400,GreedyRecomputerMask7,1311,2743,988,2,1755,997.800000,7164,4989
msnbc-yitao-c.psdd,p8_g4_l400,GreedyRecomputerMask2,623,2743,988,2,1755,997.800000,7164,4989
msnbc-yitao-c.psdd,p8_g4_l400,GreedyRecomputerMask4,845,4477,3848,5,629,997.800000,7164,4989
msnbc-yitao-c.psdd,p8_g4_l400,GreedyBspHC,476,4497,3868,5,629,997.800000,7164,4989
bcsstk26,p8_g4_l400,GreedyRecomputerMask0,208,17395,14648,35,2747,11.791411,14207,1922
bcsstk26,p8_g4_l400,GreedyRecomputerMask1,252,17359,14616,35,2743,11.791411,14207,1922
bcsstk26,p8_g4_l400,GreedyRecomputerMask3,451,7794,2636,5,5158,11.791411,14207,1922
bcsstk26,p8_g4_l400,GreedyRecomputerMask7,957,7806,2648,5,5158,11.791411,14207,1922
bcsstk26,p8_g4_l400,GreedyRecomputerMask2,403,7927,2784,5,5143,11.791411,14207,1922
bcsstk26,p8_g4_l400,GreedyRecomputerMask4,504,15614,12676,30,2938,11.791411,14207,1922
bcsstk26,p8_g4_l400,GreedyBspHC,177,18024,15300,41,2724,11.791411,14207,1922
instance_CG_N120_K35_nzP0d11,p8_g4_l400,GreedyRecomputerMask0,9464,189904,151512,239,38392,230.751790,241842,96685
instance_CG_N120_K35_nzP0d11,p8_g4_l400,GreedyRecomputerMask1,12427,188048,148972,239,39076,230.751790,241842,96685
instance_CG_N120_K35_nzP0d11,p8_g4_l400,GreedyRecomputerMask3,26779,152918,109128,118,43790,230.751790,241842,96685
instance_CG_N120_K35_nzP0d11,p8_g4_l400,GreedyRecomputerMask7,42591,153059,109708,122,43351,230.751790,241842,96685
instance_CG_N120_K35_nzP0d11,p8_g4_l400,GreedyRecomputerMask2,18796,156217,113116,119,43101,230.751790,241842,96685
instance_CG_N120_K35_nzP0d11,p8_g4_l400,GreedyRecomputerMask4,16268,189900,151508,239,38392,230.751790,241842,96685
instance_CG_N120_K35_nzP0d11,p8_g4_l400,GreedyBspHC,8024,197714,159324,245,38390,230.751790,241842,96685
nasa2910,p8_g4_l400,GreedyRecomputerMask0,8939,91696,66420,153,25276,6.100629,85693,2910
nasa2910,p8_g4_l400,GreedyRecomputerMask1,9110,90668,65344,151,25324,6.100629,85693,2910
nasa2910,p8_g4_l400,GreedyRecomputerMask3,10332,51751,16180,28,35571,6.100629,85693,2910
nasa2910,p8_g4_l400,GreedyRecomputerMask7,15311,51774,16508,29,35266,6.100629,85693,2910
nasa2910,p8_g4_l400,GreedyRecomputerMask2,9814,51452,17584,30,33868,6.100629,85693,2910
nasa2910,p8_g4_l400,GreedyRecomputerMask4,9851,91696,66420,153,25276,6.100629,85693,2910
nasa2910,p8_g4_l400,GreedyBspHC,8708,94856,69500,209,25356,6.100629,85693,2910
gyro_m,p8_g4_l400,GreedyRecomputerMask0,3804,118764,96040,222,22724,18.647691,161535,17361
gyro_m,p8_g4_l400,GreedyRecomputerMask1,3980,118672,95900,222,22772,18.647691,161535,17361
gyro_m,p8_g4_l400,GreedyRecomputerMask3,5946,64952,21888,35,43064,18.647691,161535,17361
gyro_m,p8_g4_l400,GreedyRecomputerMask7,11030,64860,21776,35,43084,18.647691,161535,17361
gyro_m,p8_g4_l400,GreedyRecomputerMask2,5746,65225,22240,35,42985,18.647691,161535,17361
gyro_m,p8_g4_l400,GreedyRecomputerMask4,7030,118357,95600,221,22757,18.647691,161535,17361
gyro_m,p8_g4_l400,GreedyBspHC,3426,121912,99180,236,22732,18.647691,161535,17361
instance_kNN_N55_K14_nzP0d15,p8_g4_l1,GreedyRecomputerMask0,842,5841,3562,23,2279,247.892857,17244,6941
instance_kNN_N55_K14_nzP0d15,p8_g4_l1,GreedyRecomputerMask1,1085,5195,2742,23,2453,247.892857,17244,6941
instance_kNN_N55_K14_nzP0d15,p8_g4_l1,GreedyRecomputerMask3,1264,5158,2688,21,2470,247.892857,17244,6941
instance_kNN_N55_K14_nzP0d15,p8_g4_l1,GreedyRecomputerMask7,1916,5158,2688,21,2470,247.892857,17244,6941
instance_kNN_N55_K14_nzP0d15,p8_g4_l1,GreedyRecomputerMask2,1136,5735,3351,20,2384,247.892857,17244,6941
instance_kNN_N55_K14_nzP0d15,p8_g4_l1,GreedyRecomputerMask4,1314,5841,3562,23,2279,247.892857,17244,6941
instance_kNN_N55_K14_nzP0d15,p8_g4_l1,GreedyBspHC,738,6261,3982,23,2279,247.892857,17244,6941
instance_exp_N30_K8_nzP0d15,p8_g4_l1,GreedyRecomputerMask0,115,1173,749,14,424,87.187500,3024,1395
instance_exp_N30_K8_nzP0d15,p8_g4_l1,GreedyRecomputerMask1,134,1001,529,14,472,87.187500,3024,1395
instance_exp_N30_K8_nzP0d15,p8_g4_l1,GreedyRecomputerMask3,155,1001,529,14,472,87.187500,3024,1395
instance_exp_N30_K8_nzP0d15,p8_g4_l1,GreedyRecomputerMask7,231,1001,529,14,472,87.187500,3024,1395
instance_exp_N30_K8_nzP0d15,p8_g4_l1,GreedyRecomputerMask2,147,1095,603,12,492,87.187500,3024,1395
instance_exp_N30_K8_nzP0d15,p8_g4_l1,GreedyRecomputerMask4,197,1173,749,14,424,87.187500,3024,1395
instance_exp_N30_K8_nzP0d15,p8_g4_l1,GreedyBspHC,97,1253,829,14,424,87.187500,3024,1395
instance_kNN_N100_K50_nzP0d1,p8_g4_l1,GreedyRecomputerMask0,4781,43137,23787,72,19350,565.210000,151731,56521
instance_kNN_N100_K50_nzP0d1,p8_g4_l1,GreedyRecomputerMask1,6645,41156,21239,72,19917,565.210000,151731,56521
instance_kNN_N100_K50_nzP0d1,p8_g4_l1,GreedyRecomputerMask3,8791,41156,21239,72,19917,565.210000,151731,56521
instance_kNN_N100_K50_nzP0d1,p8_g4_l1,GreedyRecomputerMask7,14508,41156,21239,72,19917,565.210000,151731,56521
instance_kNN_N100_K50_nzP0d1,p8_g4_l1,GreedyRecomputerMask2,7636,42776,22772,69,20004,565.210000,151731,56521
instance_kNN_N100_K50_nzP0d1,p8_g4_l1,GreedyRecomputerMask4,8858,43137,23787,72,19350,565.210000,151731,56521
instance_kNN_N100_K50_nzP0d1,p8_g4_l1,GreedyBspHC,3871,45182,25847,72,19335,565.210000,151731,56521
msc10848,p8_g4_l1,GreedyRecomputerMask0,3523,109184,11789,42,97395,18.386441,609465,10848
msc10848,p8_g4_l1,GreedyRecomputerMask1,6018,108112,10549,42,97563,18.386441,609465,10848
msc10848,p8_g4_l1,GreedyRecomputerMask3,8345,108070,10562,39,97508,18.386441,609465,10848
msc10848,p8_g4_l1,GreedyRecomputerMask7,22117,108070,10562,39,97508,18.386441,609465,10848
msc10848,p8_g4_l1,GreedyRecomputerMask2,5937,109090,11786,39,97304,18.386441,609465,10848
msc10848,p8_g4_l1,GreedyRecomputerMask4,10666,109184,11789,42,97395,18.386441,609465,10848
msc10848,p8_g4_l1,GreedyBspHC,1505,113574,16130,45,97444,18.386441,609465,10848
plants.psdd,p8_g4_l1,GreedyRecomputerMask0,3376,21796,13748,13,8048,3341.473684,167486,63488
plants.psdd,p8_g4_l1,GreedyRecomputerMask1,8025,20061,11552,13,8509,3341.473684,167486,63488
plants.psdd,p8_g4_l1,GreedyRecomputerMask3,9160,20061,11552,13,8509,3341.473684,167486,63488
plants.psdd,p8_g4_l1,GreedyRecomputerMask7,13482,20061,11552,13,8509,3341.473684,167486,63488
plants.psdd,p8_g4_l1,GreedyRecomputerMask2,5746,20910,11458,11,9452,3341.473684,167486,63488
plants.psdd,p8_g4_l1,GreedyRecomputerMask4,7920,21796,13748,13,8048,3341.473684,167486,63488
plants.psdd,p8_g4_l1,GreedyBspHC,2555,21895,13848,13,8047,3341.473684,167486,63488
cvxbqp1,p8_g4_l1,GreedyRecomputerMask0,2823,35120,16283,12,18837,2083.333333,149984,50000
cvxbqp1,p8_g4_l1,GreedyRecomputerMask1,29413,30942,11351,12,19591,2083.333333,149984,50000
cvxbqp1,p8_g4_l1,GreedyRecomputerMask3,31833,30929,11338,11,19591,2083.333333,149984,50000
cvxbqp1,p8_g4_l1,GreedyRecomputerMask7,41128,30929,11338,11,19591,2083.333333,149984,50000
cvxbqp1,p8_g4_l1,GreedyRecomputerMask2,4815,32192,9709,10,22483,2083.333333,149984,50000
cvxbqp1,p8_g4_l1,GreedyRecomputerMask4,7483,35120,16283,12,18837,2083.333333,149984,50000
cvxbqp1,p8_g4_l1,GreedyBspHC,2076,35324,16487,12,18837,2083.333333,149984,50000
asia.uai.psdd,p8_g4_l1,GreedyRecomputerMask0,3,52,40,5,12,8.600000,62,43
asia.uai.psdd,p8_g4_l1,GreedyRecomputerMask1,3,42,27,4,15,8.600000,62,43
asia.uai.psdd,p8_g4_l1,GreedyRecomputerMask3,4,37,14,3,23,8.600000,62,43
asia.uai.psdd,p8_g4_l1,GreedyRecomputerMask7,6,37,14,3,23,8.600000,62,43
asia.uai.psdd,p8_g4_l1,GreedyRecomputerMask2,4,39,5,2,34,8.600000,62,43
asia.uai.psdd,p8_g4_l1,GreedyRecomputerMask4,6,52,40,5,12,8.600000,62,43
asia.uai.psdd,p8_g4_l1,GreedyBspHC,2,59,48,5,11,8.600000,62,43
2cubes_sphere,p8_g4_l1,GreedyRecomputerMask0,904823,326045,142525,7802,183520,7.083473,772886,101492
2cubes_sphere,p8_g4_l1,GreedyRecomputerMask1,924363,322679,138397,7802,184282,7.083473,772886,101492
2cubes_sphere,p8_g4_l1,GreedyRecomputerMask3,931819,322400,138302,7731,184098,7.083473,772886,101492
2cubes_sphere,p8_g4_l1,GreedyRecomputerMask7,955878,322398,138298,7731,184100,7.083473,772886,101492
2cubes_sphere,p8_g4_l1,GreedyRecomputerMask2,912940,325788,142458,7727,183330,7.083473,772886,101492
2cubes_sphere,p8_g4_l1,GreedyRecomputerMask4,924818,326041,142521,7802,183520,7.083473,772886,101492
2cubes_sphere,p8_g4_l1,GreedyBspHC,900563,395295,211794,8003,183501,7.083473,772886,101492
instance_CG_N21_K5_nzP0d3,p8_g4_l1,GreedyRecomputerMask0,188,2205,1456,33,749,32.000000,3996,1888
instance_CG_N21_K5_nzP0d3,p8_g4_l1,GreedyRecomputerMask1,197,2127,1352,33,775,32.000000,3996,1888
instance_CG_N21_K5_nzP0d3,p8_g4_l1,GreedyRecomputerMask3,227,2127,1352,33,775,32.000000,3996,1888
instance_CG_N21_K5_nzP0d3,p8_g4_l1,GreedyRecomputerMask7,326,2127,1352,33,775,32.000000,3996,1888
instance_CG_N21_K5_nzP0d3,p8_g4_l1,GreedyRecomputerMask2,252,2156,1322,31,834,32.000000,3996,1888
instance_CG_N21_K5_nzP0d3,p8_g4_l1,GreedyRecomputerMask4,231,2205,1456,33,749,32.000000,3996,1888
instance_CG_N21_K5_nzP0d3,p8_g4_l1,GreedyBspHC,160,2306,1557,36,749,32.000000,3996,1888
msnbc-yitao-d.psdd,p8_g4_l1,GreedyRecomputerMask0,349,2394,1857,6,537,848.000000,6908,4240
msnbc-yitao-d.psdd,p8_g4_l1,GreedyRecomputerMask1,598,1828,1109,6,719,848.000000,6908,4240
msnbc-yitao-d.psdd,p8_g4_l1,GreedyRecomputerMask3,697,1696,627,4,1069,848.000000,6908,4240
msnbc-yitao-d.psdd,p8_g4_l1,GreedyRecomputerMask7,1085,1696,627,4,1069,848.000000,6908,4240
msnbc-yitao-d.psdd,p8_g4_l1,GreedyRecomputerMask2,467,1707,635,4,1072,848.000000,6908,4240
msnbc-yitao-d.psdd,p8_g4_l1,GreedyRecomputerMask4,480,2394,1857,6,537,848.000000,6908,4240
msnbc-yitao-d.psdd,p8_g4_l1,GreedyBspHC,303,2394,1857,6,537,848.000000,6908,4240
smt,p8_g4_l1,GreedyRecomputerMask0,70825,484894,49075,756,435819,5.519536,1863737,25710
smt,p8_g4_l1,GreedyRecomputerMask1,76209,484264,48411,756,435853,5.519536,1863737,25710
smt,p8_g4_l1,GreedyRecomputerMask3,79905,483382,48021,714,435361,5.519536,1863737,25710
smt,p8_g4_l1,GreedyRecomputerMask7,117359,483325,47964,713,435361,5.519536,1863737,25710
smt,p8_g4_l1,GreedyRecomputerMask2,80361,483800,48609,710,435191,5.519536,1863737,25710
smt,p8_g4_l1,GreedyRecomputerMask4,97252,484566,48742,751,435824,5.519536,1863737,25710
smt,p8_g4_l1,GreedyBspHC,63174,529863,93564,854,436299,5.519536,1863737,25710
c20ng.psdd,p8_g4_l1,GreedyRecomputerMask0,2141,10405,7157,14,3248,626.731707,56622,25696
c20ng.psdd,p8_g4_l1,GreedyRecomputerMask1,5076,8416,4501,14,3915,626.731707,56622,25696
c20ng.psdd,p8_g4_l1,GreedyRecomputerMask3,5904,8182,3179,12,5003,626.731707,56622,25696
c20ng.psdd,p8_g4_l1,GreedyRecomputerMask7,8586,8182,3179,12,5003,626.731707,56622,25696
c20ng.psdd,p8_g4_l1,GreedyRecomputerMask2,2955,8549,3599,12,4950,626.731707,56622,25696
c20ng.psdd,p8_g4_l1,GreedyRecomputerMask4,4046,10405,7157,14,3248,626.731707,56622,25696
c20ng.psdd,p8_g4_l1,GreedyBspHC,1790,10843,7597,14,3246,626.731707,56622,25696
instance_hpcg,p8_g4_l1,GreedyRecomputerMask0,13657,153592,89918,6255,63674,8.626276,193610,72685
instance_hpcg,p8_g4_l1,GreedyRecomputerMask1,154061,150204,105306,6255,44898,8.626276,193610,72685
instance_hpcg,p8_g4_l1,GreedyRecomputerMask3,155915,139040,50746,3035,88294,8.626276,193610,72685
instance_hpcg,p8_g4_l1,GreedyRecomputerMask7,164196,139036,50738,3035,88298,8.626276,193610,72685
instance_hpcg,p8_g4_l1,GreedyRecomputerMask2,17365,150207,83438,6039,66769,8.626276,193610,72685
instance_hpcg,p8_g4_l1,GreedyRecomputerMask4,19670,153584,89902,6255,63682,8.626276,193610,72685
instance_hpcg,p8_g4_l1,GreedyBspHC,12147,153976,110366,6256,43610,8.626276,193610,72685
instance_CG_N17_K8_nzP0d25,p8_g4_l1,GreedyRecomputerMask0,228,2621,1758,51,863,20.800000,4134,1976
instance_CG_N17_K8_nzP0d25,p8_g4_l1,GreedyRecomputerMask1,237,2568,1689,50,879,20.800000,4134,1976
instance_CG_N17_K8_nzP0d25,p8_g4_l1,GreedyRecomputerMask3,298,2561,1680,49,881,20.800000,4134,1976
instance_CG_N17_K8_nzP0d25,p8_g4_l1,GreedyRecomputerMask7,452,2561,1680,49,881,20.800000,4134,1976
instance_CG_N17_K8_nzP0d25,p8_g4_l1,GreedyRecomputerMask2,295,2581,1675,48,906,20.800000,4134,1976
instance_CG_N17_K8_nzP0d25,p8_g4_l1,GreedyRecomputerMask4,274,2621,1758,51,863,20.800000,4134,1976
instance_CG_N17_K8_nzP0d25,p8_g4_l1,GreedyBspHC,203,2774,1911,56,863,20.800000,4134,1976
kdd-6k.psdd,p8_g4_l1,GreedyRecomputerMask0,170,1386,1034,11,352,134.300000,6527,2686
kdd-6k.psdd,p8_g4_l1,GreedyRecomputerMask1,211,1201,790,11,411,134.300000,6527,2686
kdd-6k.psdd,p8_g4_l1,GreedyRecomputerMask3,251,1199,785,10,414,134.300000,6527,2686
kdd-6k.psdd,p8_g4_l1,GreedyRecomputerMask7,401,1199,785,10,414,134.300000,6527,2686
kdd-6k.psdd,p8_g4_l1,GreedyRecomputerMask2,253,1202,660,9,542,134.300000,6527,2686
kdd-6k.psdd,p8_g4_l1,GreedyRecomputerMask4,334,1386,1034,11,352,134.300000,6527,2686
kdd-6k.psdd,p8_g4_l1,GreedyBspHC,135,1538,1186,11,352,134.300000,6527,2686
instance_spmv_N300_nzP0d3,p8_g4_l1,GreedyRecomputerMask0,4184,26369,12870,3,13499,27150.000000,80550,54300
instance_spmv_N300_nzP0d3,p8_g4_l1,GreedyRecomputerMask1,5279,25655,11918,3,13737,27150.000000,80550,54300
instance_spmv_N300_nzP0d3,p8_g4_l1,GreedyRecomputerMask3,6008,22617,0,1,22617,27150.000000,80550,54300
instance_spmv_N300_nzP0d3,p8_g4_l1,GreedyRecomputerMask7,9825,22617,0,1,22617,27150.000000,80550,54300
instance_spmv_N300_nzP0d3,p8_g4_l1,GreedyRecomputerMask2,5204,22617,0,1,22617,27150.000000,80550,54300
instance_spmv_N300_nzP0d3,p8_g4_l1,GreedyRecomputerMask4,6046,26369,12870,3,13499,27150.000000,80550,54300
instance_spmv_N300_nzP0d3,p8_g4_l1,GreedyBspHC,3574,26453,12954,3,13499,27150.000000,80550,54300
instance_exp_N70_K5_nzP0d18,p8_g4_l1,GreedyRecomputerMask0,494,4961,3216,9,1745,555.000000,12825,5550
instance_exp_N70_K5_nzP0d18,p8_g4_l1,GreedyRecomputerMask1,965,4017,1960,9,2057,555.000000,12825,5550
instance_exp_N70_K5_nzP0d18,p8_g4_l1,GreedyRecomputerMask3,1135,4017,1960,9,2057,555.000000,12825,5550
instance_exp_N70_K5_nzP0d18,p8_g4_l1,GreedyRecomputerMask7,1688,4017,1960,9,2057,555.000000,12825,5550
instance_exp_N70_K5_nzP0d18,p8_g4_l1,GreedyRecomputerMask2,744,4426,2286,7,2140,555.000000,12825,5550
instance_exp_N70_K5_nzP0d18,p8_g4_l1,GreedyRecomputerMask4,890,4961,3216,9,1745,555.000000,12825,5550
instance_exp_N70_K5_nzP0d18,p8_g4_l1,GreedyBspHC,413,5041,3296,9,1745,555.000000,12825,5550
asia-bdd.psdd,p8_g4_l1,GreedyRecomputerMask0,4,72,53,6,19,7.142857,104,50
asia-bdd.psdd,p8_g4_l1,GreedyRecomputerMask1,4,54,32,5,22,7.142857,104,50
asia-bdd.psdd,p8_g4_l1,GreedyRecomputerMask3,5,54,32,5,22,7.142857,104,50
asia-bdd.psdd,p8_g4_l1,GreedyRecomputerMask7,8,54,32,5,22,7.142857,104,50
asia-bdd.psdd,p8_g4_l1,GreedyRecomputerMask2,5,48,9,2,39,7.142857,104,50
asia-bdd.psdd,p8_g4_l1,GreedyRecomputerMask4,5,72,53,6,19,7.142857,104,50
asia-bdd.psdd,p8_g4_l1,GreedyBspHC,3,76,57,6,19,7.142857,104,50
instance_CG_N12_K10_nzP0d2,p8_g4_l1,GreedyRecomputerMask0,79,2310,1592,61,718,12.831933,3089,1527
instance_CG_N12_K10_nzP0d2,p8_g4_l1,GreedyRecomputerMask1,88,2284,1560,61,724,12.831933,3089,1527
instance_CG_N12_K10_nzP0d2,p8_g4_l1,GreedyRecomputerMask3,130,2276,1555,60,721,12.831933,3089,1527
instance_CG_N12_K10_nzP0d2,p8_g4_l1,GreedyRecomputerMask7,241,2276,1555,60,721,12.831933,3089,1527
instance_CG_N12_K10_nzP0d2,p8_g4_l1,GreedyRecomputerMask2,130,2287,1541,58,746,12.831933,3089,1527
instance_CG_N12_K10_nzP0d2,p8_g4_l1,GreedyRecomputerMask4,115,2310,1592,61,718,12.831933,3089,1527
instance_CG_N12_K10_nzP0d2,p8_g4_l1,GreedyBspHC,64,2431,1713,62,718,12.831933,3089,1527
instance_bicgstab_gyro_m,p8_g4_l1,GreedyRecomputerMask0,777061,82211,41579,3168,40632,4.970294,80373,50195
instance_bicgstab_gyro_m,p8_g4_l1,GreedyRecomputerMask1,778136,81979,41347,3168,40632,4.970294,80373,50195
instance_bicgstab_gyro_m,p8_g4_l1,GreedyRecomputerMask3,778984,79407,37061,2310,42346,4.970294,80373,50195
instance_bicgstab_gyro_m,p8_g4_l1,GreedyRecomputerMask7,782465,79407,37061,2310,42346,4.970294,80373,50195
instance_bicgstab_gyro_m,p8_g4_l1,GreedyRecomputerMask2,778456,79639,37293,2310,42346,4.970294,80373,50195
instance_bicgstab_gyro_m,p8_g4_l1,GreedyRecomputerMask4,778561,82211,41579,3168,40632,4.970294,80373,50195
instance_bicgstab_gyro_m,p8_g4_l1,GreedyBspHC,776184,86481,45849,4056,40632,4.970294,80373,50195
instance_CG_N24_K22_nzP0d2,p8_g4_l1,GreedyRecomputerMask0,489,9542,6307,140,3235,28.072243,16145,7383
instance_CG_N24_K22_nzP0d2,p8_g4_l1,GreedyRecomputerMask1,572,9457,6179,140,3278,28.072243,16145,7383
instance_CG_N24_K22_nzP0d2,p8_g4_l1,GreedyRecomputerMask3,768,9443,6155,132,3288,28.072243,16145,7383
instance_CG_N24_K22_nzP0d2,p8_g4_l1,GreedyRecomputerMask7,1342,9435,6147,132,3288,28.072243,16145,7383
instance_CG_N24_K22_nzP0d2,p8_g4_l1,GreedyRecomputerMask2,748,9473,6170,131,3303,28.072243,16145,7383
instance_CG_N24_K22_nzP0d2,p8_g4_l1,GreedyRecomputerMask4,894,9518,6283,140,3235,28.072243,16145,7383
instance_CG_N24_K22_nzP0d2,p8_g4_l1,GreedyBspHC,404,10069,6834,151,3235,28.072243,16145,7383
instance_exp_N30_K10_nzP0d18,p8_g4_l1,GreedyRecomputerMask0,190,1652,1047,16,605,97.500000,4443,1950
instance_exp_N30_K10_nzP0d18,p8_g4_l1,GreedyRecomputerMask1,219,1437,767,16,670,97.500000,4443,1950
instance_exp_N30_K10_nzP0d18,p8_g4_l1,GreedyRecomputerMask3,252,1437,767,16,670,97.500000,4443,1950
instance_exp_N30_K10_nzP0d18,p8_g4_l1,GreedyRecomputerMask7,366,1437,767,16,670,97.500000,4443,1950
instance_exp_N30_K10_nzP0d18,p8_g4_l1,GreedyRecomputerMask2,264,1563,877,14,686,97.500000,4443,1950
instance_exp_N30_K10_nzP0d18,p8_g4_l1,GreedyRecomputerMask4,244,1652,1047,16,605,97.500000,4443,1950
instance_exp_N30_K10_nzP0d18,p8_g4_l1,GreedyBspHC,165,1780,1175,16,605,97.500000,4443,1950
msnbc-yitao-b.psdd,p8_g4_l1,GreedyRecomputerMask0,736,3336,2501,6,835,1318.000000,8870,6590
msnbc-yitao-b.psdd,p8_g4_l1,GreedyRecomputerMask1,1411,2439,1305,6,1134,1318.000000,8870,6590
msnbc-yitao-b.psdd,p8_g4_l1,GreedyRecomputerMask3,1498,2240,587,4,1653,1318.000000,8870,6590
msnbc-yitao-b.psdd,p8_g4_l1,GreedyRecomputerMask7,1918,2240,587,4,1653,1318.000000,8870,6590
msnbc-yitao-b.psdd,p8_g4_l1,GreedyRecomputerMask2,848,2240,587,4,1653,1318.000000,8870,6590
msnbc-yitao-b.psdd,p8_g4_l1,GreedyRecomputerMask4,1161,3336,2501,6,835,1318.000000,8870,6590
msnbc-yitao-b.psdd,p8_g4_l1,GreedyBspHC,667,3352,2517,6,835,1318.000000,8870,6590
nltcs.psdd,p8_g4_l1,GreedyRecomputerMask0,243,2469,1870,7,599,584.500000,10592,4676
nltcs.psdd,p8_g4_l1,GreedyRecomputerMask1,358,2209,1538,7,671,584.500000,10592,4676
nltcs.psdd,p8_g4_l1,GreedyRecomputerMask3,481,2002,1207,4,795,584.500000,10592,4676
nltcs.psdd,p8_g4_l1,GreedyRecomputerMask7,879,2002,1207,4,795,584.500000,10592,4676
nltcs.psdd,p8_g4_l1,GreedyRecomputerMask2,380,2029,1215,4,814,584.500000,10592,4676
nltcs.psdd,p8_g4_l1,GreedyRecomputerMask4,378,2469,1870,7,599,584.500000,10592,4676
nltcs.psdd,p8_g4_l1,GreedyBspHC,193,2485,1886,7,599,584.500000,10592,4676
bodyy4,p8_g4_l1,GreedyRecomputerMask0,1001,13336,5814,107,7522,25.209770,52196,17546
bodyy4,p8_g4_l1,GreedyRecomputerMask1,1079,13329,5806,107,7523,25.209770,52196,17546
bodyy4,p8_g4_l1,GreedyRecomputerMask3,1572,13272,5742,99,7530,25.209770,52196,17546
bodyy4,p8_g4_l1,GreedyRecomputerMask7,3092,13272,5742,99,7530,25.209770,52196,17546
bodyy4,p8_g4_l1,GreedyRecomputerMask2,1555,13276,5746,99,7530,25.209770,52196,17546
bodyy4,p8_g4_l1,GreedyRecomputerMask4,2089,13327,5799,104,7528,25.209770,52196,17546
bodyy4,p8_g4_l1,GreedyBspHC,847,14785,7266,108,7519,25.209770,52196,17546
msnbc-yitao-a.psdd,p8_g4_l1,GreedyRecomputerMask0,541,3418,2577,6,841,1336.400000,8926,6682
msnbc-yitao-a.psdd,p8_g4_l1,GreedyRecomputerMask1,1230,2517,1377,6,1140,1336.400000,8926,6682
msnbc-yitao-a.psdd,p8_g4_l1,GreedyRecomputerMask3,1315,2351,639,4,1712,1336.400000,8926,6682
msnbc-yitao-a.psdd,p8_g4_l1,GreedyRecomputerMask7,1730,2351,639,4,1712,1336.400000,8926,6682
msnbc-yitao-a.psdd,p8_g4_l1,GreedyRecomputerMask2,658,2351,639,4,1712,1336.400000,8926,6682
msnbc-yitao-a.psdd,p8_g4_l1,GreedyRecomputerMask4,749,3418,2577,6,841,1336.400000,8926,6682
msnbc-yitao-a.psdd,p8_g4_l1,GreedyBspHC,475,3422,2581,6,841,1336.400000,8926,6682
simple2.2.psdd,p8_g4_l1,GreedyRecomputerMask0,0,4,0,1,4,7.000000,3,7
simple2.2.psdd,p8_g4_l1,GreedyRecomputerMask1,0,4,0,1,4,7.000000,3,7
simple2.2.psdd,p8_g4_l1,GreedyRecomputerMask3,0,4,0,1,4,7.000000,3,7
simple2.2.psdd,p8_g4_l1,GreedyRecomputerMask7,0,4,0,1,4,7.000000,3,7
simple2.2.psdd,p8_g4_l1,GreedyRecomputerMask2,0,4,0,1,4,7.000000,3,7
simple2.2.psdd,p8_g4_l1,GreedyRecomputerMask4,0,4,0,1,4,7.000000,3,7
simple2.2.psdd,p8_g4_l1,GreedyBspHC,0,4,0,1,4,7.000000,3,7
simple2.3.psdd,p8_g4_l1,GreedyRecomputerMask0,0,4,0,1,4,7.000000,3,7
simple2.3.psdd,p8_g4_l1,GreedyRecomputerMask1,0,4,0,1,4,7.000000,3,7
simple2.3.psdd,p8_g4_l1,GreedyRecomputerMask3,0,4,0,1,4,7.000000,3,7
simple2.3.psdd,p8_g4_l1,GreedyRecomputerMask7,0,4,0,1,4,7.000000,3,7
simple2.3.psdd,p8_g4_l1,GreedyRecomputerMask2,0,4,0,1,4,7.000000,3,7
simple2.3.psdd,p8_g4_l1,GreedyRecomputerMask4,0,4,0,1,4,7.000000,3,7
simple2.3.psdd,p8_g4_l1,GreedyBspHC,0,4,0,1,4,7.000000,3,7
bcsstk38,p8_g4_l1,GreedyRecomputerMask0,12787,76352,12568,341,63784,3.681027,173714,8032
bcsstk38,p8_g4_l1,GreedyRecomputerMask1,13067,76162,12363,340,63799,3.681027,173714,8032
bcsstk38,p8_g4_l1,GreedyRecomputerMask3,13684,76020,12311,316,63709,3.681027,173714,8032
bcsstk38,p8_g4_l1,GreedyRecomputerMask7,17726,75940,12230,315,63710,3.681027,173714,8032
bcsstk38,p8_g4_l1,GreedyRecomputerMask2,13584,76198,12504,317,63694,3.681027,173714,8032
bcsstk38,p8_g4_l1,GreedyRecomputerMask4,15822,76316,12532,341,63784,3.681027,173714,8032
bcsstk38,p8_g4_l1,GreedyBspHC,12319,83501,19650,415,63851,3.681027,173714,8032
bnetflix.psdd,p8_g4_l1,GreedyRecomputerMask0,1006,6007,4051,12,1956,730.476190,40736,15340
bnetflix.psdd,p8_g4_l1,GreedyRecomputerMask1,1403,5465,3355,12,2110,730.476190,40736,15340
bnetflix.psdd,p8_g4_l1,GreedyRecomputerMask3,2007,5086,1876,9,3210,730.476190,40736,15340
bnetflix.psdd,p8_g4_l1,GreedyRecomputerMask7,3587,5086,1876,9,3210,730.476190,40736,15340
bnetflix.psdd,p8_g4_l1,GreedyRecomputerMask2,1542,5439,2312,9,3127,730.476190,40736,15340
bnetflix.psdd,p8_g4_l1,GreedyRecomputerMask4,1515,6007,4051,12,1956,730.476190,40736,15340
bnetflix.psdd,p8_g4_l1,GreedyBspHC,806,6531,4575,12,1956,730.476190,40736,15340
cr52.psdd,p8_g4_l1,GreedyRecomputerMask0,1678,8997,6174,15,2823,543.780488,46968,22295
cr52.psdd,p8_g4_l1,GreedyRecomputerMask1,4448,7089,3634,15,3455,543.780488,46968,22295
cr52.psdd,p8_g4_l1,GreedyRecomputerMask3,5067,7053,3585,14,3468,543.780488,46968,22295
cr52.psdd,p8_g4_l1,GreedyRecomputerMask7,7236,7053,3585,14,3468,543.780488,46968,22295
cr52.psdd,p8_g4_l1,GreedyRecomputerMask2,2384,7224,2532,13,4692,543.780488,46968,22295
cr52.psdd,p8_g4_l1,GreedyRecomputerMask4,3300,8997,6174,15,2823,543.780488,46968,22295
cr52.psdd,p8_g4_l1,GreedyBspHC,1417,9289,6466,15,2823,543.780488,46968,22295
bcsstk23,p8_g4_l1,GreedyRecomputerMask0,286,5912,2832,57,3080,25.274194,21022,3134
bcsstk23,p8_g4_l1,GreedyRecomputerMask1,314,5890,2804,57,3086,25.274194,21022,3134
bcsstk23,p8_g4_l1,GreedyRecomputerMask3,474,5874,2778,55,3096,25.274194,21022,3134
bcsstk23,p8_g4_l1,GreedyRecomputerMask7,930,5874,2778,55,3096,25.274194,21022,3134
bcsstk23,p8_g4_l1,GreedyRecomputerMask2,459,5895,2806,55,3089,25.274194,21022,3134
bcsstk23,p8_g4_l1,GreedyRecomputerMask4,433,5912,2832,57,3080,25.274194,21022,3134
bcsstk23,p8_g4_l1,GreedyBspHC,209,6792,3712,57,3080,25.274194,21022,3134
instance_kNN_N70_K7_nzP0d16,p8_g4_l1,GreedyRecomputerMask0,680,4533,2890,11,1643,373.428571,11991,5228
instance_kNN_N70_K7_nzP0d16,p8_g4_l1,GreedyRecomputerMask1,998,3813,1922,11,1891,373.428571,11991,5228
instance_kNN_N70_K7_nzP0d16,p8_g4_l1,GreedyRecomputerMask3,1204,3794,1897,10,1897,373.428571,11991,5228
instance_kNN_N70_K7_nzP0d16,p8_g4_l1,GreedyRecomputerMask7,1887,3794,1897,10,1897,373.428571,11991,5228
instance_kNN_N70_K7_nzP0d16,p8_g4_l1,GreedyRecomputerMask2,821,4533,2890,11,1643,373.428571,11991,5228
instance_kNN_N70_K7_nzP0d16,p8_g4_l1,GreedyRecomputerMask4,1050,4533,2890,11,1643,373.428571,11991,5228
instance_kNN_N70_K7_nzP0d16,p8_g4_l1,GreedyBspHC,602,4725,3082,11,1643,373.428571,11991,5228
exp-D15-N1000-C4.psdd,p8_g4_l1,GreedyRecomputerMask0,2,31,23,4,8,7.500000,28,30
exp-D15-N1000-C4.psdd,p8_g4_l1,GreedyRecomputerMask1,2,27,18,3,9,7.500000,28,30
exp-D15-N1000-C4.psdd,p8_g4_l1,GreedyRecomputerMask3,3,25,9,2,16,7.500000,28,30
exp-D15-N1000-C4.psdd,p8_g4_l1,GreedyRecomputerMask7,4,22,5,2,17,7.500000,28,30
exp-D15-N1000-C4.psdd,p8_g4_l1,GreedyRecomputerMask2,3,25,9,2,16,7.500000,28,30
exp-D15-N1000-C4.psdd,p8_g4_l1,GreedyRecomputerMask4,3,31,23,4,8,7.500000,28,30
exp-D15-N1000-C4.psdd,p8_g4_l1,GreedyBspHC,2,31,23,4,8,7.500000,28,30
cwebkb.psdd,p8_g4_l1,GreedyRecomputerMask0,1696,9055,6175,16,2880,633.916667,50251,22821
cwebkb.psdd,p8_g4_l1,GreedyRecomputerMask1,4073,7334,3895,16,3439,633.916667,50251,22821
cwebkb.psdd,p8_g4_l1,GreedyRecomputerMask3,4867,7051,2561,14,4490,633.916667,50251,22821
cwebkb.psdd,p8_g4_l1,GreedyRecomputerMask7,7258,7048,2561,14,4487,633.916667,50251,22821
cwebkb.psdd,p8_g4_l1,GreedyRecomputerMask2,2450,7534,3069,14,4465,633.916667,50251,22821
cwebkb.psdd,p8_g4_l1,GreedyRecomputerMask4,3400,9055,6175,16,2880,633.916667,50251,22821
cwebkb.psdd,p8_g4_l1,GreedyBspHC,1407,9459,6579,16,2880,633.916667,50251,22821
instance_exp_N50_K12_nzP0d15,p8_g4_l1,GreedyRecomputerMask0,578,4619,2870,19,1749,226.416667,13248,5434
instance_exp_N50_K12_nzP0d15,p8_g4_l1,GreedyRecomputerMask1,750,3998,2070,19,1928,226.416667,13248,5434
instance_exp_N50_K12_nzP0d15,p8_g4_l1,GreedyRecomputerMask3,910,3955,1924,17,2031,226.416667,13248,5434
instance_exp_N50_K12_nzP0d15,p8_g4_l1,GreedyRecomputerMask7,1396,3955,1924,17,2031,226.416667,13248,5434
instance_exp_N50_K12_nzP0d15,p8_g4_l1,GreedyRecomputerMask2,807,4371,2436,17,1935,226.416667,13248,5434
instance_exp_N50_K12_nzP0d15,p8_g4_l1,GreedyRecomputerMask4,934,4619,2870,19,1749,226.416667,13248,5434
instance_exp_N50_K12_nzP0d15,p8_g4_l1,GreedyBspHC,496,4875,3126,19,1749,226.416667,13248,5434
msc23052,p8_g4_l1,GreedyRecomputerMask0,3275,85693,11580,9,74113,120.691099,565881,23052
msc23052,p8_g4_l1,GreedyRecomputerMask1,12689,84013,9168,9,74845,120.691099,565881,23052
msc23052,p8_g4_l1,GreedyRecomputerMask3,17593,84012,9167,8,74845,120.691099,565881,23052
msc23052,p8_g4_l1,GreedyRecomputerMask7,45213,84012,9167,8,74845,120.691099,565881,23052
msc23052,p8_g4_l1,GreedyRecomputerMask2,5015,85692,11579,8,74113,120.691099,565881,23052
msc23052,p8_g4_l1,GreedyRecomputerMask4,11601,85693,11580,9,74113,120.691099,565881,23052
msc23052,p8_g4_l1,GreedyBspHC,1425,86929,12802,12,74127,120.691099,565881,23052
instance_CG_N12_K6_nzP0d3,p8_g4_l1,GreedyRecomputerMask0,81,1538,1077,38,461,15.028169,2179,1067
instance_CG_N12_K6_nzP0d3,p8_g4_l1,GreedyRecomputerMask1,86,1524,1061,38,463,15.028169,2179,1067
instance_CG_N12_K6_nzP0d3,p8_g4_l1,GreedyRecomputerMask3,117,1492,1019,36,473,15.028169,2179,1067
instance_CG_N12_K6_nzP0d3,p8_g4_l1,GreedyRecomputerMask7,198,1484,1011,36,473,15.028169,2179,1067
instance_CG_N12_K6_nzP0d3,p8_g4_l1,GreedyRecomputerMask2,117,1508,1014,35,494,15.028169,2179,1067
instance_CG_N12_K6_nzP0d3,p8_g4_l1,GreedyRecomputerMask4,135,1530,1069,38,461,15.028169,2179,1067
instance_CG_N12_K6_nzP0d3,p8_g4_l1,GreedyBspHC,67,1613,1154,39,459,15.028169,2179,1067
ship_001,p8_g4_l1,GreedyRecomputerMask0,31017,506190,51977,434,454213,7.117815,2304655,34920
ship_001,p8_g4_l1,GreedyRecomputerMask1,34090,505904,51673,434,454231,7.117815,2304655,34920
ship_001,p8_g4_l1,GreedyRecomputerMask3,40251,505601,51818,419,453783,7.117815,2304655,34920
ship_001,p8_g4_l1,GreedyRecomputerMask7,74568,505427,51657,418,453770,7.117815,2304655,34920
ship_001,p8_g4_l1,GreedyRecomputerMask2,39439,505865,52131,416,453734,7.117815,2304655,34920
ship_001,p8_g4_l1,GreedyRecomputerMask4,67451,506034,51821,434,454213,7.117815,2304655,34920
ship_001,p8_g4_l1,GreedyBspHC,23250,541870,86999,504,454871,7.117815,2304655,34920
instance_kNN_N50_K4_nzP0d18,p8_g4_l1,GreedyRecomputerMask0,124,1189,762,7,427,192.625000,2763,1541
instance_kNN_N50_K4_nzP0d18,p8_g4_l1,GreedyRecomputerMask1,146,1004,514,7,490,192.625000,2763,1541
instance_kNN_N50_K4_nzP0d18,p8_g4_l1,GreedyRecomputerMask3,168,1004,514,7,490,192.625000,2763,1541
instance_kNN_N50_K4_nzP0d18,p8_g4_l1,GreedyRecomputerMask7,255,1004,514,7,490,192.625000,2763,1541
instance_kNN_N50_K4_nzP0d18,p8_g4_l1,GreedyRecomputerMask2,167,1108,604,5,504,192.625000,2763,1541
instance_kNN_N50_K4_nzP0d18,p8_g4_l1,GreedyRecomputerMask4,210,1189,762,7,427,192.625000,2763,1541
instance_kNN_N50_K4_nzP0d18,p8_g4_l1,GreedyBspHC,101,1237,810,7,427,192.625000,2763,1541
instance_spmv_N60_nzP0d15,p8_g4_l1,GreedyRecomputerMask0,81,664,390,3,274,585.000000,1575,1170
instance_spmv_N60_nzP0d15,p8_g4_l1,GreedyRecomputerMask1,97,562,254,3,308,585.000000,1575,1170
instance_spmv_N60_nzP0d15,p8_g4_l1,GreedyRecomputerMask3,110,490,0,1,490,585.000000,1575,1170
instance_spmv_N60_nzP0d15,p8_g4_l1,GreedyRecomputerMask7,171,490,0,1,490,585.000000,1575,1170
instance_spmv_N60_nzP0d15,p8_g4_l1,GreedyRecomputerMask2,99,490,0,1,490,585.000000,1575,1170
instance_spmv_N60_nzP0d15,p8_g4_l1,GreedyRecomputerMask4,111,664,390,3,274,585.000000,1575,1170
instance_spmv_N60_nzP0d15,p8_g4_l1,GreedyBspHC,70,668,394,3,274,585.000000,1575,1170
msnbc-yitao-e.psdd,p8_g4_l1,GreedyRecomputerMask0,611,2890,2233,6,657,1043.200000,8074,5216
msnbc-yitao-e.psdd,p8_g4_l1,GreedyRecomputerMask1,1007,2204,1321,6,883,1043.200000,8074,5216
msnbc-yitao-e.psdd,p8_g4_l1,GreedyRecomputerMask3,1126,2054,759,4,1295,1043.200000,8074,5216
msnbc-yitao-e.psdd,p8_g4_l1,GreedyRecomputerMask7,1620,2054,759,4,1295,1043.200000,8074,5216
msnbc-yitao-e.psdd,p8_g4_l1,GreedyRecomputerMask2,754,2055,759,4,1296,1043.200000,8074,5216
msnbc-yitao-e.psdd,p8_g4_l1,GreedyRecomputerMask4,768,2890,2233,6,657,1043.200000,8074,5216
msnbc-yitao-e.psdd,p8_g4_l1,GreedyBspHC,553,2898,2241,6,657,1043.200000,8074,5216
instance_CG_N9_K9_nzP0d35,p8_g4_l1,GreedyRecomputerMask0,76,1814,1274,55,540,10.271028,2242,1099
instance_CG_N9_K9_nzP0d35,p8_g4_l1,GreedyRecomputerMask1,81,1799,1254,55,545,10.271028,2242,1099
instance_CG_N9_K9_nzP0d35,p8_g4_l1,GreedyRecomputerMask3,99,1794,1236,53,558,10.271028,2242,1099
instance_CG_N9_K9_nzP0d35,p8_g4_l1,GreedyRecomputerMask7,153,1794,1236,53,558,10.271028,2242,1099
instance_CG_N9_K9_nzP0d35,p8_g4_l1,GreedyRecomputerMask2,112,1790,1218,51,572,10.271028,2242,1099
instance_CG_N9_K9_nzP0d35,p8_g4_l1,GreedyRecomputerMask4,103,1814,1274,55,540,10.271028,2242,1099
instance_CG_N9_K9_nzP0d35,p8_g4_l1,GreedyBspHC,65,1902,1362,55,540,10.271028,2242,1099
instance_exp_N55_K14_nzP0d15,p8_g4_l1,GreedyRecomputerMask0,691,6042,3681,22,2361,258.214286,17934,7230
instance_exp_N55_K14_nzP0d15,p8_g4_l1,GreedyRecomputerMask1,867,5368,2805,22,2563,258.214286,17934,7230
instance_exp_N55_K14_nzP0d15,p8_g4_l1,GreedyRecomputerMask3,1131,5309,2611,20,2698,258.214286,17934,7230
instance_exp_N55_K14_nzP0d15,p8_g4_l1,GreedyRecomputerMask7,1791,5309,2611,20,2698,258.214286,17934,7230
instance_exp_N55_K14_nzP0d15,p8_g4_l1,GreedyRecomputerMask2,992,5775,3199,20,2576,258.214286,17934,7230
instance_exp_N55_K14_nzP0d15,p8_g4_l1,GreedyRecomputerMask4,905,6042,3681,22,2361,258.214286,17934,7230
instance_exp_N55_K14_nzP0d15,p8_g4_l1,GreedyBspHC,587,6434,4073,22,2361,258.214286,17934,7230
tretail.psdd,p8_g4_l1,GreedyRecomputerMask0,178,1559,1186,11,373,141.100000,6382,2822
tretail.psdd,p8_g4_l1,GreedyRecomputerMask1,242,1273,806,11,467,141.100000,6382,2822
tretail.psdd,p8_g4_l1,GreedyRecomputerMask3,281,1273,806,11,467,141.100000,6382,2822
tretail.psdd,p8_g4_l1,GreedyRecomputerMask7,449,1273,806,11,467,141.100000,6382,2822
tretail.psdd,p8_g4_l1,GreedyRecomputerMask2,263,1265,644,9,621,141.100000,6382,2822
tretail.psdd,p8_g4_l1,GreedyRecomputerMask4,352,1559,1186,11,373,141.100000,6382,2822
tretail.psdd,p8_g4_l1,GreedyBspHC,142,1583,1210,11,373,141.100000,6382,2822
msc01440,p8_g4_l1,GreedyRecomputerMask0,331,4836,1176,25,3660,24.000000,22415,1440
msc01440,p8_g4_l1,GreedyRecomputerMask1,395,4570,899,24,3671,24.000000,22415,1440
msc01440,p8_g4_l1,GreedyRecomputerMask3,488,4561,890,23,3671,24.000000,22415,1440
msc01440,p8_g4_l1,GreedyRecomputerMask7,891,4561,890,23,3671,24.000000,22415,1440
msc01440,p8_g4_l1,GreedyRecomputerMask2,438,4824,1166,23,3658,24.000000,22415,1440
msc01440,p8_g4_l1,GreedyRecomputerMask4,615,4836,1176,25,3660,24.000000,22415,1440
msc01440,p8_g4_l1,GreedyBspHC,259,5228,1568,28,3660,24.000000,22415,1440
instance_exp_N44_K5_nzP0d15,p8_g4_l1,GreedyRecomputerMask0,153,1579,1007,8,572,193.200000,4170,1932
instance_exp_N44_K5_nzP0d15,p8_g4_l1,GreedyRecomputerMask1,205,1328,675,8,653,193.200000,4170,1932
instance_exp_N44_K5_nzP0d15,p8_g4_l1,GreedyRecomputerMask3,258,1298,553,6,745,193.200000,4170,1932
instance_exp_N44_K5_nzP0d15,p8_g4_l1,GreedyRecomputerMask7,428,1298,553,6,745,193.200000,4170,1932
instance_exp_N44_K5_nzP0d15,p8_g4_l1,GreedyRecomputerMask2,234,1429,717,6,712,193.200000,4170,1932
instance_exp_N44_K5_nzP0d15,p8_g4_l1,GreedyRecomputerMask4,279,1579,1007,8,572,193.200000,4170,1932
instance_exp_N44_K5_nzP0d15,p8_g4_l1,GreedyBspHC,128,1647,1075,8,572,193.200000,4170,1932
bmw7st_1,p8_g4_l1,GreedyRecomputerMask0,17633,488026,35777,26,452249,200.208215,3599160,141347
bmw7st_1,p8_g4_l1,GreedyRecomputerMask1,55536,486355,33225,26,453130,200.208215,3599160,141347
bmw7st_1,p8_g4_l1,GreedyRecomputerMask3,76795,485863,33283,24,452580,200.208215,3599160,141347
bmw7st_1,p8_g4_l1,GreedyRecomputerMask7,205425,485863,33283,24,452580,200.208215,3599160,141347
bmw7st_1,p8_g4_l1,GreedyRecomputerMask2,28345,487526,35827,24,451699,200.208215,3599160,141347
bmw7st_1,p8_g4_l1,GreedyRecomputerMask4,99010,488018,35769,26,452249,200.208215,3599160,141347
bmw7st_1,p8_g4_l1,GreedyBspHC,9800,490925,38633,32,452292,200.208215,3599160,141347
ex3,p8_g4_l1,GreedyRecomputerMask0,344,15185,3018,63,12167,3.234458,25432,1821
ex3,p8_g4_l1,GreedyRecomputerMask1,385,15115,2950,63,12165,3.234458,25432,1821
ex3,p8_g4_l1,GreedyRecomputerMask3,524,15041,2871,60,12170,3.234458,25432,1821
ex3,p8_g4_l1,GreedyRecomputerMask7,1131,14989,2819,60,12170,3.234458,25432,1821
ex3,p8_g4_l1,GreedyRecomputerMask2,458,15103,2935,60,12168,3.234458,25432,1821
ex3,p8_g4_l1,GreedyRecomputerMask4,815,15106,2933,62,12173,3.234458,25432,1821
ex3,p8_g4_l1,GreedyBspHC,289,16051,3954,72,12097,3.234458,25432,1821
ct20stif,p8_g4_l1,GreedyRecomputerMask0,6371,187974,19207,44,168767,39.345113,1323067,52329
ct20stif,p8_g4_l1,GreedyRecomputerMask1,10971,187086,18030,43,169056,39.345113,1323067,52329
ct20stif,p8_g4_l1,GreedyRecomputerMask3,17453,187086,18030,43,169056,39.345113,1323067,52329
ct20stif,p8_g4_l1,GreedyRecomputerMask7,49978,187086,18030,43,169056,39.345113,1323067,52329
ct20stif,p8_g4_l1,GreedyRecomputerMask2,10297,187955,19194,43,168761,39.345113,1323067,52329
ct20stif,p8_g4_l1,GreedyRecomputerMask4,32176,187955,19194,43,168761,39.345113,1323067,52329
ct20stif,p8_g4_l1,GreedyBspHC,3451,191296,22544,47,168752,39.345113,1323067,52329
thread,p8_g4_l1,GreedyRecomputerMask0,12877,334017,35682,103,298335,20.578547,2220156,29736
thread,p8_g4_l1,GreedyRecomputerMask1,16383,333305,34833,102,298472,20.578547,2220156,29736
thread,p8_g4_l1,GreedyRecomputerMask3,22924,333182,34812,97,298370,20.578547,2220156,29736
thread,p8_g4_l1,GreedyRecomputerMask7,58408,333182,34812,97,298370,20.578547,2220156,29736
thread,p8_g4_l1,GreedyRecomputerMask2,21371,333893,35660,97,298233,20.578547,2220156,29736
thread,p8_g4_l1,GreedyRecomputerMask4,37403,334017,35682,103,298335,20.578547,2220156,29736
thread,p8_g4_l1,GreedyBspHC,4836,351809,53474,103,298335,20.578547,2220156,29736
Pres_Poisson,p8_g4_l1,GreedyRecomputerMask0,5724,79432,10097,146,69335,7.998921,350491,14822
Pres_Poisson,p8_g4_l1,GreedyRecomputerMask1,6430,79082,9641,146,69441,7.998921,350491,14822
Pres_Poisson,p8_g4_l1,GreedyRecomputerMask3,8210,78268,9548,133,68720,7.998921,350491,14822
Pres_Poisson,p8_g4_l1,GreedyRecomputerMask7,16326,78246,9528,133,68718,7.998921,350491,14822
Pres_Poisson,p8_g4_l1,GreedyRecomputerMask2,7317,78644,10035,132,68609,7.998921,350491,14822
Pres_Poisson,p8_g4_l1,GreedyRecomputerMask4,12016,79410,10076,145,69334,7.998921,350491,14822
Pres_Poisson,p8_g4_l1,GreedyBspHC,4933,84292,14881,174,69411,7.998921,350491,14822
insurance.psdd,p8_g4_l1,GreedyRecomputerMask0,1222,6692,4886,7,1806,2390.333333,30060,14342
insurance.psdd,p8_g4_l1,GreedyRecomputerMask1,1843,5975,3934,7,2041,2390.333333,30060,14342
insurance.psdd,p8_g4_l1,GreedyRecomputerMask3,2256,5233,1275,4,3958,2390.333333,30060,14342
insurance.psdd,p8_g4_l1,GreedyRecomputerMask7,3830,5233,1275,4,3958,2390.333333,30060,14342
insurance.psdd,p8_g4_l1,GreedyRecomputerMask2,1538,5250,1279,4,3971,2390.333333,30060,14342
insurance.psdd,p8_g4_l1,GreedyRecomputerMask4,1726,6692,4886,7,1806,2390.333333,30060,14342
insurance.psdd,p8_g4_l1,GreedyBspHC,1042,6872,5066,7,1806,2390.333333,30060,14342
simple2.6.psdd,p8_g4_l1,GreedyRecomputerMask0,0,4,0,1,4,7.000000,3,7
simple2.6.psdd,p8_g4_l1,GreedyRecomputerMask1,0,4,0,1,4,7.000000,3,7
simple2.6.psdd,p8_g4_l1,GreedyRecomputerMask3,0,4,0,1,4,7.000000,3,7
simple2.6.psdd,p8_g4_l1,GreedyRecomputerMask7,0,4,0,1,4,7.000000,3,7
simple2.6.psdd,p8_g4_l1,GreedyRecomputerMask2,0,4,0,1,4,7.000000,3,7
simple2.6.psdd,p8_g4_l1,GreedyRecomputerMask4,0,4,0,1,4,7.000000,3,7
simple2.6.psdd,p8_g4_l1,GreedyBspHC,0,4,0,1,4,7.000000,3,7
bcsstk08,p8_g4_l1,GreedyRecomputerMask0,362,3280,1588,57,1692,13.948052,5943,1074
bcsstk08,p8_g4_l1,GreedyRecomputerMask1,371,3271,1604,57,1667,13.948052,5943,1074
bcsstk08,p8_g4_l1,GreedyRecomputerMask3,424,3221,1553,54,1668,13.948052,5943,1074
bcsstk08,p8_g4_l1,GreedyRecomputerMask7,552,3221,1553,54,1668,13.948052,5943,1074
bcsstk08,p8_g4_l1,GreedyRecomputerMask2,419,3238,1532,53,1706,13.948052,5943,1074
bcsstk08,p8_g4_l1,GreedyRecomputerMask4,508,3271,1576,57,1695,13.948052,5943,1074
bcsstk08,p8_g4_l1,GreedyBspHC,333,3608,1948,58,1660,13.948052,5943,1074
instance_kNN_N50_K5_nzP0d16,p8_g4_l1,GreedyRecomputerMask0,197,1508,963,8,545,189.600000,3801,1896
instance_kNN_N50_K5_nzP0d16,p8_g4_l1,GreedyRecomputerMask1,245,1295,683,8,612,189.600000,3801,1896
instance_kNN_N50_K5_nzP0d16,p8_g4_l1,GreedyRecomputerMask3,290,1295,683,8,612,189.600000,3801,1896
instance_kNN_N50_K5_nzP0d16,p8_g4_l1,GreedyRecomputerMask7,455,1295,683,8,612,189.600000,3801,1896
instance_kNN_N50_K5_nzP0d16,p8_g4_l1,GreedyRecomputerMask2,267,1446,813,6,633,189.600000,3801,1896
instance_kNN_N50_K5_nzP0d16,p8_g4_l1,GreedyRecomputerMask4,251,1508,963,8,545,189.600000,3801,1896
instance_kNN_N50_K5_nzP0d16,p8_g4_l1,GreedyBspHC,174,1588,1043,8,545,189.600000,3801,1896
tmovie.psdd,p8_g4_l1,GreedyRecomputerMask0,6944,35407,24096,21,11311,2292.025641,274214,89389
tmovie.psdd,p8_g4_l1,GreedyRecomputerMask1,12798,33427,21504,21,11923,2292.025641,274214,89389
tmovie.psdd,p8_g4_l1,GreedyRecomputerMask3,14591,33427,21504,21,11923,2292.025641,274214,89389
tmovie.psdd,p8_g4_l1,GreedyRecomputerMask7,22029,33427,21504,21,11923,2292.025641,274214,89389
tmovie.psdd,p8_g4_l1,GreedyRecomputerMask2,10479,33918,20762,19,13156,2292.025641,274214,89389
tmovie.psdd,p8_g4_l1,GreedyRecomputerMask4,14721,35407,24096,21,11311,2292.025641,274214,89389
tmovie.psdd,p8_g4_l1,GreedyBspHC,5484,37215,25904,21,11311,2292.025641,274214,89389
instance_spmv_N150_nzP0d2,p8_g4_l1,GreedyRecomputerMask0,691,4683,2454,3,2229,4544.000000,13182,9088
instance_spmv_N150_nzP0d2,p8_g4_l1,GreedyRecomputerMask1,893,4326,1978,3,2348,4544.000000,13182,9088
instance_spmv_N150_nzP0d2,p8_g4_l1,GreedyRecomputerMask3,995,3793,0,1,3793,4544.000000,13182,9088
instance_spmv_N150_nzP0d2,p8_g4_l1,GreedyRecomputerMask7,1549,3793,0,1,3793,4544.000000,13182,9088
instance_spmv_N150_nzP0d2,p8_g4_l1,GreedyRecomputerMask2,829,3793,0,1,3793,4544.000000,13182,9088
instance_spmv_N150_nzP0d2,p8_g4_l1,GreedyRecomputerMask4,1262,4683,2454,3,2229,4544.000000,13182,9088
instance_spmv_N150_nzP0d2,p8_g4_l1,GreedyBspHC,591,4695,2466,3,2229,4544.000000,13182,9088
elevators.psdd,p8_g4_l1,GreedyRecomputerMask0,231,1740,1315,8,425,416.375000,6892,3331
elevators.psdd,p8_g4_l1,GreedyRecomputerMask1,282,1501,999,8,502,416.375000,6892,3331
elevators.psdd,p8_g4_l1,GreedyRecomputerMask3,336,1489,777,6,712,416.375000,6892,3331
elevators.psdd,p8_g4_l1,GreedyRecomputerMask7,543,1489,777,6,712,416.375000,6892,3331
elevators.psdd,p8_g4_l1,GreedyRecomputerMask2,294,1497,785,6,712,416.375000,6892,3331
elevators.psdd,p8_g4_l1,GreedyRecomputerMask4,446,1740,1315,8,425,416.375000,6892,3331
elevators.psdd,p8_g4_l1,GreedyBspHC,191,1816,1391,8,425,416.375000,6892,3331
instance_CG_N35_K8_nzP0d25,p8_g4_l1,GreedyRecomputerMask0,526,5850,3705,54,2145,56.800000,12153,5396
instance_CG_N35_K8_nzP0d25,p8_g4_l1,GreedyRecomputerMask1,576,5677,3481,54,2196,56.800000,12153,5396
instance_CG_N35_K8_nzP0d25,p8_g4_l1,GreedyRecomputerMask3,687,5668,3472,53,2196,56.800000,12153,5396
instance_CG_N35_K8_nzP0d25,p8_g4_l1,GreedyRecomputerMask7,985,5668,3472,53,2196,56.800000,12153,5396
instance_CG_N35_K8_nzP0d25,p8_g4_l1,GreedyRecomputerMask2,727,5684,3398,51,2286,56.800000,12153,5396
instance_CG_N35_K8_nzP0d25,p8_g4_l1,GreedyRecomputerMask4,845,5850,3705,54,2145,56.800000,12153,5396
instance_CG_N35_K8_nzP0d25,p8_g4_l1,GreedyBspHC,460,6275,4130,55,2145,56.800000,12153,5396
shallow_water1,p8_g4_l1,GreedyRecomputerMask0,3766,33181,17665,38,15516,80.709360,122880,81920
shallow_water1,p8_g4_l1,GreedyRecomputerMask1,13840,26849,10577,38,16272,80.709360,122880,81920
shallow_water1,p8_g4_l1,GreedyRecomputerMask3,15622,26349,10132,37,16217,80.709360,122880,81920
shallow_water1,p8_g4_l1,GreedyRecomputerMask7,22788,26349,10132,37,16217,80.709360,122880,81920
shallow_water1,p8_g4_l1,GreedyRecomputerMask2,6242,30271,11534,35,18737,80.709360,122880,81920
shallow_water1,p8_g4_l1,GreedyRecomputerMask4,8830,33181,17665,38,15516,80.709360,122880,81920
shallow_water1,p8_g4_l1,GreedyBspHC,3019,34835,19318,39,15517,80.709360,122880,81920
bcsstk15,p8_g4_l1,GreedyRecomputerMask0,1026,13850,4648,129,9202,10.846154,56934,3948
bcsstk15,p8_g4_l1,GreedyRecomputerMask1,1085,13772,4567,128,9205,10.846154,56934,3948
bcsstk15,p8_g4_l1,GreedyRecomputerMask3,1230,13770,4566,127,9204,10.846154,56934,3948
bcsstk15,p8_g4_l1,GreedyRecomputerMask7,1885,13770,4566,127,9204,10.846154,56934,3948
bcsstk15,p8_g4_l1,GreedyRecomputerMask2,1316,13834,4634,127,9200,10.846154,56934,3948
bcsstk15,p8_g4_l1,GreedyRecomputerMask4,1723,13850,4648,129,9202,10.846154,56934,3948
bcsstk15,p8_g4_l1,GreedyBspHC,850,16051,6836,133,9215,10.846154,56934,3948
accidents.psdd,p8_g4_l1,GreedyRecomputerMask0,2438,14676,9925,14,4751,1561.916667,102111,37486
accidents.psdd,p8_g4_l1,GreedyRecomputerMask1,4326,13559,8485,14,5074,1561.916667,102111,37486
accidents.psdd,p8_g4_l1,GreedyRecomputerMask3,4964,13559,8485,14,5074,1561.916667,102111,37486
accidents.psdd,p8_g4_l1,GreedyRecomputerMask7,7692,13559,8485,14,5074,1561.916667,102111,37486
accidents.psdd,p8_g4_l1,GreedyRecomputerMask2,3819,13184,5350,11,7834,1561.916667,102111,37486
accidents.psdd,p8_g4_l1,GreedyRecomputerMask4,3784,14676,9925,14,4751,1561.916667,102111,37486
accidents.psdd,p8_g4_l1,GreedyBspHC,1935,15676,10925,14,4751,1561.916667,102111,37486
msweb.psdd,p8_g4_l1,GreedyRecomputerMask0,1140,6522,4507,16,2015,493.031250,38289,15777
msweb.psdd,p8_g4_l1,GreedyRecomputerMask1,1867,5627,3323,16,2304,493.031250,38289,15777
msweb.psdd,p8_g4_l1,GreedyRecomputerMask3,2107,5627,3323,16,2304,493.031250,38289,15777
msweb.psdd,p8_g4_l1,GreedyRecomputerMask7,3199,5627,3323,16,2304,493.031250,38289,15777
msweb.psdd,p8_g4_l1,GreedyRecomputerMask2,1653,5530,2745,14,2785,493.031250,38289,15777
msweb.psdd,p8_g4_l1,GreedyRecomputerMask4,2291,6522,4507,16,2015,493.031250,38289,15777
msweb.psdd,p8_g4_l1,GreedyBspHC,937,7018,5003,16,2015,493.031250,38289,15777
instance_exp_N30_K6_nzP0d15,p8_g4_l1,GreedyRecomputerMask0,91,886,562,11,324,90.416667,2268,1085
instance_exp_N30_K6_nzP0d15,p8_g4_l1,GreedyRecomputerMask1,103,752,394,11,358,90.416667,2268,1085
instance_exp_N30_K6_nzP0d15,p8_g4_l1,GreedyRecomputerMask3,120,747,389,10,358,90.416667,2268,1085
instance_exp_N30_K6_nzP0d15,p8_g4_l1,GreedyRecomputerMask7,180,747,389,10,358,90.416667,2268,1085
instance_exp_N30_K6_nzP0d15,p8_g4_l1,GreedyRecomputerMask2,114,839,439,8,400,90.416667,2268,1085
instance_exp_N30_K6_nzP0d15,p8_g4_l1,GreedyRecomputerMask4,119,886,562,11,324,90.416667,2268,1085
instance_exp_N30_K6_nzP0d15,p8_g4_l1,GreedyBspHC,76,962,638,11,324,90.416667,2268,1085
nltcs.clt.psdd,p8_g4_l1,GreedyRecomputerMask0,5,69,54,7,15,9.500000,92,76
nltcs.clt.psdd,p8_g4_l1,GreedyRecomputerMask1,6,53,33,6,20,9.500000,92,76
nltcs.clt.psdd,p8_g4_l1,GreedyRecomputerMask3,7,53,33,6,20,9.500000,92,76
nltcs.clt.psdd,p8_g4_l1,GreedyRecomputerMask7,10,53,33,6,20,9.500000,92,76
nltcs.clt.psdd,p8_g4_l1,GreedyRecomputerMask2,6,59,41,6,18,9.500000,92,76
nltcs.clt.psdd,p8_g4_l1,GreedyRecomputerMask4,9,69,54,7,15,9.500000,92,76
nltcs.clt.psdd,p8_g4_l1,GreedyBspHC,4,85,70,7,15,9.500000,92,76
instance_kNN_N60_K15_nzP0d15,p8_g4_l1,GreedyRecomputerMask0,782,7733,4747,24,2986,299.933333,22722,8998
instance_kNN_N60_K15_nzP0d15,p8_g4_l1,GreedyRecomputerMask1,1087,6815,3583,24,3232,299.933333,22722,8998
instance_kNN_N60_K15_nzP0d15,p8_g4_l1,GreedyRecomputerMask3,1380,6806,3574,23,3232,299.933333,22722,8998
instance_kNN_N60_K15_nzP0d15,p8_g4_l1,GreedyRecomputerMask7,2220,6806,3574,23,3232,299.933333,22722,8998
instance_kNN_N60_K15_nzP0d15,p8_g4_l1,GreedyRecomputerMask2,1172,7598,4488,21,3110,299.933333,22722,8998
instance_kNN_N60_K15_nzP0d15,p8_g4_l1,GreedyRecomputerMask4,1400,7733,4747,24,2986,299.933333,22722,8998
instance_kNN_N60_K15_nzP0d15,p8_g4_l1,GreedyBspHC,640,8180,5195,24,2985,299.933333,22722,8998
mnist.psdd,p8_g4_l1,GreedyRecomputerMask0,391,2346,1725,10,621,490.400000,5916,4904
mnist.psdd,p8_g4_l1,GreedyRecomputerMask1,829,1598,729,10,869,490.400000,5916,4904
mnist.psdd,p8_g4_l1,GreedyRecomputerMask3,892,1551,307,8,1244,490.400000,5916,4904
mnist.psdd,p8_g4_l1,GreedyRecomputerMask7,1194,1551,307,8,1244,490.400000,5916,4904
mnist.psdd,p8_g4_l1,GreedyRecomputerMask2,477,1551,307,8,1244,490.400000,5916,4904
mnist.psdd,p8_g4_l1,GreedyRecomputerMask4,532,2346,1725,10,621,490.400000,5916,4904
mnist.psdd,p8_g4_l1,GreedyBspHC,346,2354,1733,10,621,490.400000,5916,4904
nd3k,p8_g4_l1,GreedyRecomputerMask0,13593,701540,27596,113,673944,2.368421,1635345,9000
nd3k,p8_g4_l1,GreedyRecomputerMask1,16114,700987,27044,113,673943,2.368421,1635345,9000
nd3k,p8_g4_l1,GreedyRecomputerMask3,32660,699980,26347,100,673633,2.368421,1635345,9000
nd3k,p8_g4_l1,GreedyRecomputerMask7,72400,696784,23173,102,673611,2.368421,1635345,9000
nd3k,p8_g4_l1,GreedyRecomputerMask2,31060,700289,26655,100,673634,2.368421,1635345,9000
nd3k,p8_g4_l1,GreedyRecomputerMask4,41810,701332,27388,113,673944,2.368421,1635345,9000
nd3k,p8_g4_l1,GreedyBspHC,7870,714904,40903,124,674001,2.368421,1635345,9000
bcsstk28,p8_g4_l1,GreedyRecomputerMask0,858,32851,5239,124,27612,4.809160,107307,4410
bcsstk28,p8_g4_l1,GreedyRecomputerMask1,929,32843,5227,124,27616,4.809160,107307,4410
bcsstk28,p8_g4_l1,GreedyRecomputerMask3,1287,32785,5194,119,27591,4.809160,107307,4410
bcsstk28,p8_g4_l1,GreedyRecomputerMask7,3015,32785,5194,119,27591,4.809160,107307,4410
bcsstk28,p8_g4_l1,GreedyRecomputerMask2,1262,32793,5206,119,27587,4.809160,107307,4410
bcsstk28,p8_g4_l1,GreedyRecomputerMask4,2063,32809,5197,122,27612,4.809160,107307,4410
bcsstk28,p8_g4_l1,GreedyBspHC,614,35470,7838,136,27632,4.809160,107307,4410
instance_CG_N25_K17_nzP0d15,p8_g4_l1,GreedyRecomputerMask0,682,7323,4838,111,2485,27.871921,12072,5658
instance_CG_N25_K17_nzP0d15,p8_g4_l1,GreedyRecomputerMask1,719,7256,4750,111,2506,27.871921,12072,5658
instance_CG_N25_K17_nzP0d15,p8_g4_l1,GreedyRecomputerMask3,817,7248,4742,107,2506,27.871921,12072,5658
instance_CG_N25_K17_nzP0d15,p8_g4_l1,GreedyRecomputerMask7,1104,7240,4734,107,2506,27.871921,12072,5658
instance_CG_N25_K17_nzP0d15,p8_g4_l1,GreedyRecomputerMask2,878,7288,4785,106,2503,27.871921,12072,5658
instance_CG_N25_K17_nzP0d15,p8_g4_l1,GreedyRecomputerMask4,989,7315,4830,111,2485,27.871921,12072,5658
instance_CG_N25_K17_nzP0d15,p8_g4_l1,GreedyBspHC,625,7661,5178,120,2483,27.871921,12072,5658
instance_kNN_N75_K9_nzP0d15,p8_g4_l1,GreedyRecomputerMask0,674,6574,4124,13,2450,419.444444,18231,7550
instance_kNN_N75_K9_nzP0d15,p8_g4_l1,GreedyRecomputerMask1,1089,5650,2939,12,2711,419.444444,18231,7550
instance_kNN_N75_K9_nzP0d15,p8_g4_l1,GreedyRecomputerMask3,1345,5617,2850,11,2767,419.444444,18231,7550
instance_kNN_N75_K9_nzP0d15,p8_g4_l1,GreedyRecomputerMask7,2108,5617,2850,11,2767,419.444444,18231,7550
instance_kNN_N75_K9_nzP0d15,p8_g4_l1,GreedyRecomputerMask2,1027,6376,3798,11,2578,419.444444,18231,7550
instance_kNN_N75_K9_nzP0d15,p8_g4_l1,GreedyRecomputerMask4,1212,6574,4124,13,2450,419.444444,18231,7550
instance_kNN_N75_K9_nzP0d15,p8_g4_l1,GreedyBspHC,561,6758,4312,13,2446,419.444444,18231,7550
instance_CG_N30_K24_nzP0d15,p8_g4_l1,GreedyRecomputerMask0,865,12418,8104,161,4314,34.637631,21754,9941
instance_CG_N30_K24_nzP0d15,p8_g4_l1,GreedyRecomputerMask1,936,12328,7984,161,4344,34.637631,21754,9941
instance_CG_N30_K24_nzP0d15,p8_g4_l1,GreedyRecomputerMask3,1243,12325,7979,160,4346,34.637631,21754,9941
instance_CG_N30_K24_nzP0d15,p8_g4_l1,GreedyRecomputerMask7,2021,12317,7971,160,4346,34.637631,21754,9941
instance_CG_N30_K24_nzP0d15,p8_g4_l1,GreedyRecomputerMask2,1226,12348,7953,158,4395,34.637631,21754,9941
instance_CG_N30_K24_nzP0d15,p8_g4_l1,GreedyRecomputerMask4,1460,12410,8096,161,4314,34.637631,21754,9941
instance_CG_N30_K24_nzP0d15,p8_g4_l1,GreedyBspHC,751,13059,8749,170,4310,34.637631,21754,9941
instance_kNN_N40_K5_nzP0d15,p8_g4_l1,GreedyRecomputerMask0,105,863,556,9,307,107.300000,2007,1073
instance_kNN_N40_K5_nzP0d15,p8_g4_l1,GreedyRecomputerMask1,121,746,404,9,342,107.300000,2007,1073
instance_kNN_N40_K5_nzP0d15,p8_g4_l1,GreedyRecomputerMask3,135,746,404,9,342,107.300000,2007,1073
instance_kNN_N40_K5_nzP0d15,p8_g4_l1,GreedyRecomputerMask7,195,746,404,9,342,107.300000,2007,1073
instance_kNN_N40_K5_nzP0d15,p8_g4_l1,GreedyRecomputerMask2,114,863,556,9,307,107.300000,2007,1073
instance_kNN_N40_K5_nzP0d15,p8_g4_l1,GreedyRecomputerMask4,134,863,556,9,307,107.300000,2007,1073
instance_kNN_N40_K5_nzP0d15,p8_g4_l1,GreedyBspHC,93,903,596,9,307,107.300000,2007,1073
instance_CG_N60_K55_nzP0d12,p8_g4_l1,GreedyRecomputerMask0,5481,59587,36993,362,22594,82.433991,127658,54324
instance_CG_N60_K55_nzP0d12,p8_g4_l1,GreedyRecomputerMask1,6288,59142,36373,362,22769,82.433991,127658,54324
instance_CG_N60_K55_nzP0d12,p8_g4_l1,GreedyRecomputerMask3,7885,59118,36348,349,22770,82.433991,127658,54324
instance_CG_N60_K55_nzP0d12,p8_g4_l1,GreedyRecomputerMask7,12581,59070,36300,349,22770,82.433991,127658,54324
instance_CG_N60_K55_nzP0d12,p8_g4_l1,GreedyRecomputerMask2,7717,59295,36442,347,22853,82.433991,127658,54324
instance_CG_N60_K55_nzP0d12,p8_g4_l1,GreedyRecomputerMask4,10681,59539,36945,362,22594,82.433991,127658,54324
instance_CG_N60_K55_nzP0d12,p8_g4_l1,GreedyBspHC,4753,63075,40489,367,22586,82.433991,127658,54324
s3rmt3m3,p8_g4_l1,GreedyRecomputerMask0,344,23853,3629,42,20224,4.654214,101169,5357
s3rmt3m3,p8_g4_l1,GreedyRecomputerMask1,420,23701,3477,42,20224,4.654214,101169,5357
s3rmt3m3,p8_g4_l1,GreedyRecomputerMask3,810,23411,3187,40,20224,4.654214,101169,5357
s3rmt3m3,p8_g4_l1,GreedyRecomputerMask7,2499,23411,3187,40,20224,4.654214,101169,5357
s3rmt3m3,p8_g4_l1,GreedyRecomputerMask2,753,23473,3255,40,20218,4.654214,101169,5357
s3rmt3m3,p8_g4_l1,GreedyRecomputerMask4,1529,23853,3629,42,20224,4.654214,101169,5357
s3rmt3m3,p8_g4_l1,GreedyBspHC,143,25309,5085,42,20224,4.654214,101169,5357
instance_kNN_N45_K15_nzP0d16,p8_g4_l1,GreedyRecomputerMask0,406,4471,2718,23,1753,179.733333,13275,5392
instance_kNN_N45_K15_nzP0d16,p8_g4_l1,GreedyRecomputerMask1,501,4057,2198,23,1859,179.733333,13275,5392
instance_kNN_N45_K15_nzP0d16,p8_g4_l1,GreedyRecomputerMask3,601,4057,2198,23,1859,179.733333,13275,5392
instance_kNN_N45_K15_nzP0d16,p8_g4_l1,GreedyRecomputerMask7,931,4057,2198,23,1859,179.733333,13275,5392
instance_kNN_N45_K15_nzP0d16,p8_g4_l1,GreedyRecomputerMask2,547,4471,2718,23,1753,179.733333,13275,5392
instance_kNN_N45_K15_nzP0d16,p8_g4_l1,GreedyRecomputerMask4,760,4471,2718,23,1753,179.733333,13275,5392
instance_kNN_N45_K15_nzP0d16,p8_g4_l1,GreedyBspHC,330,4871,3118,23,1753,179.733333,13275,5392
Dubcova3,p8_g4_l1,GreedyRecomputerMask0,37149,257146,32352,309,224794,44.927718,1744980,146689
Dubcova3,p8_g4_l1,GreedyRecomputerMask1,53790,251809,26208,305,225601,44.927718,1744980,146689
Dubcova3,p8_g4_l1,GreedyRecomputerMask3,67218,251765,26184,301,225581,44.927718,1744980,146689
Dubcova3,p8_g4_l1,GreedyRecomputerMask7,133150,251765,26184,301,225581,44.927718,1744980,146689
Dubcova3,p8_g4_l1,GreedyRecomputerMask2,46221,254542,27110,299,227432,44.927718,1744980,146689
Dubcova3,p8_g4_l1,GreedyRecomputerMask4,85803,257132,32335,308,224797,44.927718,1744980,146689
Dubcova3,p8_g4_l1,GreedyBspHC,31484,266709,41908,347,224801,44.927718,1744980,146689
mnist-antonio.psdd,p8_g4_l1,GreedyRecomputerMask0,396,2346,1725,10,621,490.400000,5916,4904
mnist-antonio.psdd,p8_g4_l1,GreedyRecomputerMask1,841,1598,729,10,869,490.400000,5916,4904
mnist-antonio.psdd,p8_g4_l1,GreedyRecomputerMask3,895,1551,307,8,1244,490.400000,5916,4904
mnist-antonio.psdd,p8_g4_l1,GreedyRecomputerMask7,1190,1551,307,8,1244,490.400000,5916,4904
mnist-antonio.psdd,p8_g4_l1,GreedyRecomputerMask2,476,1551,307,8,1244,490.400000,5916,4904
mnist-antonio.psdd,p8_g4_l1,GreedyRecomputerMask4,530,2346,1725,10,621,490.400000,5916,4904
mnist-antonio.psdd,p8_g4_l1,GreedyBspHC,346,2354,1733,10,621,490.400000,5916,4904
instance_exp_N35_K4_nzP0d15,p8_g4_l1,GreedyRecomputerMask0,80,822,526,7,296,127.500000,2028,1020
instance_exp_N35_K4_nzP0d15,p8_g4_l1,GreedyRecomputerMask1,97,666,326,7,340,127.500000,2028,1020
instance_exp_N35_K4_nzP0d15,p8_g4_l1,GreedyRecomputerMask3,113,666,326,7,340,127.500000,2028,1020
instance_exp_N35_K4_nzP0d15,p8_g4_l1,GreedyRecomputerMask7,171,666,326,7,340,127.500000,2028,1020
instance_exp_N35_K4_nzP0d15,p8_g4_l1,GreedyRecomputerMask2,117,720,332,5,388,127.500000,2028,1020
instance_exp_N35_K4_nzP0d15,p8_g4_l1,GreedyRecomputerMask4,142,822,526,7,296,127.500000,2028,1020
instance_exp_N35_K4_nzP0d15,p8_g4_l1,GreedyBspHC,68,869,574,7,295,127.500000,2028,1020
bcsstk36,p8_g4_l1,GreedyRecomputerMask0,12041,180522,26616,537,153906,5.173250,560044,23052
bcsstk36,p8_g4_l1,GreedyRecomputerMask1,12732,180442,26548,537,153894,5.173250,560044,23052
bcsstk36,p8_g4_l1,GreedyRecomputerMask3,14463,180315,26453,526,153862,5.173250,560044,23052
bcsstk36,p8_g4_l1,GreedyRecomputerMask7,23586,180322,26445,526,153877,5.173250,560044,23052
bcsstk36,p8_g4_l1,GreedyRecomputerMask2,14324,180395,26521,526,153874,5.173250,560044,23052
bcsstk36,p8_g4_l1,GreedyRecomputerMask4,21746,180498,26592,537,153906,5.173250,560044,23052
bcsstk36,p8_g4_l1,GreedyBspHC,10559,194656,40694,590,153962,5.173250,560044,23052
simple2.5.psdd,p8_g4_l1,GreedyRecomputerMask0,0,6,0,1,6,7.000000,5,7
simple2.5.psdd,p8_g4_l1,GreedyRecomputerMask1,0,6,0,1,6,7.000000,5,7
simple2.5.psdd,p8_g4_l1,GreedyRecomputerMask3,0,6,0,1,6,7.000000,5,7
simple2.5.psdd,p8_g4_l1,GreedyRecomputerMask7,0,6,0,1,6,7.000000,5,7
simple2.5.psdd,p8_g4_l1,GreedyRecomputerMask2,0,6,0,1,6,7.000000,5,7
simple2.5.psdd,p8_g4_l1,GreedyRecomputerMask4,0,6,0,1,6,7.000000,5,7
simple2.5.psdd,p8_g4_l1,GreedyBspHC,0,6,0,1,6,7.000000,5,7
instance_exp_N75_K60_nzP0d15,p8_g4_l1,GreedyRecomputerMask0,4198,42117,23416,89,18701,451.908333,146520,54229
instance_exp_N75_K60_nzP0d15,p8_g4_l1,GreedyRecomputerMask1,5819,40357,21128,89,19229,451.908333,146520,54229
instance_exp_N75_K60_nzP0d15,p8_g4_l1,GreedyRecomputerMask3,7839,40357,21128,89,19229,451.908333,146520,54229
instance_exp_N75_K60_nzP0d15,p8_g4_l1,GreedyRecomputerMask7,12924,40357,21128,89,19229,451.908333,146520,54229
instance_exp_N75_K60_nzP0d15,p8_g4_l1,GreedyRecomputerMask2,6890,41567,22466,87,19101,451.908333,146520,54229
instance_exp_N75_K60_nzP0d15,p8_g4_l1,GreedyRecomputerMask4,8036,42117,23416,89,18701,451.908333,146520,54229
instance_exp_N75_K60_nzP0d15,p8_g4_l1,GreedyBspHC,3333,43874,25196,89,18678,451.908333,146520,54229
little_4var.psdd,p8_g4_l1,GreedyRecomputerMask0,1,21,18,3,3,6.000000,10,12
little_4var.psdd,p8_g4_l1,GreedyRecomputerMask1,1,11,5,2,6,6.000000,10,12
little_4var.psdd,p8_g4_l1,GreedyRecomputerMask3,1,11,5,2,6,6.000000,10,12
little_4var.psdd,p8_g4_l1,GreedyRecomputerMask7,2,11,5,2,6,6.000000,10,12
little_4var.psdd,p8_g4_l1,GreedyRecomputerMask2,1,11,5,2,6,6.000000,10,12
little_4var.psdd,p8_g4_l1,GreedyRecomputerMask4,1,21,18,3,3,6.000000,10,12
little_4var.psdd,p8_g4_l1,GreedyBspHC,1,21,18,3,3,6.000000,10,12
pdb1HYS,p8_g4_l1,GreedyRecomputerMask0,19785,1243748,43891,304,1199857,1.892480,2154174,36417
pdb1HYS,p8_g4_l1,GreedyRecomputerMask1,22293,1243341,43478,303,1199863,1.892480,2154174,36417
pdb1HYS,p8_g4_l1,GreedyRecomputerMask3,37644,1240670,40812,261,1199858,1.892480,2154174,36417
pdb1HYS,p8_g4_l1,GreedyRecomputerMask7,119158,1238735,38875,260,1199860,1.892480,2154174,36417
pdb1HYS,p8_g4_l1,GreedyRecomputerMask2,37080,1240454,40418,255,1200036,1.892480,2154174,36417
pdb1HYS,p8_g4_l1,GreedyRecomputerMask4,112886,1240450,40603,296,1199847,1.892480,2154174,36417
pdb1HYS,p8_g4_l1,GreedyBspHC,15937,1271225,71322,367,1199903,1.892480,2154174,36417
instance_kNN_N250_K15_nzP0d1,p8_g4_l1,GreedyRecomputerMask0,10658,84424,51741,22,32683,3155.566667,253986,94667
instance_kNN_N250_K15_nzP0d1,p8_g4_l1,GreedyRecomputerMask1,52699,73097,36621,22,36476,3155.566667,253986,94667
instance_kNN_N250_K15_nzP0d1,p8_g4_l1,GreedyRecomputerMask3,56933,73097,36621,22,36476,3155.566667,253986,94667
instance_kNN_N250_K15_nzP0d1,p8_g4_l1,GreedyRecomputerMask7,68545,73097,36621,22,36476,3155.566667,253986,94667
instance_kNN_N250_K15_nzP0d1,p8_g4_l1,GreedyRecomputerMask2,16399,81211,44114,19,37097,3155.566667,253986,94667
instance_kNN_N250_K15_nzP0d1,p8_g4_l1,GreedyRecomputerMask4,19249,84424,51741,22,32683,3155.566667,253986,94667
instance_kNN_N250_K15_nzP0d1,p8_g4_l1,GreedyBspHC,8819,86394,53713,22,32681,3155.566667,253986,94667
book.psdd,p8_g4_l1,GreedyRecomputerMask0,1674,8818,6010,15,2808,567.128205,53647,22118
book.psdd,p8_g4_l1,GreedyRecomputerMask1,3040,7423,4166,15,3257,567.128205,53647,22118
book.psdd,p8_g4_l1,GreedyRecomputerMask3,3383,7423,4166,15,3257,567.128205,53647,22118
book.psdd,p8_g4_l1,GreedyRecomputerMask7,4929,7423,4166,15,3257,567.128205,53647,22118
book.psdd,p8_g4_l1,GreedyRecomputerMask2,2392,7805,3808,13,3997,567.128205,53647,22118
book.psdd,p8_g4_l1,GreedyRecomputerMask4,2428,8818,6010,15,2808,567.128205,53647,22118
book.psdd,p8_g4_l1,GreedyBspHC,1380,9234,6426,15,2808,567.128205,53647,22118
jester.psdd,p8_g4_l1,GreedyRecomputerMask0,1148,7029,4621,14,2408,758.280000,48220,18957
jester.psdd,p8_g4_l1,GreedyRecomputerMask1,1729,6352,3733,14,2619,758.280000,48220,18957
jester.psdd,p8_g4_l1,GreedyRecomputerMask3,2018,6352,3733,14,2619,758.280000,48220,18957
jester.psdd,p8_g4_l1,GreedyRecomputerMask7,3245,6352,3733,14,2619,758.280000,48220,18957
jester.psdd,p8_g4_l1,GreedyRecomputerMask2,1764,6456,3415,12,3041,758.280000,48220,18957
jester.psdd,p8_g4_l1,GreedyRecomputerMask4,2468,7029,4621,14,2408,758.280000,48220,18957
jester.psdd,p8_g4_l1,GreedyBspHC,908,7689,5281,14,2408,758.280000,48220,18957
instance_exp_N80_K6_nzP0d15,p8_g4_l1,GreedyRecomputerMask0,703,6313,4041,10,2272,588.000000,16704,7056
instance_exp_N80_K6_nzP0d15,p8_g4_l1,GreedyRecomputerMask1,1348,5112,2429,10,2683,588.000000,16704,7056
instance_exp_N80_K6_nzP0d15,p8_g4_l1,GreedyRecomputerMask3,1578,5112,2429,10,2683,588.000000,16704,7056
instance_exp_N80_K6_nzP0d15,p8_g4_l1,GreedyRecomputerMask7,2288,5112,2429,10,2683,588.000000,16704,7056
instance_exp_N80_K6_nzP0d15,p8_g4_l1,GreedyRecomputerMask2,1035,5716,2995,8,2721,588.000000,16704,7056
instance_exp_N80_K6_nzP0d15,p8_g4_l1,GreedyRecomputerMask4,942,6313,4041,10,2272,588.000000,16704,7056
instance_exp_N80_K6_nzP0d15,p8_g4_l1,GreedyBspHC,601,6533,4261,10,2272,588.000000,16704,7056
simple2.4.psdd,p8_g4_l1,GreedyRecomputerMask0,0,6,0,1,6,7.000000,5,7
simple2.4.psdd,p8_g4_l1,GreedyRecomputerMask1,0,6,0,1,6,7.000000,5,7
simple2.4.psdd,p8_g4_l1,GreedyRecomputerMask3,0,6,0,1,6,7.000000,5,7
simple2.4.psdd,p8_g4_l1,GreedyRecomputerMask7,0,6,0,1,6,7.000000,5,7
simple2.4.psdd,p8_g4_l1,GreedyRecomputerMask2,0,6,0,1,6,7.000000,5,7
simple2.4.psdd,p8_g4_l1,GreedyRecomputerMask4,0,6,0,1,6,7.000000,5,7
simple2.4.psdd,p8_g4_l1,GreedyBspHC,0,6,0,1,6,7.000000,5,7
instance_kNN_N90_K8_nzP0d15,p8_g4_l1,GreedyRecomputerMask0,893,8091,5169,14,2922,569.250000,21717,9108
instance_kNN_N90_K8_nzP0d15,p8_g4_l1,GreedyRecomputerMask1,1656,6885,3577,14,3308,569.250000,21717,9108
instance_kNN_N90_K8_nzP0d15,p8_g4_l1,GreedyRecomputerMask3,2132,6885,3577,14,3308,569.250000,21717,9108
instance_kNN_N90_K8_nzP0d15,p8_g4_l1,GreedyRecomputerMask7,3697,6885,3577,14,3308,569.250000,21717,9108
instance_kNN_N90_K8_nzP0d15,p8_g4_l1,GreedyRecomputerMask2,1308,7897,4835,12,3062,569.250000,21717,9108
instance_kNN_N90_K8_nzP0d15,p8_g4_l1,GreedyRecomputerMask4,1560,8091,5169,14,2922,569.250000,21717,9108
instance_kNN_N90_K8_nzP0d15,p8_g4_l1,GreedyBspHC,752,8286,5365,14,2921,569.250000,21717,9108
msnbc.psdd,p8_g4_l1,GreedyRecomputerMask0,1320,8883,6787,8,2096,2046.625000,39056,16373
msnbc.psdd,p8_g4_l1,GreedyRecomputerMask1,2350,8461,6227,8,2234,2046.625000,39056,16373
msnbc.psdd,p8_g4_l1,GreedyRecomputerMask3,2989,7226,4185,6,3041,2046.625000,39056,16373
msnbc.psdd,p8_g4_l1,GreedyRecomputerMask7,4622,7226,4185,6,3041,2046.625000,39056,16373
msnbc.psdd,p8_g4_l1,GreedyRecomputerMask2,1902,7466,2824,5,4642,2046.625000,39056,16373
msnbc.psdd,p8_g4_l1,GreedyRecomputerMask4,1858,8883,6787,8,2096,2046.625000,39056,16373
msnbc.psdd,p8_g4_l1,GreedyBspHC,1123,9083,6987,8,2096,2046.625000,39056,16373
instance_CG_N15_K7_nzP0d25,p8_g4_l1,GreedyRecomputerMask0,99,2101,1440,45,661,18.216867,3116,1512
instance_CG_N15_K7_nzP0d25,p8_g4_l1,GreedyRecomputerMask1,107,2058,1384,45,674,18.216867,3116,1512
instance_CG_N15_K7_nzP0d25,p8_g4_l1,GreedyRecomputerMask3,150,2054,1379,44,675,18.216867,3116,1512
instance_CG_N15_K7_nzP0d25,p8_g4_l1,GreedyRecomputerMask7,263,2050,1375,44,675,18.216867,3116,1512
instance_CG_N15_K7_nzP0d25,p8_g4_l1,GreedyRecomputerMask2,147,2097,1435,44,662,18.216867,3116,1512
instance_CG_N15_K7_nzP0d25,p8_g4_l1,GreedyRecomputerMask4,182,2097,1436,45,661,18.216867,3116,1512
instance_CG_N15_K7_nzP0d25,p8_g4_l1,GreedyBspHC,83,2219,1559,48,660,18.216867,3116,1512
simple2.1.psdd,p8_g4_l1,GreedyRecomputerMask0,0,6,0,1,6,7.000000,5,7
simple2.1.psdd,p8_g4_l1,GreedyRecomputerMask1,0,6,0,1,6,7.000000,5,7
simple2.1.psdd,p8_g4_l1,GreedyRecomputerMask3,0,6,0,1,6,7.000000,5,7
simple2.1.psdd,p8_g4_l1,GreedyRecomputerMask7,0,6,0,1,6,7.000000,5,7
simple2.1.psdd,p8_g4_l1,GreedyRecomputerMask2,0,6,0,1,6,7.000000,5,7
simple2.1.psdd,p8_g4_l1,GreedyRecomputerMask4,0,6,0,1,6,7.000000,5,7
simple2.1.psdd,p8_g4_l1,GreedyBspHC,0,6,0,1,6,7.000000,5,7
Dubcova2,p8_g4_l1,GreedyRecomputerMask0,34601,86696,23666,259,63030,39.819351,482600,65025
Dubcova2,p8_g4_l1,GreedyRecomputerMask1,45949,81190,17156,257,64034,39.819351,482600,65025
Dubcova2,p8_g4_l1,GreedyRecomputerMask3,51512,81052,16890,251,64162,39.819351,482600,65025
Dubcova2,p8_g4_l1,GreedyRecomputerMask7,73799,81044,16846,251,64198,39.819351,482600,65025
Dubcova2,p8_g4_l1,GreedyRecomputerMask2,38131,84097,18353,250,65744,39.819351,482600,65025
Dubcova2,p8_g4_l1,GreedyRecomputerMask4,47145,86674,23640,257,63034,39.819351,482600,65025
Dubcova2,p8_g4_l1,GreedyBspHC,32447,93730,30736,285,62994,39.819351,482600,65025
instance_kNN_N30_K10_nzP0d15,p8_g4_l1,GreedyRecomputerMask0,150,1338,848,17,490,79.250000,3519,1585
instance_kNN_N30_K10_nzP0d15,p8_g4_l1,GreedyRecomputerMask1,165,1193,655,16,538,79.250000,3519,1585
instance_kNN_N30_K10_nzP0d15,p8_g4_l1,GreedyRecomputerMask3,189,1193,655,16,538,79.250000,3519,1585
instance_kNN_N30_K10_nzP0d15,p8_g4_l1,GreedyRecomputerMask7,277,1193,655,16,538,79.250000,3519,1585
instance_kNN_N30_K10_nzP0d15,p8_g4_l1,GreedyRecomputerMask2,181,1338,848,17,490,79.250000,3519,1585
instance_kNN_N30_K10_nzP0d15,p8_g4_l1,GreedyRecomputerMask4,247,1338,848,17,490,79.250000,3519,1585
instance_kNN_N30_K10_nzP0d15,p8_g4_l1,GreedyBspHC,127,1458,968,17,490,79.250000,3519,1585
sts4098,p8_g4_l1,GreedyRecomputerMask0,632,8278,3090,75,5188,22.893855,34129,4098
sts4098,p8_g4_l1,GreedyRecomputerMask1,729,8098,2869,74,5229,22.893855,34129,4098
sts4098,p8_g4_l1,GreedyRecomputerMask3,891,8093,2864,73,5229,22.893855,34129,4098
sts4098,p8_g4_l1,GreedyRecomputerMask7,1540,8093,2864,73,5229,22.893855,34129,4098
sts4098,p8_g4_l1,GreedyRecomputerMask2,855,8265,3079,72,5186,22.893855,34129,4098
sts4098,p8_g4_l1,GreedyRecomputerMask4,1099,8278,3090,75,5188,22.893855,34129,4098
sts4098,p8_g4_l1,GreedyBspHC,520,9343,4152,81,5191,22.893855,34129,4098
instance_conjugate_gradient_gyro_m,p8_g4_l1,GreedyRecomputerMask0,4172,103896,51762,3983,52134,2.363321,70893,47023
instance_conjugate_gradient_gyro_m,p8_g4_l1,GreedyRecomputerMask1,5891,103888,51753,3982,52135,2.363321,70893,47023
instance_conjugate_gradient_gyro_m,p8_g4_l1,GreedyRecomputerMask3,8131,93450,38333,2490,55117,2.363321,70893,47023
instance_conjugate_gradient_gyro_m,p8_g4_l1,GreedyRecomputerMask7,12092,93442,38321,2490,55121,2.363321,70893,47023
instance_conjugate_gradient_gyro_m,p8_g4_l1,GreedyRecomputerMask2,5823,93458,38342,2491,55116,2.363321,70893,47023
instance_conjugate_gradient_gyro_m,p8_g4_l1,GreedyRecomputerMask4,8691,94942,39822,3983,55120,2.363321,70893,47023
instance_conjugate_gradient_gyro_m,p8_g4_l1,GreedyBspHC,3671,103896,51762,3984,52134,2.363321,70893,47023
instance_kNN_N30_K12_nzP0d15,p8_g4_l1,GreedyRecomputerMask0,175,1583,967,20,616,81.291667,4437,1951
instance_kNN_N30_K12_nzP0d15,p8_g4_l1,GreedyRecomputerMask1,208,1430,778,19,652,81.291667,4437,1951
instance_kNN_N30_K12_nzP0d15,p8_g4_l1,GreedyRecomputerMask3,226,1429,777,18,652,81.291667,4437,1951
instance_kNN_N30_K12_nzP0d15,p8_g4_l1,GreedyRecomputerMask7,336,1429,777,18,652,81.291667,4437,1951
instance_kNN_N30_K12_nzP0d15,p8_g4_l1,GreedyRecomputerMask2,217,1582,966,19,616,81.291667,4437,1951
instance_kNN_N30_K12_nzP0d15,p8_g4_l1,GreedyRecomputerMask4,227,1583,967,20,616,81.291667,4437,1951
instance_kNN_N30_K12_nzP0d15,p8_g4_l1,GreedyBspHC,148,1795,1179,20,616,81.291667,4437,1951
bcsstk13,p8_g4_l1,GreedyRecomputerMask0,3945,22393,4434,207,17959,3.477431,40940,2003
bcsstk13,p8_g4_l1,GreedyRecomputerMask1,4015,22357,4394,207,17963,3.477431,40940,2003
bcsstk13,p8_g4_l1,GreedyRecomputerMask3,4163,22301,4352,197,17949,3.477431,40940,2003
bcsstk13,p8_g4_l1,GreedyRecomputerMask7,4822,22302,4352,197,17950,3.477431,40940,2003
bcsstk13,p8_g4_l1,GreedyRecomputerMask2,4133,22341,4396,197,17945,3.477431,40940,2003
bcsstk13,p8_g4_l1,GreedyRecomputerMask4,4641,22377,4418,207,17959,3.477431,40940,2003
bcsstk13,p8_g4_l1,GreedyBspHC,3813,25329,7342,239,17987,3.477431,40940,2003
pumsb_star.psdd,p8_g4_l1,GreedyRecomputerMask0,2633,15702,10635,16,5067,1429.785714,110115,40034
pumsb_star.psdd,p8_g4_l1,GreedyRecomputerMask1,4348,14634,9219,16,5415,1429.785714,110115,40034
pumsb_star.psdd,p8_g4_l1,GreedyRecomputerMask3,5691,14590,9174,15,5416,1429.785714,110115,40034
pumsb_star.psdd,p8_g4_l1,GreedyRecomputerMask7,9975,14590,9174,15,5416,1429.785714,110115,40034
pumsb_star.psdd,p8_g4_l1,GreedyRecomputerMask2,4101,14973,9001,14,5972,1429.785714,110115,40034
pumsb_star.psdd,p8_g4_l1,GreedyRecomputerMask4,4062,15702,10635,16,5067,1429.785714,110115,40034
pumsb_star.psdd,p8_g4_l1,GreedyBspHC,2057,17246,12179,16,5067,1429.785714,110115,40034
m_t1,p8_g4_l1,GreedyRecomputerMask0,22806,731411,68769,242,662642,22.878781,4827996,97578
m_t1,p8_g4_l1,GreedyRecomputerMask1,28485,731142,68481,242,662661,22.878781,4827996,97578
m_t1,p8_g4_l1,GreedyRecomputerMask3,44449,731141,68480,241,662661,22.878781,4827996,97578
m_t1,p8_g4_l1,GreedyRecomputerMask7,129350,731141,68480,241,662661,22.878781,4827996,97578
m_t1,p8_g4_l1,GreedyRecomputerMask2,35785,731410,68768,241,662642,22.878781,4827996,97578
m_t1,p8_g4_l1,GreedyRecomputerMask4,81956,731411,68769,242,662642,22.878781,4827996,97578
m_t1,p8_g4_l1,GreedyBspHC,11413,761545,98785,256,662760,22.878781,4827996,97578
dna-500.psdd,p8_g4_l1,GreedyRecomputerMask0,5767,30073,8229,26,21844,2098.012048,552352,174135
dna-500.psdd,p8_g4_l1,GreedyRecomputerMask1,7887,29293,7237,26,22056,2098.012048,552352,174135
dna-500.psdd,p8_g4_l1,GreedyRecomputerMask3,10752,29293,7237,26,22056,2098.012048,552352,174135
dna-500.psdd,p8_g4_l1,GreedyRecomputerMask7,21313,29293,7237,26,22056,2098.012048,552352,174135
dna-500.psdd,p8_g4_l1,GreedyRecomputerMask2,11222,29886,7779,24,22107,2098.012048,552352,174135
dna-500.psdd,p8_g4_l1,GreedyRecomputerMask4,17213,30073,8229,26,21844,2098.012048,552352,174135
dna-500.psdd,p8_g4_l1,GreedyBspHC,3524,31116,9273,26,21843,2098.012048,552352,174135
instance_exp_N40_K5_nzP0d15,p8_g4_l1,GreedyRecomputerMask0,117,1354,861,10,493,163.200000,3480,1632
instance_exp_N40_K5_nzP0d15,p8_g4_l1,GreedyRecomputerMask1,155,1145,593,10,552,163.200000,3480,1632
instance_exp_N40_K5_nzP0d15,p8_g4_l1,GreedyRecomputerMask3,197,1110,483,8,627,163.200000,3480,1632
instance_exp_N40_K5_nzP0d15,p8_g4_l1,GreedyRecomputerMask7,339,1110,483,8,627,163.200000,3480,1632
instance_exp_N40_K5_nzP0d15,p8_g4_l1,GreedyRecomputerMask2,176,1230,619,8,611,163.200000,3480,1632
instance_exp_N40_K5_nzP0d15,p8_g4_l1,GreedyRecomputerMask4,163,1354,861,10,493,163.200000,3480,1632
instance_exp_N40_K5_nzP0d15,p8_g4_l1,GreedyBspHC,94,1446,953,10,493,163.200000,3480,1632
nltcs.10split.psdd,p8_g4_l1,GreedyRecomputerMask0,12,120,98,7,22,14.875000,192,119
nltcs.10split.psdd,p8_g4_l1,GreedyRecomputerMask1,14,87,57,6,30,14.875000,192,119
nltcs.10split.psdd,p8_g4_l1,GreedyRecomputerMask3,16,87,57,6,30,14.875000,192,119
nltcs.10split.psdd,p8_g4_l1,GreedyRecomputerMask7,21,87,57,6,30,14.875000,192,119
nltcs.10split.psdd,p8_g4_l1,GreedyRecomputerMask2,15,76,31,4,45,14.875000,192,119
nltcs.10split.psdd,p8_g4_l1,GreedyRecomputerMask4,16,120,98,7,22,14.875000,192,119
nltcs.10split.psdd,p8_g4_l1,GreedyBspHC,11,128,106,7,22,14.875000,192,119
nasa4704,p8_g4_l1,GreedyRecomputerMask0,718,12621,4615,136,8006,14.254545,50026,4704
nasa4704,p8_g4_l1,GreedyRecomputerMask1,773,12558,4543,136,8015,14.254545,50026,4704
nasa4704,p8_g4_l1,GreedyRecomputerMask3,926,12558,4543,136,8015,14.254545,50026,4704
nasa4704,p8_g4_l1,GreedyRecomputerMask7,1963,12542,4527,136,8015,14.254545,50026,4704
nasa4704,p8_g4_l1,GreedyRecomputerMask2,900,12621,4615,136,8006,14.254545,50026,4704
nasa4704,p8_g4_l1,GreedyRecomputerMask4,1724,12605,4599,136,8006,14.254545,50026,4704
nasa4704,p8_g4_l1,GreedyBspHC,567,14498,6491,140,8007,14.254545,50026,4704
thermal1,p8_g4_l1,GreedyRecomputerMask0,5602,47201,15991,88,31210,85.210309,245902,82654
thermal1,p8_g4_l1,GreedyRecomputerMask1,22790,39212,7531,88,31681,85.210309,245902,82654
thermal1,p8_g4_l1,GreedyRecomputerMask3,24790,39195,7517,86,31678,85.210309,245902,82654
thermal1,p8_g4_l1,GreedyRecomputerMask7,34318,39195,7517,86,31678,85.210309,245902,82654
thermal1,p8_g4_l1,GreedyRecomputerMask2,8543,45765,14252,85,31513,85.210309,245902,82654
thermal1,p8_g4_l1,GreedyRecomputerMask4,12187,47200,15990,87,31210,85.210309,245902,82654
thermal1,p8_g4_l1,GreedyBspHC,4546,49347,18139,89,31208,85.210309,245902,82654
cfd1,p8_g4_l1,GreedyRecomputerMask0,29570,211890,72973,1970,138917,16.283936,878854,70656
cfd1,p8_g4_l1,GreedyRecomputerMask1,30706,211720,72773,1970,138947,16.283936,878854,70656
cfd1,p8_g4_l1,GreedyRecomputerMask3,33644,211713,72775,1968,138938,16.283936,878854,70656
cfd1,p8_g4_l1,GreedyRecomputerMask7,45280,211713,72775,1968,138938,16.283936,878854,70656
cfd1,p8_g4_l1,GreedyRecomputerMask2,33430,211883,72975,1968,138908,16.283936,878854,70656
cfd1,p8_g4_l1,GreedyRecomputerMask4,41903,211890,72973,1970,138917,16.283936,878854,70656
cfd1,p8_g4_l1,GreedyBspHC,26079,254693,115765,1983,138928,16.283936,878854,70656
instance_CG_N45_K13_nzP0d15,p8_g4_l1,GreedyRecomputerMask0,885,10923,6907,88,4016,63.135484,22088,9786
instance_CG_N45_K13_nzP0d15,p8_g4_l1,GreedyRecomputerMask1,982,10693,6603,88,4090,63.135484,22088,9786
instance_CG_N45_K13_nzP0d15,p8_g4_l1,GreedyRecomputerMask3,1294,10690,6598,87,4092,63.135484,22088,9786
instance_CG_N45_K13_nzP0d15,p8_g4_l1,GreedyRecomputerMask7,2117,10670,6578,87,4092,63.135484,22088,9786
instance_CG_N45_K13_nzP0d15,p8_g4_l1,GreedyRecomputerMask2,1242,10721,6547,84,4174,63.135484,22088,9786
instance_CG_N45_K13_nzP0d15,p8_g4_l1,GreedyRecomputerMask4,1789,10905,6887,88,4018,63.135484,22088,9786
instance_CG_N45_K13_nzP0d15,p8_g4_l1,GreedyBspHC,762,11634,7626,94,4008,63.135484,22088,9786
instance_kNN_N30_K8_nzP0d15,p8_g4_l1,GreedyRecomputerMask0,101,1001,639,12,362,76.187500,2601,1219
instance_kNN_N30_K8_nzP0d15,p8_g4_l1,GreedyRecomputerMask1,114,873,470,11,403,76.187500,2601,1219
instance_kNN_N30_K8_nzP0d15,p8_g4_l1,GreedyRecomputerMask3,135,870,465,10,405,76.187500,2601,1219
instance_kNN_N30_K8_nzP0d15,p8_g4_l1,GreedyRecomputerMask7,203,870,465,10,405,76.187500,2601,1219
instance_kNN_N30_K8_nzP0d15,p8_g4_l1,GreedyRecomputerMask2,129,998,634,11,364,76.187500,2601,1219
instance_kNN_N30_K8_nzP0d15,p8_g4_l1,GreedyRecomputerMask4,174,1001,639,12,362,76.187500,2601,1219
instance_kNN_N30_K8_nzP0d15,p8_g4_l1,GreedyBspHC,87,1081,719,12,362,76.187500,2601,1219
instance_spmv_N70_nzP0d19,p8_g4_l1,GreedyRecomputerMask0,141,1053,594,3,459,960.000000,2670,1920
instance_spmv_N70_nzP0d19,p8_g4_l1,GreedyRecomputerMask1,171,922,418,3,504,960.000000,2670,1920
instance_spmv_N70_nzP0d19,p8_g4_l1,GreedyRecomputerMask3,192,802,0,1,802,960.000000,2670,1920
instance_spmv_N70_nzP0d19,p8_g4_l1,GreedyRecomputerMask7,297,802,0,1,802,960.000000,2670,1920
instance_spmv_N70_nzP0d19,p8_g4_l1,GreedyRecomputerMask2,175,802,0,1,802,960.000000,2670,1920
instance_spmv_N70_nzP0d19,p8_g4_l1,GreedyRecomputerMask4,251,1053,594,3,459,960.000000,2670,1920
instance_spmv_N70_nzP0d19,p8_g4_l1,GreedyBspHC,126,1057,598,3,459,960.000000,2670,1920
nasa1824,p8_g4_l1,GreedyRecomputerMask0,332,5412,2088,81,3324,9.859459,18692,1824
nasa1824,p8_g4_l1,GreedyRecomputerMask1,359,5399,2076,81,3323,9.859459,18692,1824
nasa1824,p8_g4_l1,GreedyRecomputerMask3,407,5395,2078,79,3317,9.859459,18692,1824
nasa1824,p8_g4_l1,GreedyRecomputerMask7,633,5375,2058,79,3317,9.859459,18692,1824
nasa1824,p8_g4_l1,GreedyRecomputerMask2,401,5408,2090,79,3318,9.859459,18692,1824
nasa1824,p8_g4_l1,GreedyRecomputerMask4,573,5392,2068,81,3324,9.859459,18692,1824
nasa1824,p8_g4_l1,GreedyBspHC,278,6279,2952,87,3327,9.859459,18692,1824
kdd.psdd,p8_g4_l1,GreedyRecomputerMask0,2236,12568,8482,11,4086,1601.050000,79972,32021
kdd.psdd,p8_g4_l1,GreedyRecomputerMask1,3306,11899,7626,11,4273,1601.050000,79972,32021
kdd.psdd,p8_g4_l1,GreedyRecomputerMask3,4616,11165,4819,8,6346,1601.050000,79972,32021
kdd.psdd,p8_g4_l1,GreedyRecomputerMask7,7941,11165,4819,8,6346,1601.050000,79972,32021
kdd.psdd,p8_g4_l1,GreedyRecomputerMask2,3370,11440,5059,8,6381,1601.050000,79972,32021
kdd.psdd,p8_g4_l1,GreedyRecomputerMask4,4521,12568,8482,11,4086,1601.050000,79972,32021
kdd.psdd,p8_g4_l1,GreedyBspHC,1823,13326,9242,11,4084,1601.050000,79972,32021
thermomech_TC,p8_g4_l1,GreedyRecomputerMask0,10556,73236,35101,10,38135,318.249221,304700,102158
thermomech_TC,p8_g4_l1,GreedyRecomputerMask1,276360,54570,13477,10,41093,318.249221,304700,102158
thermomech_TC,p8_g4_l1,GreedyRecomputerMask3,284422,53511,11424,9,42087,318.249221,304700,102158
thermomech_TC,p8_g4_l1,GreedyRecomputerMask7,304894,53486,11320,9,42166,318.249221,304700,102158
thermomech_TC,p8_g4_l1,GreedyRecomputerMask2,14855,57180,2631,8,54549,318.249221,304700,102158
thermomech_TC,p8_g4_l1,GreedyRecomputerMask4,21216,73236,35101,10,38135,318.249221,304700,102158
thermomech_TC,p8_g4_l1,GreedyBspHC,8708,73586,35453,10,38133,318.249221,304700,102158
instance_spmv_N120_nzP0d18,p8_g4_l1,GreedyRecomputerMask0,384,2786,1494,3,1292,2663.000000,7629,5326
instance_spmv_N120_nzP0d18,p8_g4_l1,GreedyRecomputerMask1,488,2526,1146,3,1380,2663.000000,7629,5326
instance_spmv_N120_nzP0d18,p8_g4_l1,GreedyRecomputerMask3,553,2218,0,1,2218,2663.000000,7629,5326
instance_spmv_N120_nzP0d18,p8_g4_l1,GreedyRecomputerMask7,860,2218,0,1,2218,2663.000000,7629,5326
instance_spmv_N120_nzP0d18,p8_g4_l1,GreedyRecomputerMask2,464,2218,0,1,2218,2663.000000,7629,5326
instance_spmv_N120_nzP0d18,p8_g4_l1,GreedyRecomputerMask4,529,2786,1494,3,1292,2663.000000,7629,5326
instance_spmv_N120_nzP0d18,p8_g4_l1,GreedyBspHC,328,2794,1502,3,1292,2663.000000,7629,5326
raefsky4,p8_g4_l1,GreedyRecomputerMask0,2635,101713,15696,101,86017,54.040984,654416,19779
raefsky4,p8_g4_l1,GreedyRecomputerMask1,3536,101541,15516,101,86025,54.040984,654416,19779
raefsky4,p8_g4_l1,GreedyRecomputerMask3,5487,101536,15511,100,86025,54.040984,654416,19779
raefsky4,p8_g4_l1,GreedyRecomputerMask7,16636,101536,15511,100,86025,54.040984,654416,19779
raefsky4,p8_g4_l1,GreedyRecomputerMask2,5230,101708,15691,100,86017,54.040984,654416,19779
raefsky4,p8_g4_l1,GreedyRecomputerMask4,10432,101713,15696,101,86017,54.040984,654416,19779
raefsky4,p8_g4_l1,GreedyBspHC,1088,108529,22512,102,86017,54.040984,654416,19779
instance_exp_N60_K17_nzP0d13,p8_g4_l1,GreedyRecomputerMask0,668,7463,4489,26,2974,268.382353,22821,9125
instance_exp_N60_K17_nzP0d13,p8_g4_l1,GreedyRecomputerMask1,950,6682,3461,26,3221,268.382353,22821,9125
instance_exp_N60_K17_nzP0d13,p8_g4_l1,GreedyRecomputerMask3,1374,6624,3290,23,3334,268.382353,22821,9125
instance_exp_N60_K17_nzP0d13,p8_g4_l1,GreedyRecomputerMask7,2486,6624,3290,23,3334,268.382353,22821,9125
instance_exp_N60_K17_nzP0d13,p8_g4_l1,GreedyRecomputerMask2,1059,7145,3950,23,3195,268.382353,22821,9125
instance_exp_N60_K17_nzP0d13,p8_g4_l1,GreedyRecomputerMask4,944,7463,4489,26,2974,268.382353,22821,9125
instance_exp_N60_K17_nzP0d13,p8_g4_l1,GreedyBspHC,532,7907,4933,26,2974,268.382353,22821,9125
instance_spmv_N65_nzP0d18,p8_g4_l1,GreedyRecomputerMask0,113,895,514,3,381,802.000000,2211,1604
instance_spmv_N65_nzP0d18,p8_g4_l1,GreedyRecomputerMask1,123,884,502,3,382,802.000000,2211,1604
instance_spmv_N65_nzP0d18,p8_g4_l1,GreedyRecomputerMask3,141,669,0,1,669,802.000000,2211,1604
instance_spmv_N65_nzP0d18,p8_g4_l1,GreedyRecomputerMask7,227,669,0,1,669,802.000000,2211,1604
instance_spmv_N65_nzP0d18,p8_g4_l1,GreedyRecomputerMask2,137,669,0,1,669,802.000000,2211,1604
instance_spmv_N65_nzP0d18,p8_g4_l1,GreedyRecomputerMask4,154,895,514,3,381,802.000000,2211,1604
instance_spmv_N65_nzP0d18,p8_g4_l1,GreedyBspHC,101,903,522,3,381,802.000000,2211,1604
instance_CG_N40_K10_nzP0d2,p8_g4_l1,GreedyRecomputerMask0,751,8086,5116,65,2970,61.638655,16632,7335
instance_CG_N40_K10_nzP0d2,p8_g4_l1,GreedyRecomputerMask1,860,7862,4820,65,3042,61.638655,16632,7335
instance_CG_N40_K10_nzP0d2,p8_g4_l1,GreedyRecomputerMask3,1060,7856,4814,63,3042,61.638655,16632,7335
instance_CG_N40_K10_nzP0d2,p8_g4_l1,GreedyRecomputerMask7,1683,7856,4814,63,3042,61.638655,16632,7335
instance_CG_N40_K10_nzP0d2,p8_g4_l1,GreedyRecomputerMask2,1019,7908,4772,61,3136,61.638655,16632,7335
instance_CG_N40_K10_nzP0d2,p8_g4_l1,GreedyRecomputerMask4,1194,8086,5116,65,2970,61.638655,16632,7335
instance_CG_N40_K10_nzP0d2,p8_g4_l1,GreedyBspHC,662,8660,5692,69,2968,61.638655,16632,7335
baudio.psdd,p8_g4_l1,GreedyRecomputerMask0,1890,12420,8046,15,4374,1329.500000,94229,34567
baudio.psdd,p8_g4_l1,GreedyRecomputerMask1,3115,11651,7033,14,4618,1329.500000,94229,34567
baudio.psdd,p8_g4_l1,GreedyRecomputerMask3,3722,11651,7033,14,4618,1329.500000,94229,34567
baudio.psdd,p8_g4_l1,GreedyRecomputerMask7,6010,11651,7033,14,4618,1329.500000,94229,34567
baudio.psdd,p8_g4_l1,GreedyRecomputerMask2,3134,11920,5623,12,6297,1329.500000,94229,34567
baudio.psdd,p8_g4_l1,GreedyRecomputerMask4,4363,12420,8046,15,4374,1329.500000,94229,34567
baudio.psdd,p8_g4_l1,GreedyBspHC,1430,13448,9074,15,4374,1329.500000,94229,34567
instance_exp_N100_K40_nzP0d2,p8_g4_l1,GreedyRecomputerMask0,5880,68115,38567,60,29548,1042.425000,232080,83394
instance_exp_N100_K40_nzP0d2,p8_g4_l1,GreedyRecomputerMask1,11653,63936,32999,60,30937,1042.425000,232080,83394
instance_exp_N100_K40_nzP0d2,p8_g4_l1,GreedyRecomputerMask3,15279,63936,32999,60,30937,1042.425000,232080,83394
instance_exp_N100_K40_nzP0d2,p8_g4_l1,GreedyRecomputerMask7,24348,63936,32999,60,30937,1042.425000,232080,83394
instance_exp_N100_K40_nzP0d2,p8_g4_l1,GreedyRecomputerMask2,10679,66542,36033,58,30509,1042.425000,232080,83394
instance_exp_N100_K40_nzP0d2,p8_g4_l1,GreedyRecomputerMask4,12419,68115,38567,60,29548,1042.425000,232080,83394
instance_exp_N100_K40_nzP0d2,p8_g4_l1,GreedyBspHC,4396,70323,40791,60,29532,1042.425000,232080,83394
ad.psdd,p8_g4_l1,GreedyRecomputerMask0,1949,9081,6245,22,2836,464.104167,47345,22277
ad.psdd,p8_g4_l1,GreedyRecomputerMask1,4466,7348,3956,21,3392,464.104167,47345,22277
ad.psdd,p8_g4_l1,GreedyRecomputerMask3,4802,7348,3956,21,3392,464.104167,47345,22277
ad.psdd,p8_g4_l1,GreedyRecomputerMask7,6454,7348,3956,21,3392,464.104167,47345,22277
ad.psdd,p8_g4_l1,GreedyRecomputerMask2,2658,7078,2890,19,4188,464.104167,47345,22277
ad.psdd,p8_g4_l1,GreedyRecomputerMask4,3626,9081,6245,22,2836,464.104167,47345,22277
ad.psdd,p8_g4_l1,GreedyBspHC,1660,9809,6973,22,2836,464.104167,47345,22277
1138_bus,p8_g4_l1,GreedyRecomputerMask0,52,465,267,8,198,56.900000,1458,1138
1138_bus,p8_g4_l1,GreedyRecomputerMask1,60,376,175,8,201,56.900000,1458,1138
1138_bus,p8_g4_l1,GreedyRecomputerMask3,81,357,126,7,231,56.900000,1458,1138
1138_bus,p8_g4_l1,GreedyRecomputerMask7,160,357,126,7,231,56.900000,1458,1138
1138_bus,p8_g4_l1,GreedyRecomputerMask2,68,377,88,5,289,56.900000,1458,1138
1138_bus,p8_g4_l1,GreedyRecomputerMask4,76,465,267,8,198,56.900000,1458,1138
1138_bus,p8_g4_l1,GreedyBspHC,44,481,283,8,198,56.900000,1458,1138
instance_exp_N90_K7_nzP0d14,p8_g4_l1,GreedyRecomputerMask0,845,8654,5531,12,3123,688.000000,23394,9632
instance_exp_N90_K7_nzP0d14,p8_g4_l1,GreedyRecomputerMask1,1827,7263,3695,12,3568,688.000000,23394,9632
instance_exp_N90_K7_nzP0d14,p8_g4_l1,GreedyRecomputerMask3,2157,7103,3221,10,3882,688.000000,23394,9632
instance_exp_N90_K7_nzP0d14,p8_g4_l1,GreedyRecomputerMask7,3131,7103,3221,10,3882,688.000000,23394,9632
instance_exp_N90_K7_nzP0d14,p8_g4_l1,GreedyRecomputerMask2,1314,7949,4297,10,3652,688.000000,23394,9632
instance_exp_N90_K7_nzP0d14,p8_g4_l1,GreedyRecomputerMask4,1567,8654,5531,12,3123,688.000000,23394,9632
instance_exp_N90_K7_nzP0d14,p8_g4_l1,GreedyBspHC,688,8934,5811,12,3123,688.000000,23394,9632
bbc.psdd,p8_g4_l1,GreedyRecomputerMask0,1865,10591,7276,17,3315,591.431818,54018,26023
bbc.psdd,p8_g4_l1,GreedyRecomputerMask1,5027,8565,4572,17,3993,591.431818,54018,26023
bbc.psdd,p8_g4_l1,GreedyRecomputerMask3,5426,8565,4572,17,3993,591.431818,54018,26023
bbc.psdd,p8_g4_l1,GreedyRecomputerMask7,7199,8565,4572,17,3993,591.431818,54018,26023
bbc.psdd,p8_g4_l1,GreedyRecomputerMask2,2726,8943,3870,15,5073,591.431818,54018,26023
bbc.psdd,p8_g4_l1,GreedyRecomputerMask4,3739,10591,7276,17,3315,591.431818,54018,26023
bbc.psdd,p8_g4_l1,GreedyBspHC,1546,10936,7640,17,3296,591.431818,54018,26023
Dubcova1,p8_g4_l1,GreedyRecomputerMask0,7836,24465,7930,179,16535,22.878014,118440,16129
Dubcova1,p8_g4_l1,GreedyRecomputerMask1,8967,23089,6391,180,16698,22.878014,118440,16129
Dubcova1,p8_g4_l1,GreedyRecomputerMask3,9953,23040,6314,175,16726,22.878014,118440,16129
Dubcova1,p8_g4_l1,GreedyRecomputerMask7,14124,23039,6313,174,16726,22.878014,118440,16129
Dubcova1,p8_g4_l1,GreedyRecomputerMask2,8633,23817,6564,169,17253,22.878014,118440,16129
Dubcova1,p8_g4_l1,GreedyRecomputerMask4,9609,24464,7929,178,16535,22.878014,118440,16129
Dubcova1,p8_g4_l1,GreedyBspHC,7316,27349,10826,196,16523,22.878014,118440,16129
instance_spmv_N130_nzP0d22,p8_g4_l1,GreedyRecomputerMask0,540,3854,2022,3,1832,3741.000000,10833,7482
instance_spmv_N130_nzP0d22,p8_g4_l1,GreedyRecomputerMask1,694,3563,1634,3,1929,3741.000000,10833,7482
instance_spmv_N130_nzP0d22,p8_g4_l1,GreedyRecomputerMask3,773,3123,0,1,3123,3741.000000,10833,7482
instance_spmv_N130_nzP0d22,p8_g4_l1,GreedyRecomputerMask7,1221,3123,0,1,3123,3741.000000,10833,7482
instance_spmv_N130_nzP0d22,p8_g4_l1,GreedyRecomputerMask2,657,3123,0,1,3123,3741.000000,10833,7482
instance_spmv_N130_nzP0d22,p8_g4_l1,GreedyRecomputerMask4,998,3854,2022,3,1832,3741.000000,10833,7482
instance_spmv_N130_nzP0d22,p8_g4_l1,GreedyBspHC,458,3874,2042,3,1832,3741.000000,10833,7482
Andrews,p8_g4_l1,GreedyRecomputerMask0,9072,91105,47096,13,44009,1304.347826,350077,60000
Andrews,p8_g4_l1,GreedyRecomputerMask1,109808,79682,32396,13,47286,1304.347826,350077,60000
Andrews,p8_g4_l1,GreedyRecomputerMask3,120757,78924,30935,12,47989,1304.347826,350077,60000
Andrews,p8_g4_l1,GreedyRecomputerMask7,157987,78917,30919,12,47998,1304.347826,350077,60000
Andrews,p8_g4_l1,GreedyRecomputerMask2,13956,83976,33214,11,50762,1304.347826,350077,60000
Andrews,p8_g4_l1,GreedyRecomputerMask4,18246,91105,47096,13,44009,1304.347826,350077,60000
Andrews,p8_g4_l1,GreedyBspHC,6894,91717,47708,13,44009,1304.347826,350077,60000
msnbc-yitao-c.psdd,p8_g4_l1,GreedyRecomputerMask0,434,2601,1973,6,628,997.800000,7164,4989
msnbc-yitao-c.psdd,p8_g4_l1,GreedyRecomputerMask1,799,1944,1097,6,847,997.800000,7164,4989
msnbc-yitao-c.psdd,p8_g4_l1,GreedyRecomputerMask3,865,1798,507,4,1291,997.800000,7164,4989
msnbc-yitao-c.psdd,p8_g4_l1,GreedyRecomputerMask7,1167,1798,507,4,1291,997.800000,7164,4989
msnbc-yitao-c.psdd,p8_g4_l1,GreedyRecomputerMask2,519,1798,507,4,1291,997.800000,7164,4989
msnbc-yitao-c.psdd,p8_g4_l1,GreedyRecomputerMask4,751,2601,1973,6,628,997.800000,7164,4989
msnbc-yitao-c.psdd,p8_g4_l1,GreedyBspHC,378,2625,1997,6,628,997.800000,7164,4989
bcsstk26,p8_g4_l1,GreedyRecomputerMask0,188,3799,1068,37,2731,11.791411,14207,1922
bcsstk26,p8_g4_l1,GreedyRecomputerMask1,229,3765,1036,37,2729,11.791411,14207,1922
bcsstk26,p8_g4_l1,GreedyRecomputerMask3,310,3764,1035,36,2729,11.791411,14207,1922
bcsstk26,p8_g4_l1,GreedyRecomputerMask7,678,3764,1035,36,2729,11.791411,14207,1922
bcsstk26,p8_g4_l1,GreedyRecomputerMask2,240,3798,1067,36,2731,11.791411,14207,1922
bcsstk26,p8_g4_l1,GreedyRecomputerMask4,379,3799,1068,37,2731,11.791411,14207,1922
bcsstk26,p8_g4_l1,GreedyBspHC,157,4096,1384,41,2712,11.791411,14207,1922
instance_CG_N120_K35_nzP0d11,p8_g4_l1,GreedyRecomputerMask0,8492,94973,56583,240,38390,230.751790,241842,96685
instance_CG_N120_K35_nzP0d11,p8_g4_l1,GreedyRecomputerMask1,11471,93075,53979,240,39096,230.751790,241842,96685
instance_CG_N120_K35_nzP0d11,p8_g4_l1,GreedyRecomputerMask3,14531,93064,53968,229,39096,230.751790,241842,96685
instance_CG_N120_K35_nzP0d11,p8_g4_l1,GreedyRecomputerMask7,24032,93060,53964,229,39096,230.751790,241842,96685
instance_CG_N120_K35_nzP0d11,p8_g4_l1,GreedyRecomputerMask2,12687,93864,54690,227,39174,230.751790,241842,96685
instance_CG_N120_K35_nzP0d11,p8_g4_l1,GreedyRecomputerMask4,15374,94969,56579,240,38390,230.751790,241842,96685
instance_CG_N120_K35_nzP0d11,p8_g4_l1,GreedyBspHC,7038,101598,63210,246,38388,230.751790,241842,96685
nasa2910,p8_g4_l1,GreedyRecomputerMask0,6183,31044,5935,196,25109,6.100629,85693,2910
nasa2910,p8_g4_l1,GreedyRecomputerMask1,6362,30770,5618,195,25152,6.100629,85693,2910
nasa2910,p8_g4_l1,GreedyRecomputerMask3,6955,30654,5595,180,25059,6.100629,85693,2910
nasa2910,p8_g4_l1,GreedyRecomputerMask7,9254,30588,5527,180,25061,6.100629,85693,2910
nasa2910,p8_g4_l1,GreedyRecomputerMask2,6836,30896,5901,178,24995,6.100629,85693,2910
nasa2910,p8_g4_l1,GreedyRecomputerMask4,7585,30988,5879,196,25109,6.100629,85693,2910
nasa2910,p8_g4_l1,GreedyBspHC,5933,34490,9323,227,25167,6.100629,85693,2910
gyro_m,p8_g4_l1,GreedyRecomputerMask0,2547,30692,7969,226,22723,18.647691,161535,17361
gyro_m,p8_g4_l1,GreedyRecomputerMask1,2841,30596,7829,226,22767,18.647691,161535,17361
gyro_m,p8_g4_l1,GreedyRecomputerMask3,3557,30578,7815,220,22763,18.647691,161535,17361
gyro_m,p8_g4_l1,GreedyRecomputerMask7,6573,30574,7811,220,22763,18.647691,161535,17361
gyro_m,p8_g4_l1,GreedyRecomputerMask2,3457,30670,7951,220,22719,18.647691,161535,17361
gyro_m,p8_g4_l1,GreedyRecomputerMask4,4686,30668,7945,226,22723,18.647691,161535,17361
gyro_m,p8_g4_l1,GreedyBspHC,2165,33109,10376,237,22733,18.647691,161535,17361
instance_kNN_N55_K14_nzP0d15,p2_g4_l20,GreedyRecomputerMask0,213,14463,5560,15,8903,247.892857,17244,6941
instance_kNN_N55_K14_nzP0d15,p2_g4_l20,GreedyRecomputerMask1,276,13848,4728,15,9120,247.892857,17244,6941
instance_kNN_N55_K14_nzP0d15,p2_g4_l20,GreedyRecomputerMask3,400,13716,4276,12,9440,247.892857,17244,6941
instance_kNN_N55_K14_nzP0d15,p2_g4_l20,GreedyRecomputerMask7,533,13716,4276,12,9440,247.892857,17244,6941
instance_kNN_N55_K14_nzP0d15,p2_g4_l20,GreedyRecomputerMask2,344,13777,4368,12,9409,247.892857,17244,6941
instance_kNN_N55_K14_nzP0d15,p2_g4_l20,GreedyRecomputerMask4,326,14463,5560,15,8903,247.892857,17244,6941
instance_kNN_N55_K14_nzP0d15,p2_g4_l20,GreedyBspHC,157,14492,5596,15,8896,247.892857,17244,6941
instance_exp_N30_K8_nzP0d15,p2_g4_l20,GreedyRecomputerMask0,28,2693,1096,9,1597,87.187500,3024,1395
instance_exp_N30_K8_nzP0d15,p2_g4_l20,GreedyRecomputerMask1,39,2522,860,9,1662,87.187500,3024,1395
instance_exp_N30_K8_nzP0d15,p2_g4_l20,GreedyRecomputerMask3,57,2493,808,8,1685,87.187500,3024,1395
instance_exp_N30_K8_nzP0d15,p2_g4_l20,GreedyRecomputerMask7,81,2493,808,8,1685,87.187500,3024,1395
instance_exp_N30_K8_nzP0d15,p2_g4_l20,GreedyRecomputerMask2,51,2535,872,8,1663,87.187500,3024,1395
instance_exp_N30_K8_nzP0d15,p2_g4_l20,GreedyRecomputerMask4,48,2693,1096,9,1597,87.187500,3024,1395
instance_exp_N30_K8_nzP0d15,p2_g4_l20,GreedyBspHC,19,2704,1112,9,1592,87.187500,3024,1395
instance_kNN_N100_K50_nzP0d1,p2_g4_l20,GreedyRecomputerMask0,1256,118587,42120,51,76467,565.210000,151731,56521
instance_kNN_N100_K50_nzP0d1,p2_g4_l20,GreedyRecomputerMask1,2121,117129,40140,51,76989,565.210000,151731,56521
instance_kNN_N100_K50_nzP0d1,p2_g4_l20,GreedyRecomputerMask3,2906,116958,39660,49,77298,565.210000,151731,56521
instance_kNN_N100_K50_nzP0d1,p2_g4_l20,GreedyRecomputerMask7,4302,116958,39660,49,77298,565.210000,151731,56521
instance_kNN_N100_K50_nzP0d1,p2_g4_l20,GreedyRecomputerMask2,2570,117258,39668,48,77590,565.210000,151731,56521
instance_kNN_N100_K50_nzP0d1,p2_g4_l20,GreedyRecomputerMask4,2351,118587,42120,51,76467,565.210000,151731,56521
instance_kNN_N100_K50_nzP0d1,p2_g4_l20,GreedyBspHC,779,118654,42200,51,76454,565.210000,151731,56521
msc10848,p2_g4_l20,GreedyRecomputerMask0,1594,319262,11248,11,308014,18.386441,609465,10848
msc10848,p2_g4_l20,GreedyRecomputerMask1,3234,318332,9896,11,308436,18.386441,609465,10848
msc10848,p2_g4_l20,GreedyRecomputerMask3,4708,318244,9808,10,308436,18.386441,609465,10848
msc10848,p2_g4_l20,GreedyRecomputerMask7,6915,318244,9808,10,308436,18.386441,609465,10848
msc10848,p2_g4_l20,GreedyRecomputerMask2,2799,319174,11160,10,308014,18.386441,609465,10848
msc10848,p2_g4_l20,GreedyRecomputerMask4,3303,319262,11248,11,308014,18.386441,609465,10848
msc10848,p2_g4_l20,GreedyBspHC,524,320000,12020,11,307980,18.386441,609465,10848
plants.psdd,p2_g4_l20,GreedyRecomputerMask0,1257,47632,15736,8,31896,3341.473684,167486,63488
plants.psdd,p2_g4_l20,GreedyRecomputerMask1,3079,46467,14248,8,32219,3341.473684,167486,63488
plants.psdd,p2_g4_l20,GreedyRecomputerMask3,5438,44751,11856,7,32895,3341.473684,167486,63488
plants.psdd,p2_g4_l20,GreedyRecomputerMask7,6889,44751,11856,7,32895,3341.473684,167486,63488
plants.psdd,p2_g4_l20,GreedyRecomputerMask2,2576,45634,13028,7,32606,3341.473684,167486,63488
plants.psdd,p2_g4_l20,GreedyRecomputerMask4,2403,47632,15736,8,31896,3341.473684,167486,63488
plants.psdd,p2_g4_l20,GreedyBspHC,839,47934,16136,8,31798,3341.473684,167486,63488
cvxbqp1,p2_g4_l20,GreedyRecomputerMask0,1369,103286,28264,11,75022,2083.333333,149984,50000
cvxbqp1,p2_g4_l20,GreedyRecomputerMask1,39855,93985,15744,11,78241,2083.333333,149984,50000
cvxbqp1,p2_g4_l20,GreedyRecomputerMask3,40643,93942,15676,8,78266,2083.333333,149984,50000
cvxbqp1,p2_g4_l20,GreedyRecomputerMask7,41984,93942,15676,8,78266,2083.333333,149984,50000
cvxbqp1,p2_g4_l20,GreedyRecomputerMask2,2482,95718,10604,7,85114,2083.333333,149984,50000
cvxbqp1,p2_g4_l20,GreedyRecomputerMask4,2461,103286,28264,11,75022,2083.333333,149984,50000
cvxbqp1,p2_g4_l20,GreedyBspHC,949,103311,28292,11,75019,2083.333333,149984,50000
asia.uai.psdd,p2_g4_l20,GreedyRecomputerMask0,1,111,88,4,23,8.600000,62,43
asia.uai.psdd,p2_g4_l20,GreedyRecomputerMask1,1,98,72,4,26,8.600000,62,43
asia.uai.psdd,p2_g4_l20,GreedyRecomputerMask3,1,43,0,1,43,8.600000,62,43
asia.uai.psdd,p2_g4_l20,GreedyRecomputerMask7,1,43,0,1,43,8.600000,62,43
asia.uai.psdd,p2_g4_l20,GreedyRecomputerMask2,1,43,0,1,43,8.600000,62,43
asia.uai.psdd,p2_g4_l20,GreedyRecomputerMask4,2,93,68,3,25,8.600000,62,43
asia.uai.psdd,p2_g4_l20,GreedyBspHC,0,111,88,4,23,8.600000,62,43
2cubes_sphere,p2_g4_l20,GreedyRecomputerMask0,311103,550646,154808,2532,395838,7.083473,772886,101492
2cubes_sphere,p2_g4_l20,GreedyRecomputerMask1,316629,542299,142648,2518,399651,7.083473,772886,101492
2cubes_sphere,p2_g4_l20,GreedyRecomputerMask3,321616,536136,131628,2063,404508,7.083473,772886,101492
2cubes_sphere,p2_g4_l20,GreedyRecomputerMask7,328455,536136,131628,2063,404508,7.083473,772886,101492
2cubes_sphere,p2_g4_l20,GreedyRecomputerMask2,320069,541520,140164,1975,401356,7.083473,772886,101492
2cubes_sphere,p2_g4_l20,GreedyRecomputerMask4,316298,550645,154804,2532,395841,7.083473,772886,101492
2cubes_sphere,p2_g4_l20,GreedyBspHC,309030,563587,168136,2790,395451,7.083473,772886,101492
instance_CG_N21_K5_nzP0d3,p2_g4_l20,GreedyRecomputerMask0,43,4027,1832,27,2195,32.000000,3996,1888
instance_CG_N21_K5_nzP0d3,p2_g4_l20,GreedyRecomputerMask1,56,3837,1548,27,2289,32.000000,3996,1888
instance_CG_N21_K5_nzP0d3,p2_g4_l20,GreedyRecomputerMask3,78,3653,1316,20,2337,32.000000,3996,1888
instance_CG_N21_K5_nzP0d3,p2_g4_l20,GreedyRecomputerMask7,110,3653,1316,20,2337,32.000000,3996,1888
instance_CG_N21_K5_nzP0d3,p2_g4_l20,GreedyRecomputerMask2,71,3734,1420,20,2314,32.000000,3996,1888
instance_CG_N21_K5_nzP0d3,p2_g4_l20,GreedyRecomputerMask4,66,4003,1808,26,2195,32.000000,3996,1888
instance_CG_N21_K5_nzP0d3,p2_g4_l20,GreedyBspHC,27,4119,1928,28,2191,32.000000,3996,1888
msnbc-yitao-d.psdd,p2_g4_l20,GreedyRecomputerMask0,97,4929,2808,6,2121,848.000000,6908,4240
msnbc-yitao-d.psdd,p2_g4_l20,GreedyRecomputerMask1,355,4029,1608,6,2421,848.000000,6908,4240
msnbc-yitao-d.psdd,p2_g4_l20,GreedyRecomputerMask3,393,3594,256,3,3338,848.000000,6908,4240
msnbc-yitao-d.psdd,p2_g4_l20,GreedyRecomputerMask7,422,3594,256,3,3338,848.000000,6908,4240
msnbc-yitao-d.psdd,p2_g4_l20,GreedyRecomputerMask2,140,3600,256,3,3344,848.000000,6908,4240
msnbc-yitao-d.psdd,p2_g4_l20,GreedyRecomputerMask4,127,4929,2808,6,2121,848.000000,6908,4240
msnbc-yitao-d.psdd,p2_g4_l20,GreedyBspHC,75,4929,2808,6,2121,848.000000,6908,4240
smt,p2_g4_l20,GreedyRecomputerMask0,9286,975981,18728,135,957253,5.519536,1863737,25710
smt,p2_g4_l20,GreedyRecomputerMask1,10931,975768,18508,134,957260,5.519536,1863737,25710
smt,p2_g4_l20,GreedyRecomputerMask3,18807,974892,17632,113,957260,5.519536,1863737,25710
smt,p2_g4_l20,GreedyRecomputerMask7,28140,974892,17632,113,957260,5.519536,1863737,25710
smt,p2_g4_l20,GreedyRecomputerMask2,16072,975080,17812,110,957268,5.519536,1863737,25710
smt,p2_g4_l20,GreedyRecomputerMask4,20750,975385,18076,123,957309,5.519536,1863737,25710
smt,p2_g4_l20,GreedyBspHC,7110,979018,21824,174,957194,5.519536,1863737,25710
c20ng.psdd,p2_g4_l20,GreedyRecomputerMask0,610,24544,11688,10,12856,626.731707,56622,25696
c20ng.psdd,p2_g4_l20,GreedyRecomputerMask1,2912,21706,7904,10,13802,626.731707,56622,25696
c20ng.psdd,p2_g4_l20,GreedyRecomputerMask3,3316,20166,3480,8,16686,626.731707,56622,25696
c20ng.psdd,p2_g4_l20,GreedyRecomputerMask7,3757,20166,3480,8,16686,626.731707,56622,25696
c20ng.psdd,p2_g4_l20,GreedyRecomputerMask2,912,20669,4052,8,16617,626.731707,56622,25696
c20ng.psdd,p2_g4_l20,GreedyRecomputerMask4,1049,24544,11688,10,12856,626.731707,56622,25696
c20ng.psdd,p2_g4_l20,GreedyBspHC,435,24547,11692,10,12855,626.731707,56622,25696
instance_hpcg,p2_g4_l20,GreedyRecomputerMask0,27062,299341,174212,6208,125129,8.626276,193610,72685
instance_hpcg,p2_g4_l20,GreedyRecomputerMask1,27785,298755,173472,6181,125283,8.626276,193610,72685
instance_hpcg,p2_g4_l20,GreedyRecomputerMask3,28794,185924,3140,77,182784,8.626276,193610,72685
instance_hpcg,p2_g4_l20,GreedyRecomputerMask7,30197,185924,3140,77,182784,8.626276,193610,72685
instance_hpcg,p2_g4_l20,GreedyRecomputerMask2,28752,185952,3172,77,182780,8.626276,193610,72685
instance_hpcg,p2_g4_l20,GreedyRecomputerMask4,29183,298824,173260,6174,125564,8.626276,193610,72685
instance_hpcg,p2_g4_l20,GreedyBspHC,26393,299848,174800,6247,125048,8.626276,193610,72685
instance_CG_N17_K8_nzP0d25,p2_g4_l20,GreedyRecomputerMask0,57,4346,2056,43,2290,20.800000,4134,1976
instance_CG_N17_K8_nzP0d25,p2_g4_l20,GreedyRecomputerMask1,68,4233,1896,43,2337,20.800000,4134,1976
instance_CG_N17_K8_nzP0d25,p2_g4_l20,GreedyRecomputerMask3,107,4006,1552,30,2454,20.800000,4134,1976
instance_CG_N17_K8_nzP0d25,p2_g4_l20,GreedyRecomputerMask7,150,4008,1548,30,2460,20.800000,4134,1976
instance_CG_N17_K8_nzP0d25,p2_g4_l20,GreedyRecomputerMask2,90,4072,1648,32,2424,20.800000,4134,1976
instance_CG_N17_K8_nzP0d25,p2_g4_l20,GreedyRecomputerMask4,83,4322,2032,42,2290,20.800000,4134,1976
instance_CG_N17_K8_nzP0d25,p2_g4_l20,GreedyBspHC,44,4452,2172,43,2280,20.800000,4134,1976
kdd-6k.psdd,p2_g4_l20,GreedyRecomputerMask0,61,2802,1456,7,1346,134.300000,6527,2686
kdd-6k.psdd,p2_g4_l20,GreedyRecomputerMask1,84,2538,1104,7,1434,134.300000,6527,2686
kdd-6k.psdd,p2_g4_l20,GreedyRecomputerMask3,126,2371,600,5,1771,134.300000,6527,2686
kdd-6k.psdd,p2_g4_l20,GreedyRecomputerMask7,174,2371,600,5,1771,134.300000,6527,2686
kdd-6k.psdd,p2_g4_l20,GreedyRecomputerMask2,94,2431,676,5,1755,134.300000,6527,2686
kdd-6k.psdd,p2_g4_l20,GreedyRecomputerMask4,79,2802,1456,7,1346,134.300000,6527,2686
kdd-6k.psdd,p2_g4_l20,GreedyBspHC,44,2802,1456,7,1346,134.300000,6527,2686
instance_spmv_N300_nzP0d3,p2_g4_l20,GreedyRecomputerMask0,1347,81210,27360,3,53850,27150.000000,80550,54300
instance_spmv_N300_nzP0d3,p2_g4_l20,GreedyRecomputerMask1,1591,80737,26736,2,54001,27150.000000,80550,54300
instance_spmv_N300_nzP0d3,p2_g4_l20,GreedyRecomputerMask3,1940,74038,0,1,74038,27150.000000,80550,54300
instance_spmv_N300_nzP0d3,p2_g4_l20,GreedyRecomputerMask7,2434,74038,0,1,74038,27150.000000,80550,54300
instance_spmv_N300_nzP0d3,p2_g4_l20,GreedyRecomputerMask2,1900,74038,0,1,74038,27150.000000,80550,54300
instance_spmv_N300_nzP0d3,p2_g4_l20,GreedyRecomputerMask4,1760,81210,27360,3,53850,27150.000000,80550,54300
instance_spmv_N300_nzP0d3,p2_g4_l20,GreedyBspHC,1004,81210,27360,3,53850,27150.000000,80550,54300
instance_exp_N70_K5_nzP0d18,p2_g4_l20,GreedyRecomputerMask0,132,12173,5284,7,6889,555.000000,12825,5550
instance_exp_N70_K5_nzP0d18,p2_g4_l20,GreedyRecomputerMask1,480,10740,3196,7,7544,555.000000,12825,5550
instance_exp_N70_K5_nzP0d18,p2_g4_l20,GreedyRecomputerMask3,546,10543,2952,5,7591,555.000000,12825,5550
instance_exp_N70_K5_nzP0d18,p2_g4_l20,GreedyRecomputerMask7,651,10543,2952,5,7591,555.000000,12825,5550
instance_exp_N70_K5_nzP0d18,p2_g4_l20,GreedyRecomputerMask2,239,10831,3224,5,7607,555.000000,12825,5550
instance_exp_N70_K5_nzP0d18,p2_g4_l20,GreedyRecomputerMask4,236,12173,5284,7,6889,555.000000,12825,5550
instance_exp_N70_K5_nzP0d18,p2_g4_l20,GreedyBspHC,90,12210,5332,7,6878,555.000000,12825,5550
asia-bdd.psdd,p2_g4_l20,GreedyRecomputerMask0,1,125,96,4,29,7.142857,104,50
asia-bdd.psdd,p2_g4_l20,GreedyRecomputerMask1,1,113,80,4,33,7.142857,104,50
asia-bdd.psdd,p2_g4_l20,GreedyRecomputerMask3,2,49,0,1,49,7.142857,104,50
asia-bdd.psdd,p2_g4_l20,GreedyRecomputerMask7,2,49,0,1,49,7.142857,104,50
asia-bdd.psdd,p2_g4_l20,GreedyRecomputerMask2,2,49,0,1,49,7.142857,104,50
asia-bdd.psdd,p2_g4_l20,GreedyRecomputerMask4,2,106,68,3,38,7.142857,104,50
asia-bdd.psdd,p2_g4_l20,GreedyBspHC,1,128,100,4,28,7.142857,104,50
instance_CG_N12_K10_nzP0d2,p2_g4_l20,GreedyRecomputerMask0,29,3687,1960,51,1727,12.831933,3089,1527
instance_CG_N12_K10_nzP0d2,p2_g4_l20,GreedyRecomputerMask1,33,3652,1912,51,1740,12.831933,3089,1527
instance_CG_N12_K10_nzP0d2,p2_g4_l20,GreedyRecomputerMask3,59,3100,1092,25,2008,12.831933,3089,1527
instance_CG_N12_K10_nzP0d2,p2_g4_l20,GreedyRecomputerMask7,83,3100,1092,25,2008,12.831933,3089,1527
instance_CG_N12_K10_nzP0d2,p2_g4_l20,GreedyRecomputerMask2,68,3128,948,18,2180,12.831933,3089,1527
instance_CG_N12_K10_nzP0d2,p2_g4_l20,GreedyRecomputerMask4,61,3665,1936,50,1729,12.831933,3089,1527
instance_CG_N12_K10_nzP0d2,p2_g4_l20,GreedyBspHC,21,3766,2040,51,1726,12.831933,3089,1527
instance_bicgstab_gyro_m,p2_g4_l20,GreedyRecomputerMask0,1136,161549,102040,3832,59509,4.970294,80373,50195
instance_bicgstab_gyro_m,p2_g4_l20,GreedyRecomputerMask1,1346,161549,102040,3832,59509,4.970294,80373,50195
instance_bicgstab_gyro_m,p2_g4_l20,GreedyRecomputerMask3,72790,83053,10140,3,72913,4.970294,80373,50195
instance_bicgstab_gyro_m,p2_g4_l20,GreedyRecomputerMask7,73710,83053,10140,3,72913,4.970294,80373,50195
instance_bicgstab_gyro_m,p2_g4_l20,GreedyRecomputerMask2,2199,94534,25448,3,69086,4.970294,80373,50195
instance_bicgstab_gyro_m,p2_g4_l20,GreedyRecomputerMask4,2312,161529,102020,3831,59509,4.970294,80373,50195
instance_bicgstab_gyro_m,p2_g4_l20,GreedyBspHC,886,161549,102040,3832,59509,4.970294,80373,50195
instance_CG_N24_K22_nzP0d2,p2_g4_l20,GreedyRecomputerMask0,153,15159,6464,112,8695,28.072243,16145,7383
instance_CG_N24_K22_nzP0d2,p2_g4_l20,GreedyRecomputerMask1,175,14994,6228,112,8766,28.072243,16145,7383
instance_CG_N24_K22_nzP0d2,p2_g4_l20,GreedyRecomputerMask3,356,13964,4924,70,9040,28.072243,16145,7383
instance_CG_N24_K22_nzP0d2,p2_g4_l20,GreedyRecomputerMask7,521,13964,4924,70,9040,28.072243,16145,7383
instance_CG_N24_K22_nzP0d2,p2_g4_l20,GreedyRecomputerMask2,291,14224,5296,70,8928,28.072243,16145,7383
instance_CG_N24_K22_nzP0d2,p2_g4_l20,GreedyRecomputerMask4,319,14935,6208,96,8727,28.072243,16145,7383
instance_CG_N24_K22_nzP0d2,p2_g4_l20,GreedyBspHC,111,15295,6600,113,8695,28.072243,16145,7383
instance_exp_N30_K10_nzP0d18,p2_g4_l20,GreedyRecomputerMask0,40,3905,1588,12,2317,97.500000,4443,1950
instance_exp_N30_K10_nzP0d18,p2_g4_l20,GreedyRecomputerMask1,56,3712,1324,12,2388,97.500000,4443,1950
instance_exp_N30_K10_nzP0d18,p2_g4_l20,GreedyRecomputerMask3,80,3673,1252,11,2421,97.500000,4443,1950
instance_exp_N30_K10_nzP0d18,p2_g4_l20,GreedyRecomputerMask7,116,3673,1252,11,2421,97.500000,4443,1950
instance_exp_N30_K10_nzP0d18,p2_g4_l20,GreedyRecomputerMask2,74,3697,1156,10,2541,97.500000,4443,1950
instance_exp_N30_K10_nzP0d18,p2_g4_l20,GreedyRecomputerMask4,71,3905,1588,12,2317,97.500000,4443,1950
instance_exp_N30_K10_nzP0d18,p2_g4_l20,GreedyBspHC,28,3929,1616,12,2313,97.500000,4443,1950
msnbc-yitao-b.psdd,p2_g4_l20,GreedyRecomputerMask0,138,6841,3544,6,3297,1318.000000,8870,6590
msnbc-yitao-b.psdd,p2_g4_l20,GreedyRecomputerMask1,626,5653,1960,6,3693,1318.000000,8870,6590
msnbc-yitao-b.psdd,p2_g4_l20,GreedyRecomputerMask3,669,5366,456,4,4910,1318.000000,8870,6590
msnbc-yitao-b.psdd,p2_g4_l20,GreedyRecomputerMask7,721,5366,456,4,4910,1318.000000,8870,6590
msnbc-yitao-b.psdd,p2_g4_l20,GreedyRecomputerMask2,194,5367,456,4,4911,1318.000000,8870,6590
msnbc-yitao-b.psdd,p2_g4_l20,GreedyRecomputerMask4,177,6841,3544,6,3297,1318.000000,8870,6590
msnbc-yitao-b.psdd,p2_g4_l20,GreedyBspHC,104,6841,3544,6,3297,1318.000000,8870,6590
nltcs.psdd,p2_g4_l20,GreedyRecomputerMask0,111,4447,2108,6,2339,584.500000,10592,4676
nltcs.psdd,p2_g4_l20,GreedyRecomputerMask1,158,4225,1812,6,2413,584.500000,10592,4676
nltcs.psdd,p2_g4_l20,GreedyRecomputerMask3,226,3863,932,3,2931,584.500000,10592,4676
nltcs.psdd,p2_g4_l20,GreedyRecomputerMask7,301,3863,932,3,2931,584.500000,10592,4676
nltcs.psdd,p2_g4_l20,GreedyRecomputerMask2,190,3874,936,3,2938,584.500000,10592,4676
nltcs.psdd,p2_g4_l20,GreedyRecomputerMask4,142,4447,2108,6,2339,584.500000,10592,4676
nltcs.psdd,p2_g4_l20,GreedyBspHC,86,4447,2108,6,2339,584.500000,10592,4676
bodyy4,p2_g4_l20,GreedyRecomputerMask0,578,30170,3648,63,26522,25.209770,52196,17546
bodyy4,p2_g4_l20,GreedyRecomputerMask1,697,30105,3560,63,26545,25.209770,52196,17546
bodyy4,p2_g4_l20,GreedyRecomputerMask3,1082,29753,2876,35,26877,25.209770,52196,17546
bodyy4,p2_g4_l20,GreedyRecomputerMask7,1544,29753,2876,35,26877,25.209770,52196,17546
bodyy4,p2_g4_l20,GreedyRecomputerMask2,995,29816,2960,35,26856,25.209770,52196,17546
bodyy4,p2_g4_l20,GreedyRecomputerMask4,1286,29974,3308,49,26666,25.209770,52196,17546
bodyy4,p2_g4_l20,GreedyBspHC,500,31040,4792,63,26248,25.209770,52196,17546
msnbc-yitao-a.psdd,p2_g4_l20,GreedyRecomputerMask0,141,6902,3560,6,3342,1336.400000,8926,6682
msnbc-yitao-a.psdd,p2_g4_l20,GreedyRecomputerMask1,590,5732,2000,6,3732,1336.400000,8926,6682
msnbc-yitao-a.psdd,p2_g4_l20,GreedyRecomputerMask3,635,5498,508,4,4990,1336.400000,8926,6682
msnbc-yitao-a.psdd,p2_g4_l20,GreedyRecomputerMask7,688,5498,508,4,4990,1336.400000,8926,6682
msnbc-yitao-a.psdd,p2_g4_l20,GreedyRecomputerMask2,201,5511,508,4,5003,1336.400000,8926,6682
msnbc-yitao-a.psdd,p2_g4_l20,GreedyRecomputerMask4,179,6902,3560,6,3342,1336.400000,8926,6682
msnbc-yitao-a.psdd,p2_g4_l20,GreedyBspHC,104,6902,3560,6,3342,1336.400000,8926,6682
simple2.2.psdd,p2_g4_l20,GreedyRecomputerMask0,0,4,0,1,4,7.000000,3,7
simple2.2.psdd,p2_g4_l20,GreedyRecomputerMask1,0,4,0,1,4,7.000000,3,7
simple2.2.psdd,p2_g4_l20,GreedyRecomputerMask3,0,4,0,1,4,7.000000,3,7
simple2.2.psdd,p2_g4_l20,GreedyRecomputerMask7,0,4,0,1,4,7.000000,3,7
simple2.2.psdd,p2_g4_l20,GreedyRecomputerMask2,0,4,0,1,4,7.000000,3,7
simple2.2.psdd,p2_g4_l20,GreedyRecomputerMask4,0,4,0,1,4,7.000000,3,7
simple2.2.psdd,p2_g4_l20,GreedyBspHC,0,4,0,1,4,7.000000,3,7
simple2.3.psdd,p2_g4_l20,GreedyRecomputerMask0,0,4,0,1,4,7.000000,3,7
simple2.3.psdd,p2_g4_l20,GreedyRecomputerMask1,0,4,0,1,4,7.000000,3,7
simple2.3.psdd,p2_g4_l20,GreedyRecomputerMask3,0,4,0,1,4,7.000000,3,7
simple2.3.psdd,p2_g4_l20,GreedyRecomputerMask7,0,4,0,1,4,7.000000,3,7
simple2.3.psdd,p2_g4_l20,GreedyRecomputerMask2,0,4,0,1,4,7.000000,3,7
simple2.3.psdd,p2_g4_l20,GreedyRecomputerMask4,0,4,0,1,4,7.000000,3,7
simple2.3.psdd,p2_g4_l20,GreedyBspHC,0,4,0,1,4,7.000000,3,7
bcsstk38,p2_g4_l20,GreedyRecomputerMask0,1652,102983,9676,108,93307,3.681027,173714,8032
bcsstk38,p2_g4_l20,GreedyRecomputerMask1,1809,102932,9628,108,93304,3.681027,173714,8032
bcsstk38,p2_g4_l20,GreedyRecomputerMask3,2256,102602,9272,101,93330,3.681027,173714,8032
bcsstk38,p2_g4_l20,GreedyRecomputerMask7,2839,102602,9272,101,93330,3.681027,173714,8032
bcsstk38,p2_g4_l20,GreedyRecomputerMask2,2232,102637,9304,101,93333,3.681027,173714,8032
bcsstk38,p2_g4_l20,GreedyRecomputerMask4,2361,102819,9512,107,93307,3.681027,173714,8032
bcsstk38,p2_g4_l20,GreedyBspHC,1407,104304,11012,125,93292,3.681027,173714,8032
bnetflix.psdd,p2_g4_l20,GreedyRecomputerMask0,355,13414,5736,9,7678,730.476190,40736,15340
bnetflix.psdd,p2_g4_l20,GreedyRecomputerMask1,695,12463,4468,9,7995,730.476190,40736,15340
bnetflix.psdd,p2_g4_l20,GreedyRecomputerMask3,937,11720,2588,7,9132,730.476190,40736,15340
bnetflix.psdd,p2_g4_l20,GreedyRecomputerMask7,1222,11720,2588,7,9132,730.476190,40736,15340
bnetflix.psdd,p2_g4_l20,GreedyRecomputerMask2,540,12001,2896,7,9105,730.476190,40736,15340
bnetflix.psdd,p2_g4_l20,GreedyRecomputerMask4,463,13414,5736,9,7678,730.476190,40736,15340
bnetflix.psdd,p2_g4_l20,GreedyBspHC,254,13414,5736,9,7678,730.476190,40736,15340
cr52.psdd,p2_g4_l20,GreedyRecomputerMask0,494,22709,11556,11,11153,543.780488,46968,22295
cr52.psdd,p2_g4_l20,GreedyRecomputerMask1,3805,19103,6748,11,12355,543.780488,46968,22295
cr52.psdd,p2_g4_l20,GreedyRecomputerMask3,4144,17781,2636,7,15145,543.780488,46968,22295
cr52.psdd,p2_g4_l20,GreedyRecomputerMask7,4502,17781,2636,7,15145,543.780488,46968,22295
cr52.psdd,p2_g4_l20,GreedyRecomputerMask2,875,18195,3140,7,15055,543.780488,46968,22295
cr52.psdd,p2_g4_l20,GreedyRecomputerMask4,873,22705,11548,10,11157,543.780488,46968,22295
cr52.psdd,p2_g4_l20,GreedyBspHC,343,22722,11572,11,11150,543.780488,46968,22295
bcsstk23,p2_g4_l20,GreedyRecomputerMask0,74,13896,2936,19,10960,25.274194,21022,3134
bcsstk23,p2_g4_l20,GreedyRecomputerMask1,136,13831,2956,19,10875,25.274194,21022,3134
bcsstk23,p2_g4_l20,GreedyRecomputerMask3,192,13811,2876,17,10935,25.274194,21022,3134
bcsstk23,p2_g4_l20,GreedyRecomputerMask7,262,13811,2876,17,10935,25.274194,21022,3134
bcsstk23,p2_g4_l20,GreedyRecomputerMask2,181,13846,2812,17,11034,25.274194,21022,3134
bcsstk23,p2_g4_l20,GreedyRecomputerMask4,154,13896,2936,19,10960,25.274194,21022,3134
bcsstk23,p2_g4_l20,GreedyBspHC,40,14427,3872,19,10555,25.274194,21022,3134
instance_kNN_N70_K7_nzP0d16,p2_g4_l20,GreedyRecomputerMask0,124,11062,4616,8,6446,373.428571,11991,5228
instance_kNN_N70_K7_nzP0d16,p2_g4_l20,GreedyRecomputerMask1,282,9946,3068,8,6878,373.428571,11991,5228
instance_kNN_N70_K7_nzP0d16,p2_g4_l20,GreedyRecomputerMask3,316,9819,2632,5,7187,373.428571,11991,5228
instance_kNN_N70_K7_nzP0d16,p2_g4_l20,GreedyRecomputerMask7,380,9819,2632,5,7187,373.428571,11991,5228
instance_kNN_N70_K7_nzP0d16,p2_g4_l20,GreedyRecomputerMask2,224,10016,2900,5,7116,373.428571,11991,5228
instance_kNN_N70_K7_nzP0d16,p2_g4_l20,GreedyRecomputerMask4,164,11062,4616,8,6446,373.428571,11991,5228
instance_kNN_N70_K7_nzP0d16,p2_g4_l20,GreedyBspHC,86,11062,4616,8,6446,373.428571,11991,5228
exp-D15-N1000-C4.psdd,p2_g4_l20,GreedyRecomputerMask0,0,81,64,3,17,7.500000,28,30
exp-D15-N1000-C4.psdd,p2_g4_l20,GreedyRecomputerMask1,1,49,28,2,21,7.500000,28,30
exp-D15-N1000-C4.psdd,p2_g4_l20,GreedyRecomputerMask3,1,30,0,1,30,7.500000,28,30
exp-D15-N1000-C4.psdd,p2_g4_l20,GreedyRecomputerMask7,1,30,0,1,30,7.500000,28,30
exp-D15-N1000-C4.psdd,p2_g4_l20,GreedyRecomputerMask2,1,30,0,1,30,7.500000,28,30
exp-D15-N1000-C4.psdd,p2_g4_l20,GreedyRecomputerMask4,1,62,36,2,26,7.500000,28,30
exp-D15-N1000-C4.psdd,p2_g4_l20,GreedyBspHC,0,81,64,3,17,7.500000,28,30
cwebkb.psdd,p2_g4_l20,GreedyRecomputerMask0,529,21897,10476,10,11421,633.916667,50251,22821
cwebkb.psdd,p2_g4_l20,GreedyRecomputerMask1,2251,19542,7340,10,12202,633.916667,50251,22821
cwebkb.psdd,p2_g4_l20,GreedyRecomputerMask3,2611,18214,3092,8,15122,633.916667,50251,22821
cwebkb.psdd,p2_g4_l20,GreedyRecomputerMask7,3010,18214,3092,8,15122,633.916667,50251,22821
cwebkb.psdd,p2_g4_l20,GreedyRecomputerMask2,923,18521,3448,7,15073,633.916667,50251,22821
cwebkb.psdd,p2_g4_l20,GreedyRecomputerMask4,917,21897,10476,10,11421,633.916667,50251,22821
cwebkb.psdd,p2_g4_l20,GreedyBspHC,378,21909,10488,10,11421,633.916667,50251,22821
instance_exp_N50_K12_nzP0d15,p2_g4_l20,GreedyRecomputerMask0,117,11210,4348,14,6862,226.416667,13248,5434
instance_exp_N50_K12_nzP0d15,p2_g4_l20,GreedyRecomputerMask1,172,10721,3684,14,7037,226.416667,13248,5434
instance_exp_N50_K12_nzP0d15,p2_g4_l20,GreedyRecomputerMask3,261,10590,3280,12,7310,226.416667,13248,5434
instance_exp_N50_K12_nzP0d15,p2_g4_l20,GreedyRecomputerMask7,365,10590,3280,12,7310,226.416667,13248,5434
instance_exp_N50_K12_nzP0d15,p2_g4_l20,GreedyRecomputerMask2,224,10632,3344,12,7288,226.416667,13248,5434
instance_exp_N50_K12_nzP0d15,p2_g4_l20,GreedyRecomputerMask4,206,11210,4348,14,6862,226.416667,13248,5434
instance_exp_N50_K12_nzP0d15,p2_g4_l20,GreedyBspHC,78,11238,4392,14,6846,226.416667,13248,5434
msc23052,p2_g4_l20,GreedyRecomputerMask0,1663,303519,19584,7,283935,120.691099,565881,23052
msc23052,p2_g4_l20,GreedyRecomputerMask1,10624,300949,15520,7,285429,120.691099,565881,23052
msc23052,p2_g4_l20,GreedyRecomputerMask3,12038,300949,15520,7,285429,120.691099,565881,23052
msc23052,p2_g4_l20,GreedyRecomputerMask7,14273,300949,15520,7,285429,120.691099,565881,23052
msc23052,p2_g4_l20,GreedyRecomputerMask2,2880,303519,19584,7,283935,120.691099,565881,23052
msc23052,p2_g4_l20,GreedyRecomputerMask4,3437,303519,19584,7,283935,120.691099,565881,23052
msc23052,p2_g4_l20,GreedyBspHC,585,303859,20012,9,283847,120.691099,565881,23052
instance_CG_N12_K6_nzP0d3,p2_g4_l20,GreedyRecomputerMask0,26,2466,1248,31,1218,15.028169,2179,1067
instance_CG_N12_K6_nzP0d3,p2_g4_l20,GreedyRecomputerMask1,28,2414,1172,31,1242,15.028169,2179,1067
instance_CG_N12_K6_nzP0d3,p2_g4_l20,GreedyRecomputerMask3,57,2170,740,16,1430,15.028169,2179,1067
instance_CG_N12_K6_nzP0d3,p2_g4_l20,GreedyRecomputerMask7,88,2170,740,16,1430,15.028169,2179,1067
instance_CG_N12_K6_nzP0d3,p2_g4_l20,GreedyRecomputerMask2,48,2240,840,20,1400,15.028169,2179,1067
instance_CG_N12_K6_nzP0d3,p2_g4_l20,GreedyRecomputerMask4,45,2446,1224,30,1222,15.028169,2179,1067
instance_CG_N12_K6_nzP0d3,p2_g4_l20,GreedyBspHC,17,2530,1316,31,1214,15.028169,2179,1067
ship_001,p2_g4_l20,GreedyRecomputerMask0,10864,1202731,40636,146,1162095,7.117815,2304655,34920
ship_001,p2_g4_l20,GreedyRecomputerMask1,12816,1202665,40584,146,1162081,7.117815,2304655,34920
ship_001,p2_g4_l20,GreedyRecomputerMask3,18805,1202609,40528,143,1162081,7.117815,2304655,34920
ship_001,p2_g4_l20,GreedyRecomputerMask7,26667,1202609,40528,143,1162081,7.117815,2304655,34920
ship_001,p2_g4_l20,GreedyRecomputerMask2,18586,1202606,40508,143,1162098,7.117815,2304655,34920
ship_001,p2_g4_l20,GreedyRecomputerMask4,20447,1202670,40572,146,1162098,7.117815,2304655,34920
ship_001,p2_g4_l20,GreedyBspHC,6750,1209713,47652,160,1162061,7.117815,2304655,34920
instance_kNN_N50_K4_nzP0d18,p2_g4_l20,GreedyRecomputerMask0,38,2828,1204,5,1624,192.625000,2763,1541
instance_kNN_N50_K4_nzP0d18,p2_g4_l20,GreedyRecomputerMask1,60,2527,800,5,1727,192.625000,2763,1541
instance_kNN_N50_K4_nzP0d18,p2_g4_l20,GreedyRecomputerMask3,79,2462,580,3,1882,192.625000,2763,1541
instance_kNN_N50_K4_nzP0d18,p2_g4_l20,GreedyRecomputerMask7,103,2462,580,3,1882,192.625000,2763,1541
instance_kNN_N50_K4_nzP0d18,p2_g4_l20,GreedyRecomputerMask2,53,2500,376,2,2124,192.625000,2763,1541
instance_kNN_N50_K4_nzP0d18,p2_g4_l20,GreedyRecomputerMask4,46,2828,1204,5,1624,192.625000,2763,1541
instance_kNN_N50_K4_nzP0d18,p2_g4_l20,GreedyBspHC,27,2828,1204,5,1624,192.625000,2763,1541
instance_spmv_N60_nzP0d15,p2_g4_l20,GreedyRecomputerMask0,27,1746,664,3,1082,585.000000,1575,1170
instance_spmv_N60_nzP0d15,p2_g4_l20,GreedyRecomputerMask1,32,1656,544,3,1112,585.000000,1575,1170
instance_spmv_N60_nzP0d15,p2_g4_l20,GreedyRecomputerMask3,39,1487,0,1,1487,585.000000,1575,1170
instance_spmv_N60_nzP0d15,p2_g4_l20,GreedyRecomputerMask7,48,1487,0,1,1487,585.000000,1575,1170
instance_spmv_N60_nzP0d15,p2_g4_l20,GreedyRecomputerMask2,37,1487,0,1,1487,585.000000,1575,1170
instance_spmv_N60_nzP0d15,p2_g4_l20,GreedyRecomputerMask4,34,1746,664,3,1082,585.000000,1575,1170
instance_spmv_N60_nzP0d15,p2_g4_l20,GreedyBspHC,21,1746,664,3,1082,585.000000,1575,1170
msnbc-yitao-e.psdd,p2_g4_l20,GreedyRecomputerMask0,122,6002,3392,6,2610,1043.200000,8074,5216
msnbc-yitao-e.psdd,p2_g4_l20,GreedyRecomputerMask1,505,4880,1896,6,2984,1043.200000,8074,5216
msnbc-yitao-e.psdd,p2_g4_l20,GreedyRecomputerMask3,544,4442,292,3,4150,1043.200000,8074,5216
msnbc-yitao-e.psdd,p2_g4_l20,GreedyRecomputerMask7,585,4442,292,3,4150,1043.200000,8074,5216
msnbc-yitao-e.psdd,p2_g4_l20,GreedyRecomputerMask2,174,4444,292,3,4152,1043.200000,8074,5216
msnbc-yitao-e.psdd,p2_g4_l20,GreedyRecomputerMask4,156,6002,3392,6,2610,1043.200000,8074,5216
msnbc-yitao-e.psdd,p2_g4_l20,GreedyBspHC,91,6002,3392,6,2610,1043.200000,8074,5216
instance_CG_N9_K9_nzP0d35,p2_g4_l20,GreedyRecomputerMask0,29,2800,1580,46,1220,10.271028,2242,1099
instance_CG_N9_K9_nzP0d35,p2_g4_l20,GreedyRecomputerMask1,35,2782,1548,46,1234,10.271028,2242,1099
instance_CG_N9_K9_nzP0d35,p2_g4_l20,GreedyRecomputerMask3,58,2310,820,20,1490,10.271028,2242,1099
instance_CG_N9_K9_nzP0d35,p2_g4_l20,GreedyRecomputerMask7,82,2310,820,20,1490,10.271028,2242,1099
instance_CG_N9_K9_nzP0d35,p2_g4_l20,GreedyRecomputerMask2,64,2268,692,15,1576,10.271028,2242,1099
instance_CG_N9_K9_nzP0d35,p2_g4_l20,GreedyRecomputerMask4,45,2688,1468,41,1220,10.271028,2242,1099
instance_CG_N9_K9_nzP0d35,p2_g4_l20,GreedyBspHC,23,2872,1652,46,1220,10.271028,2242,1099
instance_exp_N55_K14_nzP0d15,p2_g4_l20,GreedyRecomputerMask0,156,15026,5804,16,9222,258.214286,17934,7230
instance_exp_N55_K14_nzP0d15,p2_g4_l20,GreedyRecomputerMask1,250,14378,4916,16,9462,258.214286,17934,7230
instance_exp_N55_K14_nzP0d15,p2_g4_l20,GreedyRecomputerMask3,353,14267,4572,14,9695,258.214286,17934,7230
instance_exp_N55_K14_nzP0d15,p2_g4_l20,GreedyRecomputerMask7,497,14267,4572,14,9695,258.214286,17934,7230
instance_exp_N55_K14_nzP0d15,p2_g4_l20,GreedyRecomputerMask2,293,14365,4716,14,9649,258.214286,17934,7230
instance_exp_N55_K14_nzP0d15,p2_g4_l20,GreedyRecomputerMask4,277,15026,5804,16,9222,258.214286,17934,7230
instance_exp_N55_K14_nzP0d15,p2_g4_l20,GreedyBspHC,102,15043,5828,16,9215,258.214286,17934,7230
tretail.psdd,p2_g4_l20,GreedyRecomputerMask0,61,2723,1304,7,1419,141.100000,6382,2822
tretail.psdd,p2_g4_l20,GreedyRecomputerMask1,85,2451,940,7,1511,141.100000,6382,2822
tretail.psdd,p2_g4_l20,GreedyRecomputerMask3,125,2228,392,4,1836,141.100000,6382,2822
tretail.psdd,p2_g4_l20,GreedyRecomputerMask7,169,2220,392,4,1828,141.100000,6382,2822
tretail.psdd,p2_g4_l20,GreedyRecomputerMask2,107,2255,420,4,1835,141.100000,6382,2822
tretail.psdd,p2_g4_l20,GreedyRecomputerMask4,127,2711,1288,6,1423,141.100000,6382,2822
tretail.psdd,p2_g4_l20,GreedyBspHC,46,2723,1304,7,1419,141.100000,6382,2822
msc01440,p2_g4_l20,GreedyRecomputerMask0,148,12712,1372,5,11340,24.000000,22415,1440
msc01440,p2_g4_l20,GreedyRecomputerMask1,207,12337,872,5,11465,24.000000,22415,1440
msc01440,p2_g4_l20,GreedyRecomputerMask3,271,12337,872,5,11465,24.000000,22415,1440
msc01440,p2_g4_l20,GreedyRecomputerMask7,384,12337,872,5,11465,24.000000,22415,1440
msc01440,p2_g4_l20,GreedyRecomputerMask2,217,12548,912,4,11636,24.000000,22415,1440
msc01440,p2_g4_l20,GreedyRecomputerMask4,242,12688,1348,5,11340,24.000000,22415,1440
msc01440,p2_g4_l20,GreedyBspHC,102,12752,1412,9,11340,24.000000,22415,1440
instance_exp_N44_K5_nzP0d15,p2_g4_l20,GreedyRecomputerMask0,43,3964,1712,7,2252,193.200000,4170,1932
instance_exp_N44_K5_nzP0d15,p2_g4_l20,GreedyRecomputerMask1,76,3529,1088,7,2441,193.200000,4170,1932
instance_exp_N44_K5_nzP0d15,p2_g4_l20,GreedyRecomputerMask3,99,3463,900,5,2563,193.200000,4170,1932
instance_exp_N44_K5_nzP0d15,p2_g4_l20,GreedyRecomputerMask7,132,3463,900,5,2563,193.200000,4170,1932
instance_exp_N44_K5_nzP0d15,p2_g4_l20,GreedyRecomputerMask2,78,3485,920,5,2565,193.200000,4170,1932
instance_exp_N44_K5_nzP0d15,p2_g4_l20,GreedyRecomputerMask4,74,3964,1712,7,2252,193.200000,4170,1932
instance_exp_N44_K5_nzP0d15,p2_g4_l20,GreedyBspHC,31,3968,1716,7,2252,193.200000,4170,1932
bmw7st_1,p2_g4_l20,GreedyRecomputerMask0,8353,1863465,63868,7,1799597,200.208215,3599160,141347
bmw7st_1,p2_g4_l20,GreedyRecomputerMask1,50850,1860767,59560,7,1801207,200.208215,3599160,141347
bmw7st_1,p2_g4_l20,GreedyRecomputerMask3,60531,1860767,59560,7,1801207,200.208215,3599160,141347
bmw7st_1,p2_g4_l20,GreedyRecomputerMask7,76385,1860767,59560,7,1801207,200.208215,3599160,141347
bmw7st_1,p2_g4_l20,GreedyRecomputerMask2,11594,1863465,63868,7,1799597,200.208215,3599160,141347
bmw7st_1,p2_g4_l20,GreedyRecomputerMask4,13657,1863465,63868,7,1799597,200.208215,3599160,141347
bmw7st_1,p2_g4_l20,GreedyBspHC,3330,1863489,63892,8,1799597,200.208215,3599160,141347
ex3,p2_g4_l20,GreedyRecomputerMask0,225,17350,3256,49,14094,3.234458,25432,1821
ex3,p2_g4_l20,GreedyRecomputerMask1,249,17342,3304,49,14038,3.234458,25432,1821
ex3,p2_g4_l20,GreedyRecomputerMask3,318,17168,3120,43,14048,3.234458,25432,1821
ex3,p2_g4_l20,GreedyRecomputerMask7,408,17168,3120,43,14048,3.234458,25432,1821
ex3,p2_g4_l20,GreedyRecomputerMask2,312,17186,3072,43,14114,3.234458,25432,1821
ex3,p2_g4_l20,GreedyRecomputerMask4,330,17285,3176,47,14109,3.234458,25432,1821
ex3,p2_g4_l20,GreedyBspHC,179,17698,3716,60,13982,3.234458,25432,1821
ct20stif,p2_g4_l20,GreedyRecomputerMask0,2698,682869,19800,7,663069,39.345113,1323067,52329
ct20stif,p2_g4_l20,GreedyRecomputerMask1,7196,682216,19076,7,663140,39.345113,1323067,52329
ct20stif,p2_g4_l20,GreedyRecomputerMask3,10641,682196,19056,6,663140,39.345113,1323067,52329
ct20stif,p2_g4_l20,GreedyRecomputerMask7,16142,682196,19056,6,663140,39.345113,1323067,52329
ct20stif,p2_g4_l20,GreedyRecomputerMask2,5507,682849,19780,6,663069,39.345113,1323067,52329
ct20stif,p2_g4_l20,GreedyRecomputerMask4,6861,682869,19800,7,663069,39.345113,1323067,52329
ct20stif,p2_g4_l20,GreedyBspHC,1199,683773,21444,7,662329,39.345113,1323067,52329
thread,p2_g4_l20,GreedyRecomputerMask0,5420,1138929,27736,34,1111193,20.578547,2220156,29736
thread,p2_g4_l20,GreedyRecomputerMask1,7371,1138857,27652,34,1111205,20.578547,2220156,29736
thread,p2_g4_l20,GreedyRecomputerMask3,12448,1138845,27640,33,1111205,20.578547,2220156,29736
thread,p2_g4_l20,GreedyRecomputerMask7,20474,1138845,27640,33,1111205,20.578547,2220156,29736
thread,p2_g4_l20,GreedyRecomputerMask2,12180,1138917,27724,33,1111193,20.578547,2220156,29736
thread,p2_g4_l20,GreedyRecomputerMask4,11616,1138929,27736,34,1111193,20.578547,2220156,29736
thread,p2_g4_l20,GreedyBspHC,1659,1141013,29976,34,1111037,20.578547,2220156,29736
Pres_Poisson,p2_g4_l20,GreedyRecomputerMask0,797,180696,5132,6,175564,7.998921,350491,14822
Pres_Poisson,p2_g4_l20,GreedyRecomputerMask1,1071,180577,4992,6,175585,7.998921,350491,14822
Pres_Poisson,p2_g4_l20,GreedyRecomputerMask3,1603,180577,4992,6,175585,7.998921,350491,14822
Pres_Poisson,p2_g4_l20,GreedyRecomputerMask7,2519,180577,4992,6,175585,7.998921,350491,14822
Pres_Poisson,p2_g4_l20,GreedyRecomputerMask2,1449,180696,5132,6,175564,7.998921,350491,14822
Pres_Poisson,p2_g4_l20,GreedyRecomputerMask4,1830,180696,5132,6,175564,7.998921,350491,14822
Pres_Poisson,p2_g4_l20,GreedyBspHC,476,180822,5388,8,175434,7.998921,350491,14822
insurance.psdd,p2_g4_l20,GreedyRecomputerMask0,333,15481,8296,6,7185,2390.333333,30060,14342
insurance.psdd,p2_g4_l20,GreedyRecomputerMask1,1381,14177,6556,6,7621,2390.333333,30060,14342
insurance.psdd,p2_g4_l20,GreedyRecomputerMask3,1590,11873,1932,4,9941,2390.333333,30060,14342
insurance.psdd,p2_g4_l20,GreedyRecomputerMask7,1825,11867,1932,4,9935,2390.333333,30060,14342
insurance.psdd,p2_g4_l20,GreedyRecomputerMask2,494,11966,1996,4,9970,2390.333333,30060,14342
insurance.psdd,p2_g4_l20,GreedyRecomputerMask4,437,15481,8296,6,7185,2390.333333,30060,14342
insurance.psdd,p2_g4_l20,GreedyBspHC,238,15481,8296,6,7185,2390.333333,30060,14342
simple2.6.psdd,p2_g4_l20,GreedyRecomputerMask0,0,4,0,1,4,7.000000,3,7
simple2.6.psdd,p2_g4_l20,GreedyRecomputerMask1,0,4,0,1,4,7.000000,3,7
simple2.6.psdd,p2_g4_l20,GreedyRecomputerMask3,0,4,0,1,4,7.000000,3,7
simple2.6.psdd,p2_g4_l20,GreedyRecomputerMask7,0,4,0,1,4,7.000000,3,7
simple2.6.psdd,p2_g4_l20,GreedyRecomputerMask2,0,4,0,1,4,7.000000,3,7
simple2.6.psdd,p2_g4_l20,GreedyRecomputerMask4,0,4,0,1,4,7.000000,3,7
simple2.6.psdd,p2_g4_l20,GreedyBspHC,0,4,0,1,4,7.000000,3,7
bcsstk08,p2_g4_l20,GreedyRecomputerMask0,80,4712,1416,31,3296,13.948052,5943,1074
bcsstk08,p2_g4_l20,GreedyRecomputerMask1,89,4652,1316,31,3336,13.948052,5943,1074
bcsstk08,p2_g4_l20,GreedyRecomputerMask3,125,4428,872,16,3556,13.948052,5943,1074
bcsstk08,p2_g4_l20,GreedyRecomputerMask7,161,4438,908,17,3530,13.948052,5943,1074
bcsstk08,p2_g4_l20,GreedyRecomputerMask2,109,4475,972,17,3503,13.948052,5943,1074
bcsstk08,p2_g4_l20,GreedyRecomputerMask4,103,4712,1416,31,3296,13.948052,5943,1074
bcsstk08,p2_g4_l20,GreedyBspHC,69,4803,1524,33,3279,13.948052,5943,1074
instance_kNN_N50_K5_nzP0d16,p2_g4_l20,GreedyRecomputerMask0,67,3644,1500,7,2144,189.600000,3801,1896
instance_kNN_N50_K5_nzP0d16,p2_g4_l20,GreedyRecomputerMask1,86,3300,1024,7,2276,189.600000,3801,1896
instance_kNN_N50_K5_nzP0d16,p2_g4_l20,GreedyRecomputerMask3,114,3224,836,4,2388,189.600000,3801,1896
instance_kNN_N50_K5_nzP0d16,p2_g4_l20,GreedyRecomputerMask7,152,3224,836,4,2388,189.600000,3801,1896
instance_kNN_N50_K5_nzP0d16,p2_g4_l20,GreedyRecomputerMask2,101,3339,712,3,2627,189.600000,3801,1896
instance_kNN_N50_K5_nzP0d16,p2_g4_l20,GreedyRecomputerMask4,79,3644,1500,7,2144,189.600000,3801,1896
instance_kNN_N50_K5_nzP0d16,p2_g4_l20,GreedyBspHC,55,3644,1500,7,2144,189.600000,3801,1896
tmovie.psdd,p2_g4_l20,GreedyRecomputerMask0,4334,75867,31120,14,44747,2292.025641,274214,89389
tmovie.psdd,p2_g4_l20,GreedyRecomputerMask1,8906,73278,27668,14,45610,2292.025641,274214,89389
tmovie.psdd,p2_g4_l20,GreedyRecomputerMask3,12065,69958,19796,9,50162,2292.025641,274214,89389
tmovie.psdd,p2_g4_l20,GreedyRecomputerMask7,14346,69958,19796,9,50162,2292.025641,274214,89389
tmovie.psdd,p2_g4_l20,GreedyRecomputerMask2,6487,70963,21052,9,49911,2292.025641,274214,89389
tmovie.psdd,p2_g4_l20,GreedyRecomputerMask4,6185,75846,31096,13,44750,2292.025641,274214,89389
tmovie.psdd,p2_g4_l20,GreedyBspHC,3537,76402,31684,17,44718,2292.025641,274214,89389
instance_spmv_N150_nzP0d2,p2_g4_l20,GreedyRecomputerMask0,230,13532,4668,3,8864,4544.000000,13182,9088
instance_spmv_N150_nzP0d2,p2_g4_l20,GreedyRecomputerMask1,264,13287,4348,2,8939,4544.000000,13182,9088
instance_spmv_N150_nzP0d2,p2_g4_l20,GreedyRecomputerMask3,313,12185,0,1,12185,4544.000000,13182,9088
instance_spmv_N150_nzP0d2,p2_g4_l20,GreedyRecomputerMask7,384,12185,0,1,12185,4544.000000,13182,9088
instance_spmv_N150_nzP0d2,p2_g4_l20,GreedyRecomputerMask2,309,12185,0,1,12185,4544.000000,13182,9088
instance_spmv_N150_nzP0d2,p2_g4_l20,GreedyRecomputerMask4,283,13532,4668,3,8864,4544.000000,13182,9088
instance_spmv_N150_nzP0d2,p2_g4_l20,GreedyBspHC,174,13532,4668,3,8864,4544.000000,13182,9088
elevators.psdd,p2_g4_l20,GreedyRecomputerMask0,72,3508,1824,7,1684,416.375000,6892,3331
elevators.psdd,p2_g4_l20,GreedyRecomputerMask1,95,3305,1556,7,1749,416.375000,6892,3331
elevators.psdd,p2_g4_l20,GreedyRecomputerMask3,128,3029,84,2,2945,416.375000,6892,3331
elevators.psdd,p2_g4_l20,GreedyRecomputerMask7,153,3029,84,2,2945,416.375000,6892,3331
elevators.psdd,p2_g4_l20,GreedyRecomputerMask2,111,3030,84,2,2946,416.375000,6892,3331
elevators.psdd,p2_g4_l20,GreedyRecomputerMask4,94,3508,1824,7,1684,416.375000,6892,3331
elevators.psdd,p2_g4_l20,GreedyBspHC,52,3508,1824,7,1684,416.375000,6892,3331
instance_CG_N35_K8_nzP0d25,p2_g4_l20,GreedyRecomputerMask0,162,11032,4560,41,6472,56.800000,12153,5396
instance_CG_N35_K8_nzP0d25,p2_g4_l20,GreedyRecomputerMask1,205,10692,4060,41,6632,56.800000,12153,5396
instance_CG_N35_K8_nzP0d25,p2_g4_l20,GreedyRecomputerMask3,281,10492,3752,32,6740,56.800000,12153,5396
instance_CG_N35_K8_nzP0d25,p2_g4_l20,GreedyRecomputerMask7,380,10492,3752,32,6740,56.800000,12153,5396
instance_CG_N35_K8_nzP0d25,p2_g4_l20,GreedyRecomputerMask2,260,10563,3860,32,6703,56.800000,12153,5396
instance_CG_N35_K8_nzP0d25,p2_g4_l20,GreedyRecomputerMask4,198,11032,4560,41,6472,56.800000,12153,5396
instance_CG_N35_K8_nzP0d25,p2_g4_l20,GreedyBspHC,128,11108,4636,41,6472,56.800000,12153,5396
shallow_water1,p2_g4_l20,GreedyRecomputerMask0,1882,99024,37536,18,61488,80.709360,122880,81920
shallow_water1,p2_g4_l20,GreedyRecomputerMask1,20995,81921,17680,18,64241,80.709360,122880,81920
shallow_water1,p2_g4_l20,GreedyRecomputerMask3,22342,79013,11204,15,67809,80.709360,122880,81920
shallow_water1,p2_g4_l20,GreedyRecomputerMask7,24172,79013,11204,15,67809,80.709360,122880,81920
shallow_water1,p2_g4_l20,GreedyRecomputerMask2,3155,84858,9344,13,75514,80.709360,122880,81920
shallow_water1,p2_g4_l20,GreedyRecomputerMask4,3157,99024,37536,18,61488,80.709360,122880,81920
shallow_water1,p2_g4_l20,GreedyBspHC,1414,99030,37544,19,61486,80.709360,122880,81920
bcsstk15,p2_g4_l20,GreedyRecomputerMask0,141,31987,3308,31,28679,10.846154,56934,3948
bcsstk15,p2_g4_l20,GreedyRecomputerMask1,164,31975,3304,31,28671,10.846154,56934,3948
bcsstk15,p2_g4_l20,GreedyRecomputerMask3,271,31949,3260,28,28689,10.846154,56934,3948
bcsstk15,p2_g4_l20,GreedyRecomputerMask7,416,31949,3260,28,28689,10.846154,56934,3948
bcsstk15,p2_g4_l20,GreedyRecomputerMask2,267,31961,3264,28,28697,10.846154,56934,3948
bcsstk15,p2_g4_l20,GreedyRecomputerMask4,393,31965,3268,29,28697,10.846154,56934,3948
bcsstk15,p2_g4_l20,GreedyBspHC,68,32324,3660,32,28664,10.846154,56934,3948
accidents.psdd,p2_g4_l20,GreedyRecomputerMask0,823,31308,12544,9,18764,1561.916667,102111,37486
accidents.psdd,p2_g4_l20,GreedyRecomputerMask1,1532,30363,11284,9,19079,1561.916667,102111,37486
accidents.psdd,p2_g4_l20,GreedyRecomputerMask3,2262,28185,6196,7,21989,1561.916667,102111,37486
accidents.psdd,p2_g4_l20,GreedyRecomputerMask7,3050,28185,6196,7,21989,1561.916667,102111,37486
accidents.psdd,p2_g4_l20,GreedyRecomputerMask2,1570,28447,6524,7,21923,1561.916667,102111,37486
accidents.psdd,p2_g4_l20,GreedyRecomputerMask4,1494,31308,12544,9,18764,1561.916667,102111,37486
accidents.psdd,p2_g4_l20,GreedyBspHC,555,31468,12724,9,18744,1561.916667,102111,37486
msweb.psdd,p2_g4_l20,GreedyRecomputerMask0,344,14274,6376,10,7898,493.031250,38289,15777
msweb.psdd,p2_g4_l20,GreedyRecomputerMask1,800,13254,5016,10,8238,493.031250,38289,15777
msweb.psdd,p2_g4_l20,GreedyRecomputerMask3,1052,11962,2148,6,9814,493.031250,38289,15777
msweb.psdd,p2_g4_l20,GreedyRecomputerMask7,1332,11962,2148,6,9814,493.031250,38289,15777
msweb.psdd,p2_g4_l20,GreedyRecomputerMask2,614,12139,2360,6,9779,493.031250,38289,15777
msweb.psdd,p2_g4_l20,GreedyRecomputerMask4,903,14265,6352,9,7913,493.031250,38289,15777
msweb.psdd,p2_g4_l20,GreedyBspHC,241,14277,6380,10,7897,493.031250,38289,15777
instance_exp_N30_K6_nzP0d15,p2_g4_l20,GreedyRecomputerMask0,23,2171,944,9,1227,90.416667,2268,1085
instance_exp_N30_K6_nzP0d15,p2_g4_l20,GreedyRecomputerMask1,30,1980,692,9,1288,90.416667,2268,1085
instance_exp_N30_K6_nzP0d15,p2_g4_l20,GreedyRecomputerMask3,46,1915,492,6,1423,90.416667,2268,1085
instance_exp_N30_K6_nzP0d15,p2_g4_l20,GreedyRecomputerMask7,63,1915,492,6,1423,90.416667,2268,1085
instance_exp_N30_K6_nzP0d15,p2_g4_l20,GreedyRecomputerMask2,41,1933,528,6,1405,90.416667,2268,1085
instance_exp_N30_K6_nzP0d15,p2_g4_l20,GreedyRecomputerMask4,29,2171,944,9,1227,90.416667,2268,1085
instance_exp_N30_K6_nzP0d15,p2_g4_l20,GreedyBspHC,16,2171,944,9,1227,90.416667,2268,1085
nltcs.clt.psdd,p2_g4_l20,GreedyRecomputerMask0,1,199,160,5,39,9.500000,92,76
nltcs.clt.psdd,p2_g4_l20,GreedyRecomputerMask1,2,134,80,4,54,9.500000,92,76
nltcs.clt.psdd,p2_g4_l20,GreedyRecomputerMask3,2,68,0,1,68,9.500000,92,76
nltcs.clt.psdd,p2_g4_l20,GreedyRecomputerMask7,3,68,0,1,68,9.500000,92,76
nltcs.clt.psdd,p2_g4_l20,GreedyRecomputerMask2,2,68,0,1,68,9.500000,92,76
nltcs.clt.psdd,p2_g4_l20,GreedyRecomputerMask4,2,178,136,4,42,9.500000,92,76
nltcs.clt.psdd,p2_g4_l20,GreedyBspHC,1,199,160,5,39,9.500000,92,76
instance_kNN_N60_K15_nzP0d15,p2_g4_l20,GreedyRecomputerMask0,203,19048,7380,17,11668,299.933333,22722,8998
instance_kNN_N60_K15_nzP0d15,p2_g4_l20,GreedyRecomputerMask1,325,18260,6328,17,11932,299.933333,22722,8998
instance_kNN_N60_K15_nzP0d15,p2_g4_l20,GreedyRecomputerMask3,472,18157,5692,13,12465,299.933333,22722,8998
instance_kNN_N60_K15_nzP0d15,p2_g4_l20,GreedyRecomputerMask7,641,18157,5692,13,12465,299.933333,22722,8998
instance_kNN_N60_K15_nzP0d15,p2_g4_l20,GreedyRecomputerMask2,385,18261,5824,13,12437,299.933333,22722,8998
instance_kNN_N60_K15_nzP0d15,p2_g4_l20,GreedyRecomputerMask4,357,19048,7380,17,11668,299.933333,22722,8998
instance_kNN_N60_K15_nzP0d15,p2_g4_l20,GreedyBspHC,133,19058,7392,17,11666,299.933333,22722,8998
mnist.psdd,p2_g4_l20,GreedyRecomputerMask0,96,5105,2652,8,2453,490.400000,5916,4904
mnist.psdd,p2_g4_l20,GreedyRecomputerMask1,321,4308,1588,8,2720,490.400000,5916,4904
mnist.psdd,p2_g4_l20,GreedyRecomputerMask3,377,4252,1044,5,3208,490.400000,5916,4904
mnist.psdd,p2_g4_l20,GreedyRecomputerMask7,447,4252,1044,5,3208,490.400000,5916,4904
mnist.psdd,p2_g4_l20,GreedyRecomputerMask2,138,4303,1088,5,3215,490.400000,5916,4904
mnist.psdd,p2_g4_l20,GreedyRecomputerMask4,199,5089,2632,7,2457,490.400000,5916,4904
mnist.psdd,p2_g4_l20,GreedyBspHC,71,5105,2652,8,2453,490.400000,5916,4904
nd3k,p2_g4_l20,GreedyRecomputerMask0,6826,917320,16916,50,900404,2.368421,1635345,9000
nd3k,p2_g4_l20,GreedyRecomputerMask1,8723,917000,16596,50,900404,2.368421,1635345,9000
nd3k,p2_g4_l20,GreedyRecomputerMask3,21753,916418,16008,46,900410,2.368421,1635345,9000
nd3k,p2_g4_l20,GreedyRecomputerMask7,33547,916418,16008,46,900410,2.368421,1635345,9000
nd3k,p2_g4_l20,GreedyRecomputerMask2,12560,916841,16428,46,900413,2.368421,1635345,9000
nd3k,p2_g4_l20,GreedyRecomputerMask4,13226,917264,16860,50,900404,2.368421,1635345,9000
nd3k,p2_g4_l20,GreedyBspHC,2893,920868,20464,57,900404,2.368421,1635345,9000
bcsstk28,p2_g4_l20,GreedyRecomputerMask0,394,60003,4212,52,55791,4.809160,107307,4410
bcsstk28,p2_g4_l20,GreedyRecomputerMask1,476,59978,4188,52,55790,4.809160,107307,4410
bcsstk28,p2_g4_l20,GreedyRecomputerMask3,711,59870,4080,48,55790,4.809160,107307,4410
bcsstk28,p2_g4_l20,GreedyRecomputerMask7,1064,59870,4080,48,55790,4.809160,107307,4410
bcsstk28,p2_g4_l20,GreedyRecomputerMask2,702,59878,4084,48,55794,4.809160,107307,4410
bcsstk28,p2_g4_l20,GreedyRecomputerMask4,817,59938,4144,51,55794,4.809160,107307,4410
bcsstk28,p2_g4_l20,GreedyBspHC,267,60551,4764,60,55787,4.809160,107307,4410
instance_CG_N25_K17_nzP0d15,p2_g4_l20,GreedyRecomputerMask0,148,11658,5116,86,6542,27.871921,12072,5658
instance_CG_N25_K17_nzP0d15,p2_g4_l20,GreedyRecomputerMask1,168,11387,4648,86,6739,27.871921,12072,5658
instance_CG_N25_K17_nzP0d15,p2_g4_l20,GreedyRecomputerMask3,259,10662,3884,57,6778,27.871921,12072,5658
instance_CG_N25_K17_nzP0d15,p2_g4_l20,GreedyRecomputerMask7,360,10662,3884,57,6778,27.871921,12072,5658
instance_CG_N25_K17_nzP0d15,p2_g4_l20,GreedyRecomputerMask2,251,11084,4368,57,6716,27.871921,12072,5658
instance_CG_N25_K17_nzP0d15,p2_g4_l20,GreedyRecomputerMask4,228,11482,4940,75,6542,27.871921,12072,5658
instance_CG_N25_K17_nzP0d15,p2_g4_l20,GreedyBspHC,116,11813,5276,87,6537,27.871921,12072,5658
instance_kNN_N75_K9_nzP0d15,p2_g4_l20,GreedyRecomputerMask0,175,16133,6528,10,9605,419.444444,18231,7550
instance_kNN_N75_K9_nzP0d15,p2_g4_l20,GreedyRecomputerMask1,408,14942,4892,10,10050,419.444444,18231,7550
instance_kNN_N75_K9_nzP0d15,p2_g4_l20,GreedyRecomputerMask3,435,14754,4272,7,10482,419.444444,18231,7550
instance_kNN_N75_K9_nzP0d15,p2_g4_l20,GreedyRecomputerMask7,535,14754,4272,7,10482,419.444444,18231,7550
instance_kNN_N75_K9_nzP0d15,p2_g4_l20,GreedyRecomputerMask2,328,14964,4584,7,10380,419.444444,18231,7550
instance_kNN_N75_K9_nzP0d15,p2_g4_l20,GreedyRecomputerMask4,308,16133,6528,10,9605,419.444444,18231,7550
instance_kNN_N75_K9_nzP0d15,p2_g4_l20,GreedyBspHC,119,16161,6568,10,9593,419.444444,18231,7550
instance_CG_N30_K24_nzP0d15,p2_g4_l20,GreedyRecomputerMask0,191,20186,8432,122,11754,34.637631,21754,9941
instance_CG_N30_K24_nzP0d15,p2_g4_l20,GreedyRecomputerMask1,245,20048,8232,122,11816,34.637631,21754,9941
instance_CG_N30_K24_nzP0d15,p2_g4_l20,GreedyRecomputerMask3,388,18982,7040,81,11942,34.637631,21754,9941
instance_CG_N30_K24_nzP0d15,p2_g4_l20,GreedyRecomputerMask7,579,18982,7040,81,11942,34.637631,21754,9941
instance_CG_N30_K24_nzP0d15,p2_g4_l20,GreedyRecomputerMask2,375,19246,7400,81,11846,34.637631,21754,9941
instance_CG_N30_K24_nzP0d15,p2_g4_l20,GreedyRecomputerMask4,420,19826,8072,104,11754,34.637631,21754,9941
instance_CG_N30_K24_nzP0d15,p2_g4_l20,GreedyBspHC,133,20357,8616,122,11741,34.637631,21754,9941
instance_kNN_N40_K5_nzP0d15,p2_g4_l20,GreedyRecomputerMask0,25,2062,924,6,1138,107.300000,2007,1073
instance_kNN_N40_K5_nzP0d15,p2_g4_l20,GreedyRecomputerMask1,36,1798,556,6,1242,107.300000,2007,1073
instance_kNN_N40_K5_nzP0d15,p2_g4_l20,GreedyRecomputerMask3,50,1757,440,4,1317,107.300000,2007,1073
instance_kNN_N40_K5_nzP0d15,p2_g4_l20,GreedyRecomputerMask7,68,1757,440,4,1317,107.300000,2007,1073
instance_kNN_N40_K5_nzP0d15,p2_g4_l20,GreedyRecomputerMask2,37,1819,400,3,1419,107.300000,2007,1073
instance_kNN_N40_K5_nzP0d15,p2_g4_l20,GreedyRecomputerMask4,32,2062,924,6,1138,107.300000,2007,1073
instance_kNN_N40_K5_nzP0d15,p2_g4_l20,GreedyBspHC,19,2062,924,6,1138,107.300000,2007,1073
instance_CG_N60_K55_nzP0d12,p2_g4_l20,GreedyRecomputerMask0,1809,106825,39404,276,67421,82.433991,127658,54324
instance_CG_N60_K55_nzP0d12,p2_g4_l20,GreedyRecomputerMask1,2229,105725,37600,276,68125,82.433991,127658,54324
instance_CG_N60_K55_nzP0d12,p2_g4_l20,GreedyRecomputerMask3,3071,104576,36432,228,68144,82.433991,127658,54324
instance_CG_N60_K55_nzP0d12,p2_g4_l20,GreedyRecomputerMask7,4217,104576,36432,228,68144,82.433991,127658,54324
instance_CG_N60_K55_nzP0d12,p2_g4_l20,GreedyRecomputerMask2,2911,105132,37220,226,67912,82.433991,127658,54324
instance_CG_N60_K55_nzP0d12,p2_g4_l20,GreedyRecomputerMask4,3237,106033,38612,243,67421,82.433991,127658,54324
instance_CG_N60_K55_nzP0d12,p2_g4_l20,GreedyBspHC,1434,107800,40404,277,67396,82.433991,127658,54324
s3rmt3m3,p2_g4_l20,GreedyRecomputerMask0,162,52599,1412,23,51187,4.654214,101169,5357
s3rmt3m3,p2_g4_l20,GreedyRecomputerMask1,199,52599,1536,23,51063,4.654214,101169,5357
s3rmt3m3,p2_g4_l20,GreedyRecomputerMask3,330,52599,1536,23,51063,4.654214,101169,5357
s3rmt3m3,p2_g4_l20,GreedyRecomputerMask7,585,52599,1536,23,51063,4.654214,101169,5357
s3rmt3m3,p2_g4_l20,GreedyRecomputerMask2,323,52599,1412,23,51187,4.654214,101169,5357
s3rmt3m3,p2_g4_l20,GreedyRecomputerMask4,450,52599,1412,23,51187,4.654214,101169,5357
s3rmt3m3,p2_g4_l20,GreedyBspHC,89,52639,1672,23,50967,4.654214,101169,5357
instance_kNN_N45_K15_nzP0d16,p2_g4_l20,GreedyRecomputerMask0,118,11226,4360,16,6866,179.733333,13275,5392
instance_kNN_N45_K15_nzP0d16,p2_g4_l20,GreedyRecomputerMask1,179,10729,3688,16,7041,179.733333,13275,5392
instance_kNN_N45_K15_nzP0d16,p2_g4_l20,GreedyRecomputerMask3,254,10609,3424,14,7185,179.733333,13275,5392
instance_kNN_N45_K15_nzP0d16,p2_g4_l20,GreedyRecomputerMask7,365,10609,3424,14,7185,179.733333,13275,5392
instance_kNN_N45_K15_nzP0d16,p2_g4_l20,GreedyRecomputerMask2,219,10717,3204,13,7513,179.733333,13275,5392
instance_kNN_N45_K15_nzP0d16,p2_g4_l20,GreedyRecomputerMask4,206,11226,4360,16,6866,179.733333,13275,5392
instance_kNN_N45_K15_nzP0d16,p2_g4_l20,GreedyBspHC,78,11272,4416,16,6856,179.733333,13275,5392
Dubcova3,p2_g4_l20,GreedyRecomputerMask0,6664,902402,27552,85,874850,44.927718,1744980,146689
Dubcova3,p2_g4_l20,GreedyRecomputerMask1,17546,895923,18804,81,877119,44.927718,1744980,146689
Dubcova3,p2_g4_l20,GreedyRecomputerMask3,22562,895798,18592,71,877206,44.927718,1744980,146689
Dubcova3,p2_g4_l20,GreedyRecomputerMask7,31095,895798,18592,71,877206,44.927718,1744980,146689
Dubcova3,p2_g4_l20,GreedyRecomputerMask2,13527,897681,21152,70,876529,44.927718,1744980,146689
Dubcova3,p2_g4_l20,GreedyRecomputerMask4,20983,902361,27500,84,874861,44.927718,1744980,146689
Dubcova3,p2_g4_l20,GreedyBspHC,3637,903744,29660,117,874084,44.927718,1744980,146689
mnist-antonio.psdd,p2_g4_l20,GreedyRecomputerMask0,98,5105,2652,8,2453,490.400000,5916,4904
mnist-antonio.psdd,p2_g4_l20,GreedyRecomputerMask1,322,4308,1588,8,2720,490.400000,5916,4904
mnist-antonio.psdd,p2_g4_l20,GreedyRecomputerMask3,377,4252,1044,5,3208,490.400000,5916,4904
mnist-antonio.psdd,p2_g4_l20,GreedyRecomputerMask7,443,4252,1044,5,3208,490.400000,5916,4904
mnist-antonio.psdd,p2_g4_l20,GreedyRecomputerMask2,138,4303,1088,5,3215,490.400000,5916,4904
mnist-antonio.psdd,p2_g4_l20,GreedyRecomputerMask4,199,5089,2632,7,2457,490.400000,5916,4904
mnist-antonio.psdd,p2_g4_l20,GreedyBspHC,71,5105,2652,8,2453,490.400000,5916,4904
instance_exp_N35_K4_nzP0d15,p2_g4_l20,GreedyRecomputerMask0,22,2030,908,6,1122,127.500000,2028,1020
instance_exp_N35_K4_nzP0d15,p2_g4_l20,GreedyRecomputerMask1,34,1775,548,6,1227,127.500000,2028,1020
instance_exp_N35_K4_nzP0d15,p2_g4_l20,GreedyRecomputerMask3,46,1729,404,4,1325,127.500000,2028,1020
instance_exp_N35_K4_nzP0d15,p2_g4_l20,GreedyRecomputerMask7,61,1729,404,4,1325,127.500000,2028,1020
instance_exp_N35_K4_nzP0d15,p2_g4_l20,GreedyRecomputerMask2,38,1744,428,4,1316,127.500000,2028,1020
instance_exp_N35_K4_nzP0d15,p2_g4_l20,GreedyRecomputerMask4,28,2030,908,6,1122,127.500000,2028,1020
instance_exp_N35_K4_nzP0d15,p2_g4_l20,GreedyBspHC,15,2030,908,6,1122,127.500000,2028,1020
bcsstk36,p2_g4_l20,GreedyRecomputerMask0,4178,304128,15960,167,288168,5.173250,560044,23052
bcsstk36,p2_g4_l20,GreedyRecomputerMask1,4626,304097,15912,167,288185,5.173250,560044,23052
bcsstk36,p2_g4_l20,GreedyRecomputerMask3,6908,303887,15692,159,288195,5.173250,560044,23052
bcsstk36,p2_g4_l20,GreedyRecomputerMask7,9644,303887,15692,159,288195,5.173250,560044,23052
bcsstk36,p2_g4_l20,GreedyRecomputerMask2,6828,303910,15732,159,288178,5.173250,560044,23052
bcsstk36,p2_g4_l20,GreedyRecomputerMask4,6620,304120,15952,167,288168,5.173250,560044,23052
bcsstk36,p2_g4_l20,GreedyBspHC,3603,307684,19528,196,288156,5.173250,560044,23052
simple2.5.psdd,p2_g4_l20,GreedyRecomputerMask0,0,6,0,1,6,7.000000,5,7
simple2.5.psdd,p2_g4_l20,GreedyRecomputerMask1,0,6,0,1,6,7.000000,5,7
simple2.5.psdd,p2_g4_l20,GreedyRecomputerMask3,0,6,0,1,6,7.000000,5,7
simple2.5.psdd,p2_g4_l20,GreedyRecomputerMask7,0,6,0,1,6,7.000000,5,7
simple2.5.psdd,p2_g4_l20,GreedyRecomputerMask2,0,6,0,1,6,7.000000,5,7
simple2.5.psdd,p2_g4_l20,GreedyRecomputerMask4,0,6,0,1,6,7.000000,5,7
simple2.5.psdd,p2_g4_l20,GreedyBspHC,0,6,0,1,6,7.000000,5,7
instance_exp_N75_K60_nzP0d15,p2_g4_l20,GreedyRecomputerMask0,1212,116347,42560,64,73787,451.908333,146520,54229
instance_exp_N75_K60_nzP0d15,p2_g4_l20,GreedyRecomputerMask1,1863,115030,40704,64,74326,451.908333,146520,54229
instance_exp_N75_K60_nzP0d15,p2_g4_l20,GreedyRecomputerMask3,2792,114748,40080,62,74668,451.908333,146520,54229
instance_exp_N75_K60_nzP0d15,p2_g4_l20,GreedyRecomputerMask7,4116,114748,40080,62,74668,451.908333,146520,54229
instance_exp_N75_K60_nzP0d15,p2_g4_l20,GreedyRecomputerMask2,2472,115003,40504,62,74499,451.908333,146520,54229
instance_exp_N75_K60_nzP0d15,p2_g4_l20,GreedyRecomputerMask4,2271,116347,42560,64,73787,451.908333,146520,54229
instance_exp_N75_K60_nzP0d15,p2_g4_l20,GreedyBspHC,753,116407,42652,64,73755,451.908333,146520,54229
little_4var.psdd,p2_g4_l20,GreedyRecomputerMask0,0,11,0,1,11,6.000000,10,12
little_4var.psdd,p2_g4_l20,GreedyRecomputerMask1,0,11,0,1,11,6.000000,10,12
little_4var.psdd,p2_g4_l20,GreedyRecomputerMask3,0,11,0,1,11,6.000000,10,12
little_4var.psdd,p2_g4_l20,GreedyRecomputerMask7,0,11,0,1,11,6.000000,10,12
little_4var.psdd,p2_g4_l20,GreedyRecomputerMask2,0,11,0,1,11,6.000000,10,12
little_4var.psdd,p2_g4_l20,GreedyRecomputerMask4,0,11,0,1,11,6.000000,10,12
little_4var.psdd,p2_g4_l20,GreedyBspHC,0,11,0,1,11,6.000000,10,12
pdb1HYS,p2_g4_l20,GreedyRecomputerMask0,11721,1372869,32120,223,1340749,1.892480,2154174,36417
pdb1HYS,p2_g4_l20,GreedyRecomputerMask1,15375,1371219,30468,219,1340751,1.892480,2154174,36417
pdb1HYS,p2_g4_l20,GreedyRecomputerMask3,30844,1367643,26864,164,1340779,1.892480,2154174,36417
pdb1HYS,p2_g4_l20,GreedyRecomputerMask7,38354,1367271,26244,164,1341027,1.892480,2154174,36417
pdb1HYS,p2_g4_l20,GreedyRecomputerMask2,24912,1367593,26504,155,1341089,1.892480,2154174,36417
pdb1HYS,p2_g4_l20,GreedyRecomputerMask4,24568,1370459,29388,207,1341071,1.892480,2154174,36417
pdb1HYS,p2_g4_l20,GreedyBspHC,9179,1384991,44244,276,1340747,1.892480,2154174,36417
instance_kNN_N250_K15_nzP0d1,p2_g4_l20,GreedyRecomputerMask0,2433,215321,84812,16,130509,3155.566667,253986,94667
instance_kNN_N250_K15_nzP0d1,p2_g4_l20,GreedyRecomputerMask1,17127,205728,71820,16,133908,3155.566667,253986,94667
instance_kNN_N250_K15_nzP0d1,p2_g4_l20,GreedyRecomputerMask3,18880,203672,66556,13,137116,3155.566667,253986,94667
instance_kNN_N250_K15_nzP0d1,p2_g4_l20,GreedyRecomputerMask7,21392,203672,66556,13,137116,3155.566667,253986,94667
instance_kNN_N250_K15_nzP0d1,p2_g4_l20,GreedyRecomputerMask2,4890,205195,68628,13,136567,3155.566667,253986,94667
instance_kNN_N250_K15_nzP0d1,p2_g4_l20,GreedyRecomputerMask4,4560,215321,84812,16,130509,3155.566667,253986,94667
instance_kNN_N250_K15_nzP0d1,p2_g4_l20,GreedyBspHC,1488,215419,84940,16,130479,3155.566667,253986,94667
book.psdd,p2_g4_l20,GreedyRecomputerMask0,543,20030,8968,12,11062,567.128205,53647,22118
book.psdd,p2_g4_l20,GreedyRecomputerMask1,1271,18494,6920,12,11574,567.128205,53647,22118
book.psdd,p2_g4_l20,GreedyRecomputerMask3,1636,17550,3832,8,13718,567.128205,53647,22118
book.psdd,p2_g4_l20,GreedyRecomputerMask7,2043,17550,3832,8,13718,567.128205,53647,22118
book.psdd,p2_g4_l20,GreedyRecomputerMask2,933,17888,4248,8,13640,567.128205,53647,22118
book.psdd,p2_g4_l20,GreedyRecomputerMask4,1124,20018,8952,11,11066,567.128205,53647,22118
book.psdd,p2_g4_l20,GreedyBspHC,391,20046,8984,12,11062,567.128205,53647,22118
jester.psdd,p2_g4_l20,GreedyRecomputerMask0,413,16223,6704,11,9519,758.280000,48220,18957
jester.psdd,p2_g4_l20,GreedyRecomputerMask1,631,15719,6052,11,9667,758.280000,48220,18957
jester.psdd,p2_g4_l20,GreedyRecomputerMask3,954,15023,2060,7,12963,758.280000,48220,18957
jester.psdd,p2_g4_l20,GreedyRecomputerMask7,1275,15017,2060,7,12957,758.280000,48220,18957
jester.psdd,p2_g4_l20,GreedyRecomputerMask2,653,15208,2264,7,12944,758.280000,48220,18957
jester.psdd,p2_g4_l20,GreedyRecomputerMask4,546,16223,6704,11,9519,758.280000,48220,18957
jester.psdd,p2_g4_l20,GreedyBspHC,290,16223,6704,11,9519,758.280000,48220,18957
instance_exp_N80_K6_nzP0d15,p2_g4_l20,GreedyRecomputerMask0,171,15515,6656,8,8859,588.000000,16704,7056
instance_exp_N80_K6_nzP0d15,p2_g4_l20,GreedyRecomputerMask1,610,13793,4132,8,9661,588.000000,16704,7056
instance_exp_N80_K6_nzP0d15,p2_g4_l20,GreedyRecomputerMask3,696,13641,3904,6,9737,588.000000,16704,7056
instance_exp_N80_K6_nzP0d15,p2_g4_l20,GreedyRecomputerMask7,838,13641,3904,6,9737,588.000000,16704,7056
instance_exp_N80_K6_nzP0d15,p2_g4_l20,GreedyRecomputerMask2,310,13961,4268,6,9693,588.000000,16704,7056
instance_exp_N80_K6_nzP0d15,p2_g4_l20,GreedyRecomputerMask4,226,15515,6656,8,8859,588.000000,16704,7056
instance_exp_N80_K6_nzP0d15,p2_g4_l20,GreedyBspHC,114,15515,6656,8,8859,588.000000,16704,7056
simple2.4.psdd,p2_g4_l20,GreedyRecomputerMask0,0,6,0,1,6,7.000000,5,7
simple2.4.psdd,p2_g4_l20,GreedyRecomputerMask1,0,6,0,1,6,7.000000,5,7
simple2.4.psdd,p2_g4_l20,GreedyRecomputerMask3,0,6,0,1,6,7.000000,5,7
simple2.4.psdd,p2_g4_l20,GreedyRecomputerMask7,0,6,0,1,6,7.000000,5,7
simple2.4.psdd,p2_g4_l20,GreedyRecomputerMask2,0,6,0,1,6,7.000000,5,7
simple2.4.psdd,p2_g4_l20,GreedyRecomputerMask4,0,6,0,1,6,7.000000,5,7
simple2.4.psdd,p2_g4_l20,GreedyBspHC,0,6,0,1,6,7.000000,5,7
instance_kNN_N90_K8_nzP0d15,p2_g4_l20,GreedyRecomputerMask0,224,19866,8336,9,11530,569.250000,21717,9108
instance_kNN_N90_K8_nzP0d15,p2_g4_l20,GreedyRecomputerMask1,645,18056,5884,9,12172,569.250000,21717,9108
instance_kNN_N90_K8_nzP0d15,p2_g4_l20,GreedyRecomputerMask3,776,17868,5388,7,12480,569.250000,21717,9108
instance_kNN_N90_K8_nzP0d15,p2_g4_l20,GreedyRecomputerMask7,962,17868,5388,7,12480,569.250000,21717,9108
instance_kNN_N90_K8_nzP0d15,p2_g4_l20,GreedyRecomputerMask2,405,18310,4256,5,14054,569.250000,21717,9108
instance_kNN_N90_K8_nzP0d15,p2_g4_l20,GreedyRecomputerMask4,295,19866,8336,9,11530,569.250000,21717,9108
instance_kNN_N90_K8_nzP0d15,p2_g4_l20,GreedyBspHC,156,19866,8336,9,11530,569.250000,21717,9108
msnbc.psdd,p2_g4_l20,GreedyRecomputerMask0,359,14613,6304,6,8309,2046.625000,39056,16373
msnbc.psdd,p2_g4_l20,GreedyRecomputerMask1,697,13813,5236,6,8577,2046.625000,39056,16373
msnbc.psdd,p2_g4_l20,GreedyRecomputerMask3,867,12925,1460,2,11465,2046.625000,39056,16373
msnbc.psdd,p2_g4_l20,GreedyRecomputerMask7,1050,12925,1460,2,11465,2046.625000,39056,16373
msnbc.psdd,p2_g4_l20,GreedyRecomputerMask2,578,12959,1460,2,11499,2046.625000,39056,16373
msnbc.psdd,p2_g4_l20,GreedyRecomputerMask4,473,14613,6304,6,8309,2046.625000,39056,16373
msnbc.psdd,p2_g4_l20,GreedyBspHC,266,14613,6304,6,8309,2046.625000,39056,16373
instance_CG_N15_K7_nzP0d25,p2_g4_l20,GreedyRecomputerMask0,34,3265,1576,36,1689,18.216867,3116,1512
instance_CG_N15_K7_nzP0d25,p2_g4_l20,GreedyRecomputerMask1,37,3235,1536,36,1699,18.216867,3116,1512
instance_CG_N15_K7_nzP0d25,p2_g4_l20,GreedyRecomputerMask3,61,3047,1276,26,1771,18.216867,3116,1512
instance_CG_N15_K7_nzP0d25,p2_g4_l20,GreedyRecomputerMask7,86,3047,1276,26,1771,18.216867,3116,1512
instance_CG_N15_K7_nzP0d25,p2_g4_l20,GreedyRecomputerMask2,59,3066,1300,26,1766,18.216867,3116,1512
instance_CG_N15_K7_nzP0d25,p2_g4_l20,GreedyRecomputerMask4,54,3233,1544,34,1689,18.216867,3116,1512
instance_CG_N15_K7_nzP0d25,p2_g4_l20,GreedyBspHC,26,3318,1632,36,1686,18.216867,3116,1512
simple2.1.psdd,p2_g4_l20,GreedyRecomputerMask0,0,6,0,1,6,7.000000,5,7
simple2.1.psdd,p2_g4_l20,GreedyRecomputerMask1,0,6,0,1,6,7.000000,5,7
simple2.1.psdd,p2_g4_l20,GreedyRecomputerMask3,0,6,0,1,6,7.000000,5,7
simple2.1.psdd,p2_g4_l20,GreedyRecomputerMask7,0,6,0,1,6,7.000000,5,7
simple2.1.psdd,p2_g4_l20,GreedyRecomputerMask2,0,6,0,1,6,7.000000,5,7
simple2.1.psdd,p2_g4_l20,GreedyRecomputerMask4,0,6,0,1,6,7.000000,5,7
simple2.1.psdd,p2_g4_l20,GreedyBspHC,0,6,0,1,6,7.000000,5,7
Dubcova2,p2_g4_l20,GreedyRecomputerMask0,9236,266990,24992,40,241998,39.819351,482600,65025
Dubcova2,p2_g4_l20,GreedyRecomputerMask1,17882,259832,15460,39,244372,39.819351,482600,65025
Dubcova2,p2_g4_l20,GreedyRecomputerMask3,20892,259772,14844,34,244928,39.819351,482600,65025
Dubcova2,p2_g4_l20,GreedyRecomputerMask7,23440,259776,14860,34,244916,39.819351,482600,65025
Dubcova2,p2_g4_l20,GreedyRecomputerMask2,11522,262035,18576,34,243459,39.819351,482600,65025
Dubcova2,p2_g4_l20,GreedyRecomputerMask4,11325,266978,24972,39,242006,39.819351,482600,65025
Dubcova2,p2_g4_l20,GreedyBspHC,8066,267604,26148,50,241456,39.819351,482600,65025
instance_kNN_N30_K10_nzP0d15,p2_g4_l20,GreedyRecomputerMask0,36,3093,1248,11,1845,79.250000,3519,1585
instance_kNN_N30_K10_nzP0d15,p2_g4_l20,GreedyRecomputerMask1,43,2920,1008,11,1912,79.250000,3519,1585
instance_kNN_N30_K10_nzP0d15,p2_g4_l20,GreedyRecomputerMask3,67,2869,916,9,1953,79.250000,3519,1585
instance_kNN_N30_K10_nzP0d15,p2_g4_l20,GreedyRecomputerMask7,93,2869,916,9,1953,79.250000,3519,1585
instance_kNN_N30_K10_nzP0d15,p2_g4_l20,GreedyRecomputerMask2,61,2913,980,9,1933,79.250000,3519,1585
instance_kNN_N30_K10_nzP0d15,p2_g4_l20,GreedyRecomputerMask4,44,3093,1248,11,1845,79.250000,3519,1585
instance_kNN_N30_K10_nzP0d15,p2_g4_l20,GreedyBspHC,24,3105,1260,11,1845,79.250000,3519,1585
sts4098,p2_g4_l20,GreedyRecomputerMask0,108,19396,2216,25,17180,22.893855,34129,4098
sts4098,p2_g4_l20,GreedyRecomputerMask1,145,19352,2172,25,17180,22.893855,34129,4098
sts4098,p2_g4_l20,GreedyRecomputerMask3,237,19325,2124,23,17201,22.893855,34129,4098
sts4098,p2_g4_l20,GreedyRecomputerMask7,389,19325,2124,23,17201,22.893855,34129,4098
sts4098,p2_g4_l20,GreedyRecomputerMask2,231,19366,2156,23,17210,22.893855,34129,4098
sts4098,p2_g4_l20,GreedyRecomputerMask4,284,19393,2212,25,17181,22.893855,34129,4098
sts4098,p2_g4_l20,GreedyBspHC,62,19513,2388,27,17125,22.893855,34129,4098
instance_conjugate_gradient_gyro_m,p2_g4_l20,GreedyRecomputerMask0,648219,185757,123444,4979,62313,2.363321,70893,47023
instance_conjugate_gradient_gyro_m,p2_g4_l20,GreedyRecomputerMask1,648622,185757,123444,4979,62313,2.363321,70893,47023
instance_conjugate_gradient_gyro_m,p2_g4_l20,GreedyRecomputerMask3,655255,87183,0,1,87183,2.363321,70893,47023
instance_conjugate_gradient_gyro_m,p2_g4_l20,GreedyRecomputerMask7,655604,87183,0,1,87183,2.363321,70893,47023
instance_conjugate_gradient_gyro_m,p2_g4_l20,GreedyRecomputerMask2,655127,87183,0,1,87183,2.363321,70893,47023
instance_conjugate_gradient_gyro_m,p2_g4_l20,GreedyRecomputerMask4,650338,132072,66932,2486,65140,2.363321,70893,47023
instance_conjugate_gradient_gyro_m,p2_g4_l20,GreedyBspHC,647475,185757,123444,5973,62313,2.363321,70893,47023
instance_kNN_N30_K12_nzP0d15,p2_g4_l20,GreedyRecomputerMask0,47,3852,1540,13,2312,81.291667,4437,1951
instance_kNN_N30_K12_nzP0d15,p2_g4_l20,GreedyRecomputerMask1,54,3649,1268,13,2381,81.291667,4437,1951
instance_kNN_N30_K12_nzP0d15,p2_g4_l20,GreedyRecomputerMask3,82,3598,1172,11,2426,81.291667,4437,1951
instance_kNN_N30_K12_nzP0d15,p2_g4_l20,GreedyRecomputerMask7,115,3598,1172,11,2426,81.291667,4437,1951
instance_kNN_N30_K12_nzP0d15,p2_g4_l20,GreedyRecomputerMask2,75,3621,1084,10,2537,81.291667,4437,1951
instance_kNN_N30_K12_nzP0d15,p2_g4_l20,GreedyRecomputerMask4,70,3852,1540,13,2312,81.291667,4437,1951
instance_kNN_N30_K12_nzP0d15,p2_g4_l20,GreedyBspHC,29,3856,1544,13,2312,81.291667,4437,1951
bcsstk13,p2_g4_l20,GreedyRecomputerMask0,503,26317,3524,68,22793,3.477431,40940,2003
bcsstk13,p2_g4_l20,GreedyRecomputerMask1,542,26248,3444,67,22804,3.477431,40940,2003
bcsstk13,p2_g4_l20,GreedyRecomputerMask3,710,26060,3160,56,22900,3.477431,40940,2003
bcsstk13,p2_g4_l20,GreedyRecomputerMask7,891,26060,3160,56,22900,3.477431,40940,2003
bcsstk13,p2_g4_l20,GreedyRecomputerMask2,696,26058,3196,56,22862,3.477431,40940,2003
bcsstk13,p2_g4_l20,GreedyRecomputerMask4,668,26289,3496,67,22793,3.477431,40940,2003
bcsstk13,p2_g4_l20,GreedyBspHC,449,26874,4072,83,22802,3.477431,40940,2003
pumsb_star.psdd,p2_g4_l20,GreedyRecomputerMask0,981,36890,16820,12,20070,1429.785714,110115,40034
pumsb_star.psdd,p2_g4_l20,GreedyRecomputerMask1,3265,34309,13388,12,20921,1429.785714,110115,40034
pumsb_star.psdd,p2_g4_l20,GreedyRecomputerMask3,3970,32823,9328,9,23495,1429.785714,110115,40034
pumsb_star.psdd,p2_g4_l20,GreedyRecomputerMask7,4826,32810,9328,9,23482,1429.785714,110115,40034
pumsb_star.psdd,p2_g4_l20,GreedyRecomputerMask2,1787,33917,10620,9,23297,1429.785714,110115,40034
pumsb_star.psdd,p2_g4_l20,GreedyRecomputerMask4,1299,36890,16820,12,20070,1429.785714,110115,40034
pumsb_star.psdd,p2_g4_l20,GreedyBspHC,667,36890,16820,12,20070,1429.785714,110115,40034
m_t1,p2_g4_l20,GreedyRecomputerMask0,6978,2443581,28512,50,2415069,22.878781,4827996,97578
m_t1,p2_g4_l20,GreedyRecomputerMask1,8818,2443581,28512,50,2415069,22.878781,4827996,97578
m_t1,p2_g4_l20,GreedyRecomputerMask3,18802,2443581,28512,50,2415069,22.878781,4827996,97578
m_t1,p2_g4_l20,GreedyRecomputerMask7,31716,2443581,28512,50,2415069,22.878781,4827996,97578
m_t1,p2_g4_l20,GreedyRecomputerMask2,18596,2443581,28512,50,2415069,22.878781,4827996,97578
m_t1,p2_g4_l20,GreedyRecomputerMask4,21632,2443581,28512,50,2415069,22.878781,4827996,97578
m_t1,p2_g4_l20,GreedyBspHC,3192,2447573,32504,51,2415069,22.878781,4827996,97578
dna-500.psdd,p2_g4_l20,GreedyRecomputerMask0,3048,93275,6184,14,87091,2098.012048,552352,174135
dna-500.psdd,p2_g4_l20,GreedyRecomputerMask1,3678,92729,5456,14,87273,2098.012048,552352,174135
dna-500.psdd,p2_g4_l20,GreedyRecomputerMask3,5614,92668,5380,11,87288,2098.012048,552352,174135
dna-500.psdd,p2_g4_l20,GreedyRecomputerMask7,8478,92668,5380,11,87288,2098.012048,552352,174135
dna-500.psdd,p2_g4_l20,GreedyRecomputerMask2,5452,92891,5660,11,87231,2098.012048,552352,174135
dna-500.psdd,p2_g4_l20,GreedyRecomputerMask4,6364,93275,6184,14,87091,2098.012048,552352,174135
dna-500.psdd,p2_g4_l20,GreedyBspHC,1868,93685,6604,14,87081,2098.012048,552352,174135
instance_exp_N40_K5_nzP0d15,p2_g4_l20,GreedyRecomputerMask0,38,3317,1436,7,1881,163.200000,3480,1632
instance_exp_N40_K5_nzP0d15,p2_g4_l20,GreedyRecomputerMask1,58,2936,912,7,2024,163.200000,3480,1632
instance_exp_N40_K5_nzP0d15,p2_g4_l20,GreedyRecomputerMask3,81,2884,832,6,2052,163.200000,3480,1632
instance_exp_N40_K5_nzP0d15,p2_g4_l20,GreedyRecomputerMask7,108,2884,832,6,2052,163.200000,3480,1632
instance_exp_N40_K5_nzP0d15,p2_g4_l20,GreedyRecomputerMask2,64,2959,804,5,2155,163.200000,3480,1632
instance_exp_N40_K5_nzP0d15,p2_g4_l20,GreedyRecomputerMask4,62,3317,1436,7,1881,163.200000,3480,1632
instance_exp_N40_K5_nzP0d15,p2_g4_l20,GreedyBspHC,25,3320,1440,7,1880,163.200000,3480,1632
nltcs.10split.psdd,p2_g4_l20,GreedyRecomputerMask0,2,261,200,7,61,14.875000,192,119
nltcs.10split.psdd,p2_g4_l20,GreedyRecomputerMask1,3,237,168,7,69,14.875000,192,119
nltcs.10split.psdd,p2_g4_l20,GreedyRecomputerMask3,4,116,0,1,116,14.875000,192,119
nltcs.10split.psdd,p2_g4_l20,GreedyRecomputerMask7,5,116,0,1,116,14.875000,192,119
nltcs.10split.psdd,p2_g4_l20,GreedyRecomputerMask2,4,116,0,1,116,14.875000,192,119
nltcs.10split.psdd,p2_g4_l20,GreedyRecomputerMask4,6,218,152,5,66,14.875000,192,119
nltcs.10split.psdd,p2_g4_l20,GreedyBspHC,2,261,200,7,61,14.875000,192,119
nasa4704,p2_g4_l20,GreedyRecomputerMask0,205,30907,5640,59,25267,14.254545,50026,4704
nasa4704,p2_g4_l20,GreedyRecomputerMask1,239,30892,5648,59,25244,14.254545,50026,4704
nasa4704,p2_g4_l20,GreedyRecomputerMask3,341,30872,5628,58,25244,14.254545,50026,4704
nasa4704,p2_g4_l20,GreedyRecomputerMask7,476,30872,5628,58,25244,14.254545,50026,4704
nasa4704,p2_g4_l20,GreedyRecomputerMask2,326,30887,5620,58,25267,14.254545,50026,4704
nasa4704,p2_g4_l20,GreedyRecomputerMask4,360,30907,5640,59,25267,14.254545,50026,4704
nasa4704,p2_g4_l20,GreedyBspHC,125,31423,6188,60,25235,14.254545,50026,4704
thermal1,p2_g4_l20,GreedyRecomputerMask0,2298,146399,23416,10,122983,85.210309,245902,82654
thermal1,p2_g4_l20,GreedyRecomputerMask1,25848,131607,7060,10,124547,85.210309,245902,82654
thermal1,p2_g4_l20,GreedyRecomputerMask3,27084,131589,7032,9,124557,85.210309,245902,82654
thermal1,p2_g4_l20,GreedyRecomputerMask7,29015,131589,7032,9,124557,85.210309,245902,82654
thermal1,p2_g4_l20,GreedyRecomputerMask2,3989,138411,13776,8,124635,85.210309,245902,82654
thermal1,p2_g4_l20,GreedyRecomputerMask4,3927,146399,23416,10,122983,85.210309,245902,82654
thermal1,p2_g4_l20,GreedyBspHC,1695,146408,23428,10,122980,85.210309,245902,82654
cfd1,p2_g4_l20,GreedyRecomputerMask0,16830,497535,56336,276,441199,16.283936,878854,70656
cfd1,p2_g4_l20,GreedyRecomputerMask1,17838,497461,56496,276,440965,16.283936,878854,70656
cfd1,p2_g4_l20,GreedyRecomputerMask3,20580,497313,56256,265,441057,16.283936,878854,70656
cfd1,p2_g4_l20,GreedyRecomputerMask7,24568,497313,56256,265,441057,16.283936,878854,70656
cfd1,p2_g4_l20,GreedyRecomputerMask2,20383,497358,56012,263,441346,16.283936,878854,70656
cfd1,p2_g4_l20,GreedyRecomputerMask4,19883,497532,56308,275,441224,16.283936,878854,70656
cfd1,p2_g4_l20,GreedyBspHC,15508,508192,67444,282,440748,16.283936,878854,70656
instance_CG_N45_K13_nzP0d15,p2_g4_l20,GreedyRecomputerMask0,238,19372,7628,68,11744,63.135484,22088,9786
instance_CG_N45_K13_nzP0d15,p2_g4_l20,GreedyRecomputerMask1,319,18778,6640,68,12138,63.135484,22088,9786
instance_CG_N45_K13_nzP0d15,p2_g4_l20,GreedyRecomputerMask3,452,18484,6332,55,12152,63.135484,22088,9786
instance_CG_N45_K13_nzP0d15,p2_g4_l20,GreedyRecomputerMask7,640,18484,6332,55,12152,63.135484,22088,9786
instance_CG_N45_K13_nzP0d15,p2_g4_l20,GreedyRecomputerMask2,413,18723,6280,52,12443,63.135484,22088,9786
instance_CG_N45_K13_nzP0d15,p2_g4_l20,GreedyRecomputerMask4,387,19360,7616,67,11744,63.135484,22088,9786
instance_CG_N45_K13_nzP0d15,p2_g4_l20,GreedyBspHC,171,19581,7856,69,11725,63.135484,22088,9786
instance_kNN_N30_K8_nzP0d15,p2_g4_l20,GreedyRecomputerMask0,26,2404,1016,9,1388,76.187500,2601,1219
instance_kNN_N30_K8_nzP0d15,p2_g4_l20,GreedyRecomputerMask1,34,2220,768,9,1452,76.187500,2601,1219
instance_kNN_N30_K8_nzP0d15,p2_g4_l20,GreedyRecomputerMask3,51,2170,672,7,1498,76.187500,2601,1219
instance_kNN_N30_K8_nzP0d15,p2_g4_l20,GreedyRecomputerMask7,72,2170,672,7,1498,76.187500,2601,1219
instance_kNN_N30_K8_nzP0d15,p2_g4_l20,GreedyRecomputerMask2,47,2184,572,6,1612,76.187500,2601,1219
instance_kNN_N30_K8_nzP0d15,p2_g4_l20,GreedyRecomputerMask4,45,2404,1016,9,1388,76.187500,2601,1219
instance_kNN_N30_K8_nzP0d15,p2_g4_l20,GreedyBspHC,19,2410,1024,9,1386,76.187500,2601,1219
instance_spmv_N70_nzP0d19,p2_g4_l20,GreedyRecomputerMask0,45,2863,1044,3,1819,960.000000,2670,1920
instance_spmv_N70_nzP0d19,p2_g4_l20,GreedyRecomputerMask1,53,2764,912,3,1852,960.000000,2670,1920
instance_spmv_N70_nzP0d19,p2_g4_l20,GreedyRecomputerMask3,66,2501,0,1,2501,960.000000,2670,1920
instance_spmv_N70_nzP0d19,p2_g4_l20,GreedyRecomputerMask7,81,2501,0,1,2501,960.000000,2670,1920
instance_spmv_N70_nzP0d19,p2_g4_l20,GreedyRecomputerMask2,62,2501,0,1,2501,960.000000,2670,1920
instance_spmv_N70_nzP0d19,p2_g4_l20,GreedyRecomputerMask4,71,2863,1044,3,1819,960.000000,2670,1920
instance_spmv_N70_nzP0d19,p2_g4_l20,GreedyBspHC,35,2867,1048,3,1819,960.000000,2670,1920
nasa1824,p2_g4_l20,GreedyRecomputerMask0,53,11256,1800,33,9456,9.859459,18692,1824
nasa1824,p2_g4_l20,GreedyRecomputerMask1,65,11258,1820,33,9438,9.859459,18692,1824
nasa1824,p2_g4_l20,GreedyRecomputerMask3,100,11213,1732,30,9481,9.859459,18692,1824
nasa1824,p2_g4_l20,GreedyRecomputerMask7,146,11213,1732,30,9481,9.859459,18692,1824
nasa1824,p2_g4_l20,GreedyRecomputerMask2,93,11214,1716,30,9498,9.859459,18692,1824
nasa1824,p2_g4_l20,GreedyRecomputerMask4,110,11256,1800,33,9456,9.859459,18692,1824
nasa1824,p2_g4_l20,GreedyBspHC,31,11400,1972,34,9428,9.859459,18692,1824
kdd.psdd,p2_g4_l20,GreedyRecomputerMask0,722,28412,12304,9,16108,1601.050000,79972,32021
kdd.psdd,p2_g4_l20,GreedyRecomputerMask1,1999,27176,10656,9,16520,1601.050000,79972,32021
kdd.psdd,p2_g4_l20,GreedyRecomputerMask3,2702,25222,5956,7,19266,1601.050000,79972,32021
kdd.psdd,p2_g4_l20,GreedyRecomputerMask7,3347,25222,5956,7,19266,1601.050000,79972,32021
kdd.psdd,p2_g4_l20,GreedyRecomputerMask2,1346,25619,6412,7,19207,1601.050000,79972,32021
kdd.psdd,p2_g4_l20,GreedyRecomputerMask4,959,28412,12304,9,16108,1601.050000,79972,32021
kdd.psdd,p2_g4_l20,GreedyBspHC,502,28412,12304,9,16108,1601.050000,79972,32021
thermomech_TC,p2_g4_l20,GreedyRecomputerMask0,2618,215277,62920,5,152357,318.249221,304700,102158
thermomech_TC,p2_g4_l20,GreedyRecomputerMask1,284345,181006,21980,5,159026,318.249221,304700,102158
thermomech_TC,p2_g4_l20,GreedyRecomputerMask3,295310,180118,11864,3,168254,318.249221,304700,102158
thermomech_TC,p2_g4_l20,GreedyRecomputerMask7,298028,180119,11872,3,168247,318.249221,304700,102158
thermomech_TC,p2_g4_l20,GreedyRecomputerMask2,5199,185219,20900,3,164319,318.249221,304700,102158
thermomech_TC,p2_g4_l20,GreedyRecomputerMask4,3701,215277,62920,5,152357,318.249221,304700,102158
thermomech_TC,p2_g4_l20,GreedyBspHC,1551,215277,62920,5,152357,318.249221,304700,102158
instance_spmv_N120_nzP0d18,p2_g4_l20,GreedyRecomputerMask0,132,7908,2760,3,5148,2663.000000,7629,5326
instance_spmv_N120_nzP0d18,p2_g4_l20,GreedyRecomputerMask1,151,7708,2500,2,5208,2663.000000,7629,5326
instance_spmv_N120_nzP0d18,p2_g4_l20,GreedyRecomputerMask3,178,7068,0,1,7068,2663.000000,7629,5326
instance_spmv_N120_nzP0d18,p2_g4_l20,GreedyRecomputerMask7,219,7068,0,1,7068,2663.000000,7629,5326
instance_spmv_N120_nzP0d18,p2_g4_l20,GreedyRecomputerMask2,173,7068,0,1,7068,2663.000000,7629,5326
instance_spmv_N120_nzP0d18,p2_g4_l20,GreedyRecomputerMask4,161,7908,2760,3,5148,2663.000000,7629,5326
instance_spmv_N120_nzP0d18,p2_g4_l20,GreedyBspHC,99,7908,2760,3,5148,2663.000000,7629,5326
raefsky4,p2_g4_l20,GreedyRecomputerMask0,1038,335963,7952,28,328011,54.040984,654416,19779
raefsky4,p2_g4_l20,GreedyRecomputerMask1,1678,335955,8024,28,327931,54.040984,654416,19779
raefsky4,p2_g4_l20,GreedyRecomputerMask3,3062,335923,7992,27,327931,54.040984,654416,19779
raefsky4,p2_g4_l20,GreedyRecomputerMask7,5635,335923,7992,27,327931,54.040984,654416,19779
raefsky4,p2_g4_l20,GreedyRecomputerMask2,2868,335923,7912,27,328011,54.040984,654416,19779
raefsky4,p2_g4_l20,GreedyRecomputerMask4,4069,335955,7944,28,328011,54.040984,654416,19779
raefsky4,p2_g4_l20,GreedyBspHC,483,336108,8296,30,327812,54.040984,654416,19779
instance_exp_N60_K17_nzP0d13,p2_g4_l20,GreedyRecomputerMask0,209,18686,7004,19,11682,268.382353,22821,9125
instance_exp_N60_K17_nzP0d13,p2_g4_l20,GreedyRecomputerMask1,318,18015,6088,19,11927,268.382353,22821,9125
instance_exp_N60_K17_nzP0d13,p2_g4_l20,GreedyRecomputerMask3,447,17827,5688,17,12139,268.382353,22821,9125
instance_exp_N60_K17_nzP0d13,p2_g4_l20,GreedyRecomputerMask7,631,17827,5688,17,12139,268.382353,22821,9125
instance_exp_N60_K17_nzP0d13,p2_g4_l20,GreedyRecomputerMask2,382,17943,5860,17,12083,268.382353,22821,9125
instance_exp_N60_K17_nzP0d13,p2_g4_l20,GreedyRecomputerMask4,358,18686,7004,19,11682,268.382353,22821,9125
instance_exp_N60_K17_nzP0d13,p2_g4_l20,GreedyBspHC,140,18691,7012,19,11679,268.382353,22821,9125
instance_spmv_N65_nzP0d18,p2_g4_l20,GreedyRecomputerMask0,34,2379,872,3,1507,802.000000,2211,1604
instance_spmv_N65_nzP0d18,p2_g4_l20,GreedyRecomputerMask1,41,2277,736,3,1541,802.000000,2211,1604
instance_spmv_N65_nzP0d18,p2_g4_l20,GreedyRecomputerMask3,51,2058,0,1,2058,802.000000,2211,1604
instance_spmv_N65_nzP0d18,p2_g4_l20,GreedyRecomputerMask7,63,2058,0,1,2058,802.000000,2211,1604
instance_spmv_N65_nzP0d18,p2_g4_l20,GreedyRecomputerMask2,47,2058,0,1,2058,802.000000,2211,1604
instance_spmv_N65_nzP0d18,p2_g4_l20,GreedyRecomputerMask4,43,2379,872,3,1507,802.000000,2211,1604
instance_spmv_N65_nzP0d18,p2_g4_l20,GreedyBspHC,26,2379,872,3,1507,802.000000,2211,1604
instance_CG_N40_K10_nzP0d2,p2_g4_l20,GreedyRecomputerMask0,165,14990,6084,53,8906,61.638655,16632,7335
instance_CG_N40_K10_nzP0d2,p2_g4_l20,GreedyRecomputerMask1,250,14198,4732,53,9466,61.638655,16632,7335
instance_CG_N40_K10_nzP0d2,p2_g4_l20,GreedyRecomputerMask3,347,13464,4012,38,9452,61.638655,16632,7335
instance_CG_N40_K10_nzP0d2,p2_g4_l20,GreedyRecomputerMask7,490,13464,4012,38,9452,61.638655,16632,7335
instance_CG_N40_K10_nzP0d2,p2_g4_l20,GreedyRecomputerMask2,349,13917,3072,27,10845,61.638655,16632,7335
instance_CG_N40_K10_nzP0d2,p2_g4_l20,GreedyRecomputerMask4,344,14930,6024,50,8906,61.638655,16632,7335
instance_CG_N40_K10_nzP0d2,p2_g4_l20,GreedyBspHC,117,15158,6256,53,8902,61.638655,16632,7335
baudio.psdd,p2_g4_l20,GreedyRecomputerMask0,744,27606,10308,11,17298,1329.500000,94229,34567
baudio.psdd,p2_g4_l20,GreedyRecomputerMask1,1408,26715,9120,11,17595,1329.500000,94229,34567
baudio.psdd,p2_g4_l20,GreedyRecomputerMask3,1950,26052,6360,8,19692,1329.500000,94229,34567
baudio.psdd,p2_g4_l20,GreedyRecomputerMask7,2664,26052,6360,8,19692,1329.500000,94229,34567
baudio.psdd,p2_g4_l20,GreedyRecomputerMask2,1426,26252,6600,8,19652,1329.500000,94229,34567
baudio.psdd,p2_g4_l20,GreedyRecomputerMask4,1006,27606,10308,11,17298,1329.500000,94229,34567
baudio.psdd,p2_g4_l20,GreedyBspHC,509,27654,10356,11,17298,1329.500000,94229,34567
instance_exp_N100_K40_nzP0d2,p2_g4_l20,GreedyRecomputerMask0,2683,188551,71440,42,117111,1042.425000,232080,83394
instance_exp_N100_K40_nzP0d2,p2_g4_l20,GreedyRecomputerMask1,4452,185541,67320,42,118221,1042.425000,232080,83394
instance_exp_N100_K40_nzP0d2,p2_g4_l20,GreedyRecomputerMask3,6370,184620,65640,40,118980,1042.425000,232080,83394
instance_exp_N100_K40_nzP0d2,p2_g4_l20,GreedyRecomputerMask7,8588,184620,65640,40,118980,1042.425000,232080,83394
instance_exp_N100_K40_nzP0d2,p2_g4_l20,GreedyRecomputerMask2,4821,185302,66444,40,118858,1042.425000,232080,83394
instance_exp_N100_K40_nzP0d2,p2_g4_l20,GreedyRecomputerMask4,4450,188551,71440,42,117111,1042.425000,232080,83394
instance_exp_N100_K40_nzP0d2,p2_g4_l20,GreedyBspHC,1903,188592,71488,42,117104,1042.425000,232080,83394
ad.psdd,p2_g4_l20,GreedyRecomputerMask0,848,22006,10852,15,11154,464.104167,47345,22277
ad.psdd,p2_g4_l20,GreedyRecomputerMask1,3242,19342,7300,15,12042,464.104167,47345,22277
ad.psdd,p2_g4_l20,GreedyRecomputerMask3,3579,17608,2508,7,15100,464.104167,47345,22277
ad.psdd,p2_g4_l20,GreedyRecomputerMask7,3942,17608,2508,7,15100,464.104167,47345,22277
ad.psdd,p2_g4_l20,GreedyRecomputerMask2,1216,17908,2832,7,15076,464.104167,47345,22277
ad.psdd,p2_g4_l20,GreedyRecomputerMask4,1214,21986,10828,14,11158,464.104167,47345,22277
ad.psdd,p2_g4_l20,GreedyBspHC,699,22034,10880,15,11154,464.104167,47345,22277
1138_bus,p2_g4_l20,GreedyRecomputerMask0,17,1154,424,4,730,56.900000,1458,1138
1138_bus,p2_g4_l20,GreedyRecomputerMask1,26,944,200,4,744,56.900000,1458,1138
1138_bus,p2_g4_l20,GreedyRecomputerMask3,32,857,0,1,857,56.900000,1458,1138
1138_bus,p2_g4_l20,GreedyRecomputerMask7,42,857,0,1,857,56.900000,1458,1138
1138_bus,p2_g4_l20,GreedyRecomputerMask2,26,857,0,1,857,56.900000,1458,1138
1138_bus,p2_g4_l20,GreedyRecomputerMask4,23,1154,424,4,730,56.900000,1458,1138
1138_bus,p2_g4_l20,GreedyBspHC,13,1154,424,4,730,56.900000,1458,1138
instance_exp_N90_K7_nzP0d14,p2_g4_l20,GreedyRecomputerMask0,255,21094,8784,9,12310,688.000000,23394,9632
instance_exp_N90_K7_nzP0d14,p2_g4_l20,GreedyRecomputerMask1,926,18999,5728,9,13271,688.000000,23394,9632
instance_exp_N90_K7_nzP0d14,p2_g4_l20,GreedyRecomputerMask3,973,18907,5544,7,13363,688.000000,23394,9632
instance_exp_N90_K7_nzP0d14,p2_g4_l20,GreedyRecomputerMask7,1164,18907,5544,7,13363,688.000000,23394,9632
instance_exp_N90_K7_nzP0d14,p2_g4_l20,GreedyRecomputerMask2,442,19243,6004,7,13239,688.000000,23394,9632
instance_exp_N90_K7_nzP0d14,p2_g4_l20,GreedyRecomputerMask4,427,21094,8784,9,12310,688.000000,23394,9632
instance_exp_N90_K7_nzP0d14,p2_g4_l20,GreedyBspHC,176,21118,8808,9,12310,688.000000,23394,9632
bbc.psdd,p2_g4_l20,GreedyRecomputerMask0,588,23841,10812,10,13029,591.431818,54018,26023
bbc.psdd,p2_g4_l20,GreedyRecomputerMask1,2413,21021,7052,10,13969,591.431818,54018,26023
bbc.psdd,p2_g4_l20,GreedyRecomputerMask3,2814,20121,3280,7,16841,591.431818,54018,26023
bbc.psdd,p2_g4_l20,GreedyRecomputerMask7,3245,20121,3280,7,16841,591.431818,54018,26023
bbc.psdd,p2_g4_l20,GreedyRecomputerMask2,1034,20621,3924,7,16697,591.431818,54018,26023
bbc.psdd,p2_g4_l20,GreedyRecomputerMask4,775,23841,10812,10,13029,591.431818,54018,26023
bbc.psdd,p2_g4_l20,GreedyBspHC,423,23845,10816,10,13029,591.431818,54018,26023
Dubcova1,p2_g4_l20,GreedyRecomputerMask0,2190,66412,7008,40,59404,22.878014,118440,16129
Dubcova1,p2_g4_l20,GreedyRecomputerMask1,2823,64515,4484,38,60031,22.878014,118440,16129
Dubcova1,p2_g4_l20,GreedyRecomputerMask3,3265,64450,4164,33,60286,22.878014,118440,16129
Dubcova1,p2_g4_l20,GreedyRecomputerMask7,3987,64450,4164,33,60286,22.878014,118440,16129
Dubcova1,p2_g4_l20,GreedyRecomputerMask2,2663,65071,5204,33,59867,22.878014,118440,16129
Dubcova1,p2_g4_l20,GreedyRecomputerMask4,2631,66363,6944,38,59419,22.878014,118440,16129
Dubcova1,p2_g4_l20,GreedyBspHC,1951,66727,7364,59,59363,22.878014,118440,16129
instance_spmv_N130_nzP0d22,p2_g4_l20,GreedyRecomputerMask0,172,11140,3852,3,7288,3741.000000,10833,7482
instance_spmv_N130_nzP0d22,p2_g4_l20,GreedyRecomputerMask1,198,10925,3572,2,7353,3741.000000,10833,7482
instance_spmv_N130_nzP0d22,p2_g4_l20,GreedyRecomputerMask3,240,10016,0,1,10016,3741.000000,10833,7482
instance_spmv_N130_nzP0d22,p2_g4_l20,GreedyRecomputerMask7,298,10016,0,1,10016,3741.000000,10833,7482
instance_spmv_N130_nzP0d22,p2_g4_l20,GreedyRecomputerMask2,236,10016,0,1,10016,3741.000000,10833,7482
instance_spmv_N130_nzP0d22,p2_g4_l20,GreedyRecomputerMask4,216,11140,3852,3,7288,3741.000000,10833,7482
instance_spmv_N130_nzP0d22,p2_g4_l20,GreedyBspHC,127,11140,3852,3,7288,3741.000000,10833,7482
Andrews,p2_g4_l20,GreedyRecomputerMask0,3066,243420,68372,8,175048,1304.347826,350077,60000
Andrews,p2_g4_l20,GreedyRecomputerMask1,82471,225164,41260,8,183904,1304.347826,350077,60000
Andrews,p2_g4_l20,GreedyRecomputerMask3,89145,224375,39196,7,185179,1304.347826,350077,60000
Andrews,p2_g4_l20,GreedyRecomputerMask7,92112,224389,39224,7,185165,1304.347826,350077,60000
Andrews,p2_g4_l20,GreedyRecomputerMask2,5577,229217,35868,6,193349,1304.347826,350077,60000
Andrews,p2_g4_l20,GreedyRecomputerMask4,5216,243420,68372,8,175048,1304.347826,350077,60000
Andrews,p2_g4_l20,GreedyBspHC,1895,243424,68376,9,175048,1304.347826,350077,60000
msnbc-yitao-c.psdd,p2_g4_l20,GreedyRecomputerMask0,117,5371,2876,6,2495,997.800000,7164,4989
msnbc-yitao-c.psdd,p2_g4_l20,GreedyRecomputerMask1,413,4471,1676,6,2795,997.800000,7164,4989
msnbc-yitao-c.psdd,p2_g4_l20,GreedyRecomputerMask3,467,4181,364,4,3817,997.800000,7164,4989
msnbc-yitao-c.psdd,p2_g4_l20,GreedyRecomputerMask7,528,4181,364,4,3817,997.800000,7164,4989
msnbc-yitao-c.psdd,p2_g4_l20,GreedyRecomputerMask2,158,4195,372,4,3823,997.800000,7164,4989
msnbc-yitao-c.psdd,p2_g4_l20,GreedyRecomputerMask4,144,5371,2876,6,2495,997.800000,7164,4989
msnbc-yitao-c.psdd,p2_g4_l20,GreedyBspHC,86,5371,2876,6,2495,997.800000,7164,4989
bcsstk26,p2_g4_l20,GreedyRecomputerMask0,95,8559,1232,18,7327,11.791411,14207,1922
bcsstk26,p2_g4_l20,GreedyRecomputerMask1,124,8478,1100,18,7378,11.791411,14207,1922
bcsstk26,p2_g4_l20,GreedyRecomputerMask3,176,8428,972,13,7456,11.791411,14207,1922
bcsstk26,p2_g4_l20,GreedyRecomputerMask7,257,8428,972,13,7456,11.791411,14207,1922
bcsstk26,p2_g4_l20,GreedyRecomputerMask2,147,8509,1104,13,7405,11.791411,14207,1922
bcsstk26,p2_g4_l20,GreedyRecomputerMask4,143,8544,1204,17,7340,11.791411,14207,1922
bcsstk26,p2_g4_l20,GreedyBspHC,78,8606,1280,23,7326,11.791411,14207,1922
instance_CG_N120_K35_nzP0d11,p2_g4_l20,GreedyRecomputerMask0,2621,199571,74156,177,125415,230.751790,241842,96685
instance_CG_N120_K35_nzP0d11,p2_g4_l20,GreedyRecomputerMask1,6343,192318,61012,177,131306,230.751790,241842,96685
instance_CG_N120_K35_nzP0d11,p2_g4_l20,GreedyRecomputerMask3,8813,183928,26796,113,157132,230.751790,241842,96685
instance_CG_N120_K35_nzP0d11,p2_g4_l20,GreedyRecomputerMask7,11222,183928,26796,113,157132,230.751790,241842,96685
instance_CG_N120_K35_nzP0d11,p2_g4_l20,GreedyRecomputerMask2,5605,184654,27160,109,157494,230.751790,241842,96685
instance_CG_N120_K35_nzP0d11,p2_g4_l20,GreedyRecomputerMask4,4451,199495,74080,173,125415,230.751790,241842,96685
instance_CG_N120_K35_nzP0d11,p2_g4_l20,GreedyBspHC,1839,200939,75532,178,125407,230.751790,241842,96685
nasa2910,p2_g4_l20,GreedyRecomputerMask0,1371,49763,4124,35,45639,6.100629,85693,2910
nasa2910,p2_g4_l20,GreedyRecomputerMask1,1411,49672,4004,33,45668,6.100629,85693,2910
nasa2910,p2_g4_l20,GreedyRecomputerMask3,1640,49657,3980,32,45677,6.100629,85693,2910
nasa2910,p2_g4_l20,GreedyRecomputerMask7,1921,49657,3980,32,45677,6.100629,85693,2910
nasa2910,p2_g4_l20,GreedyRecomputerMask2,1618,49684,4032,31,45652,6.100629,85693,2910
nasa2910,p2_g4_l20,GreedyRecomputerMask4,1594,49763,4124,35,45639,6.100629,85693,2910
nasa2910,p2_g4_l20,GreedyBspHC,1254,50129,4512,64,45617,6.100629,85693,2910
gyro_m,p2_g4_l20,GreedyRecomputerMask0,2143,88055,6068,124,81987,18.647691,161535,17361
gyro_m,p2_g4_l20,GreedyRecomputerMask1,2248,88037,6064,124,81973,18.647691,161535,17361
gyro_m,p2_g4_l20,GreedyRecomputerMask3,2922,87402,5200,95,82202,18.647691,161535,17361
gyro_m,p2_g4_l20,GreedyRecomputerMask7,3909,87402,5200,95,82202,18.647691,161535,17361
gyro_m,p2_g4_l20,GreedyRecomputerMask2,2900,87416,5192,95,82224,18.647691,161535,17361
gyro_m,p2_g4_l20,GreedyRecomputerMask4,3328,87660,5556,108,82104,18.647691,161535,17361
gyro_m,p2_g4_l20,GreedyBspHC,1991,88598,6700,144,81898,18.647691,161535,17361
